i_id,运营公司id,共享单车编号,经度,纬度,获取时间
35950458,4312,10200326,108.9475388450198,34.25311246172861,2025-08-08 00:00:55
35952863,4312,10200326,108.94701718348456,34.25326547041203,2025-08-08 00:03:03
35955265,4312,10200326,108.94743780990346,34.253525255341444,2025-08-08 00:05:11
35957669,4312,10200326,108.94667445247129,34.25365332811455,2025-08-08 00:07:20
35960002,4312,10200326,108.94656421191524,34.25318654172622,2025-08-08 00:09:27
35962671,4312,10200326,108.94761043197872,34.253432083359044,2025-08-08 00:11:35
35964854,4312,10200326,108.94764334126604,34.254621587747856,2025-08-08 00:13:44
35967481,4312,10200326,108.9482534869637,34.25464461357035,2025-08-08 00:15:51
35969581,4312,10200326,108.94731364458168,34.25435107479022,2025-08-08 00:17:59
35972293,4312,10200326,108.94706087335392,34.25365370059356,2025-08-08 00:20:08
35976161,4312,10200326,108.94627436806992,34.25312392026422,2025-08-08 00:22:16
35977102,4312,10200326,108.9469284354525,34.252605507363285,2025-08-08 00:24:23
35979505,4312,10200326,108.94760309403615,34.25193059958451,2025-08-08 00:26:31
35981814,4312,10200326,108.94635311728103,34.25156679816883,2025-08-08 00:28:40
35985697,4312,10200326,108.94683401867611,34.25170959377864,2025-08-08 00:30:48
35986821,4312,10200326,108.94645893977636,34.251951817431554,2025-08-08 00:32:55
35990706,4312,10200326,108.94646838610542,34.25162744422932,2025-08-08 00:35:04
35991630,4312,10200326,108.94700772343413,34.25074107800991,2025-08-08 00:37:12
35994034,4312,10200326,108.9457860778424,34.25029031762729,2025-08-08 00:39:20
35996441,4312,10200326,108.94546236491406,34.251079949737345,2025-08-08 00:41:28
35998579,4312,10200326,108.9454902136056,34.250469723416664,2025-08-08 00:43:36
36001252,4312,10200326,108.94593669297024,34.25189623246027,2025-08-08 00:45:44
36005160,4312,10200326,108.94549359281596,34.25154942111545,2025-08-08 00:47:52
36006064,4312,10200326,108.94627512102642,34.251644480765925,2025-08-08 00:50:00
36008468,4312,10200326,108.94667020855444,34.25188830918792,2025-08-08 00:52:08
36011065,4312,10200326,108.9469219837534,34.25277848859873,2025-08-08 00:54:17
36013164,4312,10200326,108.94567944048966,34.25241581222955,2025-08-08 00:56:25
36015870,4312,10200326,108.94667240292128,34.25193821566759,2025-08-08 00:58:32
36019737,4312,10200326,108.94739844584797,34.251704954314995,2025-08-08 01:00:41
36020677,4312,10200326,108.94763202026304,34.251575419646514,2025-08-08 01:02:50
36023077,4312,10200326,108.94709858151194,34.252170142430614,2025-08-08 01:04:58
36025485,4312,10200326,108.94711513853184,34.253091571085385,2025-08-08 01:07:05
36027872,4312,10200326,108.9476629253716,34.25202903469906,2025-08-08 01:09:14
36030296,4312,10200326,108.9469972939432,34.25229679851555,2025-08-08 01:11:22
36032689,4312,10200326,108.94721222549592,34.2522975207795,2025-08-08 01:13:29
36035299,4312,10200326,108.94746987878828,34.25204386365984,2025-08-08 01:15:38
36037474,4312,10200326,108.9471771945515,34.251888413916525,2025-08-08 01:17:46
36040104,4312,10200326,108.94799962740076,34.25186053881792,2025-08-08 01:19:54
36042269,4312,10200326,108.94831837408414,34.25199696650592,2025-08-08 01:22:02
36044912,4312,10200326,108.94829017373772,34.25178361220297,2025-08-08 01:24:10
36047315,4312,10200326,108.9487959953463,34.252305480403166,2025-08-08 01:26:19
36049721,4312,10200326,108.94972969504444,34.252163631148775,2025-08-08 01:28:26
36052039,4312,10200326,108.9487225596089,34.251530686143184,2025-08-08 01:30:35
36054531,4312,10200326,108.94779880388413,34.250969089973445,2025-08-08 01:32:43
36058424,4312,10200326,108.94810453399268,34.251124924880195,2025-08-08 01:34:50
36059534,4312,10200326,108.94860722898312,34.25123621347902,2025-08-08 01:36:59
36061687,4312,10200326,108.94875161693018,34.25216613165428,2025-08-08 01:39:33
36064345,4312,10200326,108.94953962382569,34.25238378977386,2025-08-08 01:41:15
36066410,4312,10200326,108.94925751793107,34.25279503374073,2025-08-08 01:43:23
36069154,4312,10200326,108.94848390579942,34.25332175838502,2025-08-08 01:45:32
36071559,4312,10200326,108.9487705505656,34.253016622861026,2025-08-08 01:47:40
36073964,4312,10200326,108.94930471509409,34.253677030831746,2025-08-08 01:49:47
36076055,4312,10200326,108.94836202833488,34.25338200181858,2025-08-08 01:51:56
36078772,4312,10200326,108.94896132991414,34.25336878624057,2025-08-08 01:54:04
36081369,4312,10200326,108.94873267792576,34.25325681332902,2025-08-08 01:56:11
36083773,4312,10200326,108.94784930835544,34.25306189429827,2025-08-08 01:58:20
36085864,4312,10200326,108.94842873889992,34.2536885469398,2025-08-08 02:00:28
36088581,4312,10200326,108.94898559744024,34.25418639161594,2025-08-08 02:02:37
36092436,4312,10200326,108.94919281304186,34.25395537293068,2025-08-08 02:04:45
36093387,4312,10200326,108.94997674760889,34.254824635159764,2025-08-08 02:06:52
36095792,4312,10200326,108.9500384278848,34.25496828114385,2025-08-08 02:09:01
36098197,4312,10200326,108.94939821874878,34.25489882691403,2025-08-08 02:11:09
36100526,4312,10200326,108.94959667514908,34.2555942145145,2025-08-08 02:13:17
36103198,4312,10200326,108.94880601162328,34.25630750396355,2025-08-08 02:15:26
36107103,4312,10200326,108.9487604339328,34.25537988490608,2025-08-08 02:17:34
36108008,4312,10200326,108.95044253602217,34.25534801675129,2025-08-08 02:19:41
36111911,4312,10200326,108.95129316231726,34.25557567304997,2025-08-08 02:21:50
36112818,4312,10200326,108.95193234028636,34.25437857766279,2025-08-08 02:23:58
36116438,4312,10200326,108.95304518990152,34.253613711480554,2025-08-08 02:26:06
36117624,4312,10200326,108.95433621705648,34.25266049120995,2025-08-08 02:28:14
36120028,4312,10200326,108.9550609378814,34.25308156651752,2025-08-08 02:30:22
36122433,4312,10200326,108.95555429532574,34.25270691537843,2025-08-08 02:32:30
36124747,4312,10200326,108.95690091604196,34.251935467375674,2025-08-08 02:34:38
36127431,4312,10200326,108.95707864815314,34.252345278334786,2025-08-08 02:36:46
36131318,4312,10200326,108.95790681584911,34.252478159377816,2025-08-08 02:38:54
36132237,4312,10200326,108.9577925442004,34.25330292116021,2025-08-08 02:41:03
36134323,4312,10200326,108.95874226899824,34.252706841914964,2025-08-08 02:43:10
36137045,4312,10200326,108.95776148356607,34.252738360632726,2025-08-08 02:45:18
36140895,4312,10200326,108.95822300853769,34.25210258897261,2025-08-08 02:47:26
36141851,4312,10200326,108.95808918553676,34.2523449998264,2025-08-08 02:49:34
36144256,4312,10200326,108.95744521412271,34.25440574141282,2025-08-08 02:51:42
36146657,4312,10200326,108.95694478300211,34.25256295248056,2025-08-08 02:53:51
36149047,4312,10200326,108.95765853163128,34.25324901215522,2025-08-08 02:55:59
36151657,4312,10200326,108.95716798310042,34.25426708422754,2025-08-08 02:58:06
36154051,4312,10200326,108.95825254668462,34.25474187084662,2025-08-08 03:00:15
36156465,4312,10200326,108.95791613655932,34.2547527283423,2025-08-08 03:02:23
36158579,4312,10200326,108.95787519545377,34.255401421737965,2025-08-08 03:04:31
36161272,4312,10200326,108.95887188198606,34.25652122344709,2025-08-08 03:06:39
36165156,4312,10200326,108.9602205305473,34.25598160242668,2025-08-08 03:08:47
36166080,4312,10200326,108.9596673763047,34.255945799823984,2025-08-08 03:10:56
36168410,4312,10200326,108.96004698797412,34.25559657225496,2025-08-08 03:13:03
36170883,4312,10200326,108.9613592734913,34.25592925060748,2025-08-08 03:15:11
36173272,4312,10200326,108.96192463850906,34.25553971581638,2025-08-08 03:17:20
36175877,4312,10200326,108.9637855880158,34.25575596688607,2025-08-08 03:19:27
36178035,4312,10200326,108.96413848339752,34.25687979548341,2025-08-08 03:21:35
36180679,4312,10200326,108.96370303396154,34.25674480503585,2025-08-08 03:23:44
36182775,4312,10200326,108.96406497506312,34.257147883454664,2025-08-08 03:25:51
36185483,4312,10200326,108.96458827749156,34.25694119163586,2025-08-08 03:27:59
36189348,4312,10200326,108.96511778131703,34.2567269990893,2025-08-08 03:30:08
36190290,4312,10200326,108.96525322243342,34.25658433145403,2025-08-08 03:32:16
36192375,4312,10200326,108.96556949285552,34.25750504083713,2025-08-08 03:34:23
36195097,4312,10200326,108.96686384452578,34.25801754515532,2025-08-08 03:36:32
36197692,4312,10200326,108.96675741904969,34.258265433555586,2025-08-08 03:38:39
36200092,4312,10200326,108.96765986485372,34.25878122936933,2025-08-08 03:40:47
36202484,4312,10200326,108.96736278773902,34.25885249011824,2025-08-08 03:42:56
36204896,4312,10200326,108.96671077204972,34.258467732724924,2025-08-08 03:45:04
36207011,4312,10200326,108.96892936314416,34.25790850248091,2025-08-08 03:47:11
36209702,4312,10200326,108.9696344205106,34.25766637963852,2025-08-08 03:49:20
36213584,4312,10200326,108.96833623337731,34.25778662705508,2025-08-08 03:51:28
36214509,4312,10200326,108.96715988167593,34.25795057614467,2025-08-08 03:53:35
36216909,4312,10200326,108.96714407649594,34.257999576323336,2025-08-08 03:55:44
36219511,4312,10200326,108.96640014584077,34.258409383625484,2025-08-08 03:57:52
36221632,4312,10200326,108.9659877353461,34.25767670503863,2025-08-08 03:59:59
36224318,4312,10200326,108.96525564247531,34.25749584288777,2025-08-08 04:02:14
36228204,4312,10200326,108.96421939880462,34.25614525478367,2025-08-08 04:04:23
36229123,4312,10200326,108.96440156306996,34.25626350634224,2025-08-08 04:06:31
36231494,4312,10200326,108.96483340357898,34.25614485945755,2025-08-08 04:08:39
36233929,4312,10200326,108.96555095227524,34.256768723426674,2025-08-08 04:10:47
36236299,4312,10200326,108.96585664662696,34.25650151725058,2025-08-08 04:12:55
36238737,4312,10200326,108.96620633380752,34.25655682420804,2025-08-08 04:15:03
36240829,4312,10200326,108.96687114090888,34.25704625283036,2025-08-08 04:17:11
36243737,4312,10200326,108.9670297315742,34.256892858764296,2025-08-08 04:19:19
36247407,4312,10200326,108.96730227178335,34.25748190726161,2025-08-08 04:21:28
36248549,4312,10200326,108.96675298146,34.25840473966598,2025-08-08 04:23:35
36252412,4312,10200326,108.9667427665876,34.25854548674367,2025-08-08 04:25:43
36253355,4312,10200326,108.96659271875062,34.25685783326604,2025-08-08 04:27:52
36257222,4312,10200326,108.9667845563338,34.25672860409645,2025-08-08 04:29:59
36258159,4312,10200326,108.96630370227976,34.256348017807404,2025-08-08 04:32:08
36262021,4312,10200326,108.96710370855102,34.25691713418552,2025-08-08 04:34:16
36262964,4312,10200326,108.96597045832031,34.257299780996846,2025-08-08 04:36:23
36265368,4312,10200326,108.96485665696098,34.256517132121914,2025-08-08 04:38:32
36267964,4312,10200326,108.9654278179792,34.25651552658176,2025-08-08 04:40:40
36270104,4312,10200326,108.96548722382958,34.256871832078524,2025-08-08 04:42:49
36272769,4312,10200326,108.96483312382296,34.25709588475494,2025-08-08 04:44:56
36275137,4312,10200326,108.9649432397258,34.257344977868264,2025-08-08 04:47:04
36277572,4312,10200326,108.96457102574604,34.25751317223227,2025-08-08 04:49:13
36279954,4312,10200326,108.96391325841918,34.25782057343431,2025-08-08 04:51:20
36282381,4312,10200326,108.96481795003368,34.25754012274912,2025-08-08 04:53:28
36284487,4312,10200326,108.9640308552953,34.25731572167472,2025-08-08 04:55:37
36287191,4312,10200326,108.96533000706329,34.25676701379779,2025-08-08 04:57:45
36291062,4312,10200326,108.96537477755038,34.256764851295685,2025-08-08 04:59:53
36292191,4312,10200326,108.96431216746151,34.257846249728225,2025-08-08 05:02:01
36296080,4312,10200326,108.96539652505074,34.257205118602194,2025-08-08 05:04:10
36296999,4312,10200326,108.96647457981578,34.258184233513745,2025-08-08 05:06:17
36299404,4312,10200326,108.96719561551632,34.25882223454135,2025-08-08 05:08:25
36301808,4312,10200326,108.96668986208616,34.25965305188398,2025-08-08 05:10:33
36304185,4312,10200326,108.96722781158408,34.25918053169286,2025-08-08 05:12:41
36306610,4312,10200326,108.96839540012158,34.258494117900334,2025-08-08 05:14:49
36308964,4312,10200326,108.9685906449679,34.25862171222394,2025-08-08 05:16:58
36311416,4312,10200326,108.96944756617576,34.258950222610004,2025-08-08 05:19:06
36313790,4312,10200326,108.96822918800387,34.25829643814054,2025-08-08 05:21:14
36316414,4312,10200326,108.96767822336044,34.258496974117946,2025-08-08 05:23:22
36318534,4312,10200326,108.967048166374,34.257894305312035,2025-08-08 05:25:30
36321226,4312,10200326,108.9660548896132,34.25722258594946,2025-08-08 05:27:38
36325116,4312,10200326,108.96524418166295,34.25772977478953,2025-08-08 05:29:46
36326040,4312,10200326,108.96581662950224,34.25720460665994,2025-08-08 05:31:54
36328424,4312,10200326,108.96700813424258,34.25691264820071,2025-08-08 05:34:02
36330852,4312,10200326,108.96753394963754,34.25642832642237,2025-08-08 05:36:10
36332957,4312,10200326,108.96729818005744,34.25781423217749,2025-08-08 05:38:19
36335661,4312,10200326,108.96690635729377,34.257858891600776,2025-08-08 05:40:26
36339537,4312,10200326,108.96560916251958,34.25807949040626,2025-08-08 05:42:34
36340669,4312,10200326,108.9678317007643,34.258165822876805,2025-08-08 05:44:43
36343074,4312,10200326,108.9679089195477,34.25948897141328,2025-08-08 05:46:50
36345480,4312,10200326,108.96795243146438,34.258880531313345,2025-08-08 05:48:59
36347885,4312,10200326,108.9668456846819,34.25870763039033,2025-08-08 05:51:07
36350292,4312,10200326,108.96764664732476,34.25788090919891,2025-08-08 05:53:14
36352420,4312,10200326,108.96794798354723,34.2584099542297,2025-08-08 05:55:23
36355103,4312,10200326,108.96833534144848,34.25841909517413,2025-08-08 05:57:32
36358997,4312,10200326,108.96914974182918,34.258810754951824,2025-08-08 05:59:40
36360105,4312,10200326,108.9690388100096,34.258555765330925,2025-08-08 06:01:48
36364000,4312,10200326,108.9683015922066,34.257387908166336,2025-08-08 06:03:56
36364915,4312,10200326,108.96832358997474,34.25670764879168,2025-08-08 06:06:04
36368818,4312,10200326,108.96956737079516,34.256329136680165,2025-08-08 06:08:12
36369723,4312,10200326,108.96900984788648,34.257617635217336,2025-08-08 06:10:20
36371863,4312,10200326,108.96846235439962,34.257166289257846,2025-08-08 06:12:29
36374531,4312,10200326,108.96726012193868,34.25682748325735,2025-08-08 06:14:36
36376875,4312,10200326,108.96740395025348,34.25684513891685,2025-08-08 06:16:44
36379340,4312,10200326,108.9681478248917,34.25709048058766,2025-08-08 06:18:53
36381722,4312,10200326,108.96795807057168,34.2558763935769,2025-08-08 06:21:01
36384343,4312,10200326,108.96900002710508,34.25441778745085,2025-08-08 06:23:08
36386448,4312,10200326,108.9691383552648,34.25393261342075,2025-08-08 06:25:17
36389151,4312,10200326,108.9688862225034,34.253506775607946,2025-08-08 06:27:25
36393019,4312,10200326,108.96874190761018,34.253423398201086,2025-08-08 06:29:33
36393955,4312,10200326,108.96766948962434,34.25386533003492,2025-08-08 06:31:41
36396008,4312,10200326,108.9697916288356,34.25387111299099,2025-08-08 06:33:50
36398762,4312,10200326,108.9698712481479,34.2533899982384,2025-08-08 06:35:57
36402582,4312,10200326,108.9699456788549,34.25250587647464,2025-08-08 06:38:06
36403570,4312,10200326,108.9691782027236,34.2534984171562,2025-08-08 06:40:15
36406167,4312,10200326,108.96945196986708,34.2534498774109,2025-08-08 06:42:23
36408572,4312,10200326,108.9688692406686,34.25363602616739,2025-08-08 06:44:31
36410685,4312,10200326,108.96817476449417,34.25371463574005,2025-08-08 06:46:39
36413382,4312,10200326,108.96800425151434,34.253636211927706,2025-08-08 06:48:47
36417261,4312,10200326,108.9679597940611,34.253370273678755,2025-08-08 06:50:56
36418192,4312,10200326,108.96758704701598,34.25370916801081,2025-08-08 06:53:03
36420279,4312,10200326,108.96859891198524,34.25457576021885,2025-08-08 06:55:11
36423000,4312,10200326,108.96728504864656,34.25461237212306,2025-08-08 06:57:20
36425403,4312,10200326,108.96815851229584,34.25489935214562,2025-08-08 06:59:28
36427807,4312,10200326,108.96993304236722,34.25437754045274,2025-08-08 07:01:35
36430196,4312,10200326,108.96916823549095,34.25493008663115,2025-08-08 07:03:44
36432805,4312,10200326,108.969150980516,34.25473255335348,2025-08-08 07:05:52
36434921,4312,10200326,108.96991055741374,34.25443164220796,2025-08-08 07:07:59
36437616,4312,10200326,108.97015442533224,34.2552987792775,2025-08-08 07:10:08
36441497,4312,10200326,108.97016706277569,34.25345034711744,2025-08-08 07:12:16
36442425,4312,10200326,108.96901669623531,34.253722034639665,2025-08-08 07:14:24
36444832,4312,10200326,108.9701639337865,34.25392590534582,2025-08-08 07:16:32
36447235,4312,10200326,108.97032959819822,34.25396903703339,2025-08-08 07:18:40
36451126,4312,10200326,108.96881676370457,34.254194144916205,2025-08-08 07:20:48
36452042,4312,10200326,108.96864965390762,34.25342108065938,2025-08-08 07:22:56
36454345,4312,10200326,108.96918162391752,34.25284096240212,2025-08-08 07:25:04
36457044,4312,10200326,108.9700455644909,34.25356377351708,2025-08-08 07:27:13
36460921,4312,10200326,108.97043813043894,34.2534230471468,2025-08-08 07:29:20
36461853,4312,10200326,108.97044037095604,34.25345347211891,2025-08-08 07:31:28
36465707,4312,10200326,108.9717084031284,34.253758625868166,2025-08-08 07:33:36
36466664,4312,10200326,108.97212159582642,34.25436006027781,2025-08-08 07:35:45
36468794,4312,10200326,108.97242578541736,34.25497865017959,2025-08-08 07:37:53
36471476,4312,10200326,108.97279765901013,34.25543596208151,2025-08-08 07:40:00
36473879,4312,10200326,108.97363747326315,34.2554824541058,2025-08-08 07:42:09
36476477,4312,10200326,108.9741316212193,34.25411003720284,2025-08-08 07:44:17
36478659,4312,10200326,108.97356106856296,34.254259570722944,2025-08-08 07:46:25
36481287,4312,10200326,108.97309839336395,34.25392914237403,2025-08-08 07:48:33
36483409,4312,10200326,108.9743553840791,34.25440818958039,2025-08-08 07:50:41
36486098,4312,10200326,108.972976164231,34.25449618243356,2025-08-08 07:52:50
36489988,4312,10200326,108.9739803956329,34.25467242840924,2025-08-08 07:54:57
36490909,4312,10200326,108.97385167370707,34.25462865625456,2025-08-08 07:57:06
36493038,4312,10200326,108.97520375379852,34.254272924236325,2025-08-08 07:59:14
36495716,4312,10200326,108.97501956221964,34.25535315280472,2025-08-08 08:01:22
36499612,4312,10200326,108.97532329591336,34.2547227990414,2025-08-08 08:03:30
36500716,4312,10200326,108.97544985209684,34.25486767021547,2025-08-08 08:05:38
36504382,4312,10200326,108.97529334485476,34.255832264773204,2025-08-08 08:07:47
36505524,4312,10200326,108.97632553977373,34.25640158293015,2025-08-08 08:09:54
36509394,4312,10200326,108.97568837990804,34.25708973945043,2025-08-08 08:12:03
36510332,4312,10200326,108.97599072646337,34.256751191780495,2025-08-08 08:14:11
36514201,4312,10200326,108.97574658655252,34.2563523758186,2025-08-08 08:16:19
36515140,4312,10200326,108.97508077053838,34.25706565022467,2025-08-08 08:18:27
36517468,4312,10200326,108.97387744683766,34.257468541876534,2025-08-08 08:20:35
36519950,4312,10200326,108.97314279320234,34.25778647526735,2025-08-08 08:22:43
36524050,4312,10200326,108.97322343469833,34.2586288214531,2025-08-08 08:24:52
36524956,4312,10200326,108.9734930445192,34.25774897696932,2025-08-08 08:27:00
36528579,4312,10200326,108.97365927047288,34.25699496161567,2025-08-08 08:29:08
36529762,4312,10200326,108.973904664112,34.25762943729664,2025-08-08 08:31:16
36532165,4312,10200326,108.97437614737278,34.25746519127161,2025-08-08 08:33:24
36534569,4312,10200326,108.97421179302744,34.256746708306075,2025-08-08 08:35:32
36536961,4312,10200326,108.97500755839248,34.2565556887785,2025-08-08 08:37:40
36539374,4312,10200326,108.97561140488048,34.25799937691013,2025-08-08 08:39:49
36541765,4312,10200326,108.97706244400028,34.258562942455164,2025-08-08 08:41:57
36544180,4312,10200326,108.97908306971084,34.258301785378805,2025-08-08 08:44:05
36546563,4312,10200326,108.97981884263118,34.25799041470835,2025-08-08 08:46:13
36549179,4312,10200326,108.9798342054372,34.258297124285285,2025-08-08 08:48:22
36551285,4312,10200326,108.97986871037357,34.25826217191352,2025-08-08 08:50:30
36553986,4312,10200326,108.98000060933865,34.25823483202097,2025-08-08 08:52:42
36557854,4312,10200326,108.97951690695304,34.25656536157954,2025-08-08 08:54:50
36558792,4312,10200326,108.97929206056374,34.25664972112714,2025-08-08 08:57:02
36561194,4312,10200326,108.97849615821654,34.2556077342545,2025-08-08 08:59:11
36563598,4312,10200326,108.97890571716016,34.25541420854928,2025-08-08 09:01:22
36567494,4312,10200326,108.98024408701151,34.254753256170275,2025-08-08 09:03:39
36568402,4312,10200326,108.98018457744703,34.25335214526591,2025-08-08 09:05:48
36570999,4312,10200326,108.9799998919778,34.25452112440605,2025-08-08 09:07:55
36573402,4312,10200326,108.980321574719,34.254708402411964,2025-08-08 09:10:07
36575782,4312,10200326,108.9811372153089,34.25494959589475,2025-08-08 09:12:15
36578209,4312,10200326,108.98116998776209,34.25507615548162,2025-08-08 09:14:24
36580318,4312,10200326,108.9807851376932,34.254752092811,2025-08-08 09:16:35
36583019,4312,10200326,108.980504968389,34.25481003427663,2025-08-08 09:18:43
36586896,4312,10200326,108.98023079340904,34.254493260993854,2025-08-08 09:20:51
36587830,4312,10200326,108.98110483827776,34.25405678738207,2025-08-08 09:25:10
36591712,4312,10200326,108.97988645655522,34.25339285087704,2025-08-08 09:27:19
36592638,4312,10200326,108.98053787282348,34.253376442757265,2025-08-08 09:29:27
36594977,4312,10200326,108.9826758951972,34.25356345588829,2025-08-08 09:33:46
36597638,4312,10200326,108.98309233141772,34.253250148668684,2025-08-08 09:35:56
36600009,4312,10200326,108.9839694490054,34.25422787743166,2025-08-08 09:38:04
36602445,4312,10200326,108.98342971102694,34.25407100983878,2025-08-08 09:40:13
36604573,4312,10200326,108.983963162239,34.2545070463436,2025-08-08 09:42:20
36607250,4312,10200326,108.98317538968791,34.25450340231528,2025-08-08 09:44:30
36611142,4312,10200326,108.98229541064136,34.255425182409915,2025-08-08 09:46:48
36612055,4312,10200326,108.9813924521114,34.25569081901049,2025-08-08 09:48:56
36614392,4312,10200326,108.98106925386736,34.256297282741485,2025-08-08 09:51:07
36617055,4312,10200326,108.97993350065084,34.25677930316836,2025-08-08 09:53:22
36619447,4312,10200326,108.97802209153257,34.25775314204593,2025-08-08 09:55:30
36621859,4312,10200326,108.97898033411973,34.25847475380695,2025-08-08 09:57:42
36624242,4312,10200326,108.97986881062975,34.25892725049898,2025-08-08 09:59:50
36626665,4312,10200326,108.9789878310532,34.25932964265873,2025-08-08 10:01:59
36628810,4312,10200326,108.97929997491536,34.259393717565025,2025-08-08 10:06:21
36631473,4312,10200326,108.98001289503034,34.25975790635247,2025-08-08 10:08:30
36633552,4312,10200326,108.98023280893688,34.25927745829928,2025-08-08 10:10:38
36636279,4312,10200326,108.97929226286898,34.25817923766692,2025-08-08 10:12:46
36640125,4312,10200326,108.98048368752336,34.25889046557759,2025-08-08 10:14:55
36641279,4312,10200326,108.97955941946466,34.25889140701328,2025-08-08 10:17:06
36643685,4312,10200326,108.97966898335817,34.259368285654595,2025-08-08 10:19:15
36646091,4312,10200326,108.98088468413684,34.2601237510758,2025-08-08 10:21:23
36648214,4312,10200326,108.98164279589716,34.25989122523186,2025-08-08 10:23:34
36650897,4312,10200326,108.98267099572848,34.260109573998164,2025-08-08 10:25:43
36654787,4312,10200326,108.98213251633835,34.258813824342106,2025-08-08 10:27:54
36655704,4312,10200326,108.98158046113372,34.25890827955337,2025-08-08 10:30:02
36658079,4312,10200326,108.9811225224057,34.25820170756682,2025-08-08 10:32:14
36660507,4312,10200326,108.9815285128536,34.258621065149086,2025-08-08 10:34:21
36662849,4312,10200326,108.98152922330554,34.25786371892006,2025-08-08 10:36:31
36665507,4312,10200326,108.98220787180918,34.25720600819075,2025-08-08 10:38:40
36667671,4312,10200326,108.9829489457597,34.257096988183925,2025-08-08 10:40:49
36670312,4312,10200326,108.98284003010671,34.257969047127354,2025-08-08 10:42:59
36672474,4312,10200326,108.98294452195351,34.257535880260164,2025-08-08 10:45:08
36675117,4312,10200326,108.98213958045274,34.25734197499928,2025-08-08 10:47:24
36677222,4312,10200326,108.98159566262116,34.25774192112124,2025-08-08 10:49:32
36679925,4312,10200326,108.98124883512656,34.25765811324357,2025-08-08 10:51:40
36683796,4312,10200326,108.98168741220572,34.25779646606725,2025-08-08 10:53:49
36684733,4312,10200326,108.98283027787464,34.25806349958266,2025-08-08 10:55:59
36687327,4312,10200326,108.98355848068644,34.257745165364604,2025-08-08 10:58:07
36689729,4312,10200326,108.98201157859434,34.25810892589583,2025-08-08 11:00:19
36692118,4312,10200326,108.9822315524573,34.257987556966256,2025-08-08 11:02:30
36694535,4312,10200326,108.980809763328,34.258076735417724,2025-08-08 11:04:39
36696695,4312,10200326,108.98144941989118,34.25672669971164,2025-08-08 11:06:49
36699343,4312,10200326,108.98068831488771,34.25631611846957,2025-08-08 11:08:58
36701419,4312,10200326,108.97995291519123,34.25576897478477,2025-08-08 11:11:09
36704152,4312,10200326,108.97940948449364,34.25518429996771,2025-08-08 11:13:17
36707996,4312,10200326,108.97867563623852,34.25373280099839,2025-08-08 11:15:26
36708960,4312,10200326,108.97739576490532,34.25255633238699,2025-08-08 11:17:36
36712786,4312,10200326,108.97781500945992,34.253422800692576,2025-08-08 11:19:45
36713958,4312,10200326,108.97628216630048,34.25342235206295,2025-08-08 11:21:53
36716362,4312,10200326,108.97732296138196,34.25311442872172,2025-08-08 11:24:05
36718763,4312,10200326,108.97678268752811,34.25309721329694,2025-08-08 11:26:13
36721143,4312,10200326,108.97840592402366,34.25249231312113,2025-08-08 11:28:21
36723570,4312,10200326,108.97817454855826,34.252278885078816,2025-08-08 11:30:30
36725672,4312,10200326,108.98102934945452,34.25259094703852,2025-08-08 11:32:39
36728378,4312,10200326,108.98471540533993,34.253135638898456,2025-08-08 11:34:46
36730784,4312,10200326,108.98271800714046,34.25285972138853,2025-08-08 11:36:55
36733379,4312,10200326,108.98227509183944,34.25366601734361,2025-08-08 11:39:04
36735576,4312,10200326,108.98325258243663,34.25447092588008,2025-08-08 11:41:11
36738186,4312,10200326,108.9847961779567,34.25357065592077,2025-08-08 11:43:19
36740335,4312,10200326,108.98414382356091,34.25389801870799,2025-08-08 11:45:28
36742990,4312,10200326,108.98417207723958,34.25347664695821,2025-08-08 11:47:36
36745053,4312,10200326,108.98471114554042,34.25380813165884,2025-08-08 11:49:45
36747799,4312,10200326,108.98470769305877,34.25383532759786,2025-08-08 11:51:53
36750202,4312,10200326,108.98462982201052,34.25376024063012,2025-08-08 11:54:01
36752607,4312,10200326,108.98418177509144,34.25435432380425,2025-08-08 11:56:09
36754993,4312,10200326,108.98403714913955,34.25407565786466,2025-08-08 11:58:17
36757611,4312,10200326,108.98307808325046,34.254440210820945,2025-08-08 12:00:26
36759762,4312,10200326,108.98233126948442,34.256148317754715,2025-08-08 12:02:33
36762420,4312,10200326,108.98310303681195,34.25672997981577,2025-08-08 12:04:41
36764542,4312,10200326,108.98177569945572,34.256635771183724,2025-08-08 12:06:50
36767227,4312,10200326,108.98226664715035,34.25723124547891,2025-08-08 12:08:59
36771111,4312,10200326,108.98230419170322,34.25740486040349,2025-08-08 12:11:06
36772031,4312,10200326,108.98110165885804,34.2569635815767,2025-08-08 12:13:14
36774358,4312,10200326,108.97906948388338,34.25690065266528,2025-08-08 12:15:22
36776833,4312,10200326,108.98039975609724,34.25667443049109,2025-08-08 12:17:30
36780926,4312,10200326,108.98158760389067,34.256548859076425,2025-08-08 12:19:39
36781832,4312,10200326,108.98238576618624,34.25654811804344,2025-08-08 12:21:46
36785494,4312,10200326,108.9823721463982,34.257520580292066,2025-08-08 12:23:54
36786641,4312,10200326,108.9822524872024,34.25672177520837,2025-08-08 12:26:03
36789046,4312,10200326,108.98284738998258,34.256181191311136,2025-08-08 12:28:11
36791449,4312,10200326,108.98342950712744,34.256046378253025,2025-08-08 12:30:18
36793819,4312,10200326,108.9834936655924,34.25637341641723,2025-08-08 12:32:27
36796253,4312,10200326,108.9823730985932,34.257006120912706,2025-08-08 12:34:35
36798653,4312,10200326,108.98065938807876,34.25660783394482,2025-08-08 12:36:43
36801057,4312,10200326,108.98015585790236,34.256386163529456,2025-08-08 12:38:52
36803373,4312,10200326,108.98006160889436,34.25616079555711,2025-08-08 12:40:59
36806055,4312,10200326,108.9802917870569,34.256170264412866,2025-08-08 12:43:07
36809945,4312,10200326,108.9808709111561,34.256208199889464,2025-08-08 12:45:16
36810861,4312,10200326,108.98170417304796,34.256115244209454,2025-08-08 12:47:24
36812939,4312,10200326,108.98217298872974,34.25624401904263,2025-08-08 12:49:32
36815669,4312,10200326,108.98271575326456,34.25656560677203,2025-08-08 12:51:40
36818071,4312,10200326,108.98325992762318,34.25592993682393,2025-08-08 12:53:48
36820475,4312,10200326,108.9837212059837,34.255545029380336,2025-08-08 12:55:56
36822824,4312,10200326,108.9836732334705,34.256393197613136,2025-08-08 12:58:04
36825281,4312,10200326,108.9829820172584,34.25600229999055,2025-08-08 13:00:12
36827350,4312,10200326,108.981196692008,34.25596103614691,2025-08-08 13:02:20
36830278,4312,10200326,108.98081979474966,34.257485861828435,2025-08-08 13:04:29
36833919,4312,10200326,108.98076882187314,34.25754357740175,2025-08-08 13:06:38
36835080,4312,10200326,108.9808449299777,34.25823708945171,2025-08-08 13:08:46
36837480,4312,10200326,108.980478933996,34.258240481361874,2025-08-08 13:10:54
36839879,4312,10200326,108.97915333201762,34.25869710639236,2025-08-08 13:13:02
36842274,4312,10200326,108.98036025250649,34.25870155475496,2025-08-08 13:15:10
36844685,4312,10200326,108.98069747926831,34.25845603276188,2025-08-08 13:17:18
36846996,4312,10200326,108.98089915380602,34.25895525799739,2025-08-08 13:19:26
36849491,4312,10200326,108.9802181365133,34.25966271877808,2025-08-08 13:21:34
36853376,4312,10200326,108.98177554849792,34.25909790851476,2025-08-08 13:23:42
36854492,4312,10200326,108.9799857787601,34.258527464616066,2025-08-08 13:25:51
36858375,4312,10200326,108.97901449553184,34.25945826593336,2025-08-08 13:27:58
36859295,4312,10200326,108.97962078889942,34.25947953557704,2025-08-08 13:30:06
36862904,4312,10200326,108.98091568505949,34.258759003682115,2025-08-08 13:32:15
36864098,4312,10200326,108.98046144695236,34.25871733768473,2025-08-08 13:34:23
36866499,4312,10200326,108.98046536810888,34.25740890973768,2025-08-08 13:36:31
36868903,4312,10200326,108.98114369082964,34.25745307685351,2025-08-08 13:38:39
36871218,4312,10200326,108.98167678571546,34.25788039432686,2025-08-08 13:40:48
36873900,4312,10200326,108.9830533939698,34.25799350759338,2025-08-08 13:42:57
36877788,4312,10200326,108.98367138559632,34.25832327570929,2025-08-08 13:45:05
36878704,4312,10200326,108.9843006789695,34.2571732548963,2025-08-08 13:47:13
36881105,4312,10200326,108.98606937639369,34.25690370196703,2025-08-08 13:49:21
36883508,4312,10200326,108.98447078598016,34.25767222091595,2025-08-08 13:51:29
36885645,4312,10200326,108.98474593244204,34.2576996169885,2025-08-08 13:54:02
36888311,4312,10200326,108.98460190877375,34.257006882528835,2025-08-08 13:55:45
36890704,4312,10200326,108.98536932789249,34.257482298365126,2025-08-08 13:57:53
36893111,4312,10200326,108.98572482081074,34.25736927106501,2025-08-08 14:00:01
36895420,4312,10200326,108.9853384503914,34.25752338375754,2025-08-08 14:02:10
36898104,4312,10200326,108.985698811036,34.25756625923262,2025-08-08 14:04:17
36900509,4312,10200326,108.98586238901144,34.25787492912259,2025-08-08 14:06:25
36902911,4312,10200326,108.98562004647115,34.25827222153756,2025-08-08 14:08:34
36905294,4312,10200326,108.98586974517995,34.258255784358255,2025-08-08 14:10:43
36907716,4312,10200326,108.98606230622424,34.25808536485277,2025-08-08 14:12:50
36910095,4312,10200326,108.9863642790514,34.258908531111004,2025-08-08 14:14:59
36912517,4312,10200326,108.98692296089838,34.25940601074599,2025-08-08 14:17:07
36914900,4312,10200326,108.98771383073644,34.25973389211941,2025-08-08 14:19:14
36917318,4312,10200326,108.98942597546028,34.25949372955128,2025-08-08 14:21:23
36919618,4312,10200326,108.99108027892112,34.2604315347674,2025-08-08 14:23:31
36922318,4312,10200326,108.99110961200968,34.26038875194481,2025-08-08 14:25:39
36925999,4312,10200326,108.9927757418133,34.261227923546066,2025-08-08 14:27:47
36927124,4312,10200326,108.99171422195072,34.2610322698061,2025-08-08 14:29:56
36929526,4312,10200326,108.992923411787,34.26068084422306,2025-08-08 14:32:03
36931931,4312,10200326,108.99345574807884,34.26042656226035,2025-08-08 14:34:11
36935814,4312,10200326,108.99477112154254,34.25985243765304,2025-08-08 14:36:20
36936736,4312,10200326,108.99541685245369,34.260699246372326,2025-08-08 14:38:28
36940344,4312,10200326,108.99435444759524,34.26187925336482,2025-08-08 14:40:36
36941542,4312,10200326,108.99338715169397,34.261600290072266,2025-08-08 14:42:45
36944139,4312,10200326,108.99309539820862,34.262440470958765,2025-08-08 14:44:53
36946539,4312,10200326,108.9916365815276,34.262600122686734,2025-08-08 14:47:01
36948654,4312,10200326,108.99260257906776,34.263125716063435,2025-08-08 14:49:09
36951347,4312,10200326,108.99413115335688,34.26317022805417,2025-08-08 14:51:17
36955229,4312,10200326,108.99347963955816,34.26311262855994,2025-08-08 14:53:25
36956156,4312,10200326,108.99223423403812,34.26335912158545,2025-08-08 14:55:35
36960037,4312,10200326,108.992294380205,34.263973184487426,2025-08-08 14:57:45
36960959,4312,10200326,108.99214797674207,34.26446877317518,2025-08-08 14:59:53
36963361,4312,10200326,108.99044165325972,34.264724353959465,2025-08-08 15:02:03
36965765,4312,10200326,108.99080618465996,34.26428294984009,2025-08-08 15:04:15
36968138,4312,10200326,108.99140342612642,34.26386426756827,2025-08-08 15:06:24
36970760,4312,10200326,108.9915299780549,34.26465877273397,2025-08-08 15:08:44
36972858,4312,10200326,108.99045240413372,34.26504913876945,2025-08-08 15:10:53
36975567,4312,10200326,108.9907920615982,34.2653426739519,2025-08-08 15:13:02
36977970,4312,10200326,108.991487680226,34.26588119563317,2025-08-08 15:15:10
36980374,4312,10200326,108.99075306705392,34.26467180791741,2025-08-08 15:17:19
36982478,4312,10200326,108.99039462612411,34.26450394568173,2025-08-08 15:19:26
36985179,4312,10200326,108.99068316669724,34.26413763732653,2025-08-08 15:21:39
36989048,4312,10200326,108.99058467763146,34.26436962367923,2025-08-08 15:23:51
36990177,4312,10200326,108.99042525699991,34.26479895177289,2025-08-08 15:25:58
36992578,4312,10200326,108.98982327129004,34.26585051564623,2025-08-08 15:28:09
36994980,4312,10200326,108.99066255561486,34.26523212406361,2025-08-08 15:30:18
36997352,4312,10200326,108.99054951264112,34.26586517030466,2025-08-08 15:32:26
36999785,4312,10200326,108.98937923351257,34.26475137462701,2025-08-08 15:36:45
37002145,4312,10200326,108.99004818830024,34.263704146590165,2025-08-08 15:38:55
37004595,4312,10200326,108.98917505313408,34.26430074767779,2025-08-08 15:41:05
37006952,4312,10200326,108.98935560989142,34.262878608598896,2025-08-08 15:43:13
37009403,4312,10200326,108.98896777446646,34.262035614376785,2025-08-08 15:45:21
37011481,4312,10200326,108.98939246483457,34.262316369920846,2025-08-08 15:47:30
37014400,4312,10200326,108.98935457389462,34.263110467333185,2025-08-08 15:49:43
37016802,4312,10200326,108.98910487699548,34.26320847460618,2025-08-08 15:51:51
37019204,4312,10200326,108.98945587844403,34.26317294395901,2025-08-08 15:54:00
37021327,4312,10200326,108.98877738524678,34.26282084483021,2025-08-08 15:58:21
37024008,4312,10200326,108.98815958365802,34.26313911645819,2025-08-08 16:00:28
37027900,4312,10200326,108.98913465951247,34.26239006200651,2025-08-08 16:02:41
37028814,4312,10200326,108.98903618279228,34.261947274283585,2025-08-08 16:05:15
37031217,4312,10200326,108.98882975011692,34.261858912107435,2025-08-08 16:06:57
37033619,4312,10200326,108.98938160329658,34.262040629270736,2025-08-08 16:09:06
37035975,4312,10200326,108.988576662213,34.26274937093536,2025-08-08 16:11:18
37038617,4312,10200326,108.98893489676657,34.26415354881803,2025-08-08 16:13:30
37040716,4312,10200326,108.9902753495486,34.26346958011578,2025-08-08 16:15:38
37043423,4312,10200326,108.99208401289528,34.263340627806464,2025-08-08 16:17:47
37047286,4312,10200326,108.99200855396693,34.26313008922763,2025-08-08 16:20:31
37048228,4312,10200326,108.99273979280495,34.26361228481155,2025-08-08 16:22:16
37052121,4312,10200326,108.99295200790752,34.26362842974302,2025-08-08 16:24:27
37053036,4312,10200326,108.99250985617168,34.264208486479504,2025-08-08 16:26:39
37055104,4312,10200326,108.992359379229,34.26456432225706,2025-08-08 16:28:47
37057845,4312,10200326,108.99317169540288,34.263888350314055,2025-08-08 16:30:57
37061679,4312,10200326,108.99270764374444,34.264583759487714,2025-08-08 16:33:08
37062846,4312,10200326,108.99200365828776,34.264019353923764,2025-08-08 16:35:16
37065250,4312,10200326,108.992552946243,34.2638455848925,2025-08-08 16:37:25
37067652,4312,10200326,108.99390039953964,34.263226852376576,2025-08-08 16:39:39
37070044,4312,10200326,108.9941088233629,34.26421463568585,2025-08-08 16:41:50
37072459,4312,10200326,108.9934335652296,34.2645123194265,2025-08-08 16:43:59
37074828,4312,10200326,108.9935286983936,34.26434777444015,2025-08-08 16:46:10
37077265,4312,10200326,108.99256179840494,34.26532851023357,2025-08-08 16:48:23
37079357,4312,10200326,108.99271423520683,34.2658945583995,2025-08-08 16:50:58
37082072,4312,10200326,108.9925517530868,34.26663311743998,2025-08-08 16:52:40
37084667,4312,10200326,108.9921720914015,34.2675675215343,2025-08-08 16:54:49
37087070,4312,10200326,108.99261296421412,34.2679269510088,2025-08-08 16:56:57
37089183,4312,10200326,108.99295336414778,34.26824935295316,2025-08-08 16:59:05
37091876,4312,10200326,108.99411730932736,34.2691551404864,2025-08-08 17:01:17
37095753,4312,10200326,108.9939067629598,34.26901089324818,2025-08-08 17:03:25
37096681,4312,10200326,108.99364250482812,34.26851571138574,2025-08-08 17:05:33
37099083,4312,10200326,108.99345769446715,34.26882239416192,2025-08-08 17:07:41
37101487,4312,10200326,108.994320825977,34.267905992308975,2025-08-08 17:09:50
37103571,4312,10200326,108.9926670825262,34.267599676531,2025-08-08 17:11:57
37106291,4312,10200326,108.99201724176324,34.26744902445775,2025-08-08 17:14:05
37110141,4312,10200326,108.9932045018948,34.267324383218586,2025-08-08 17:16:14
37111287,4312,10200326,108.99420214302742,34.26638701613243,2025-08-08 17:18:22
37114907,4312,10200326,108.99500223541207,34.26554520826941,2025-08-08 17:20:30
37116094,4312,10200326,108.99757045183544,34.265681122821164,2025-08-08 17:22:37
37118498,4312,10200326,108.99799779275044,34.26652875706163,2025-08-08 17:24:46
37120902,4312,10200326,108.9968385867335,34.267087690027935,2025-08-08 17:26:54
37123004,4312,10200326,108.99828355478088,34.26735784525154,2025-08-08 17:29:03
37125709,4312,10200326,108.99819141514013,34.266934865633914,2025-08-08 17:31:10
37129577,4312,10200326,108.99748697362358,34.26758694074833,2025-08-08 17:33:18
37130709,4312,10200326,108.99790340749692,34.26720328266499,2025-08-08 17:35:28
37133113,4312,10200326,108.99703988882308,34.26657424220596,2025-08-08 17:37:36
37135516,4312,10200326,108.99629078809863,34.26697007040281,2025-08-08 17:39:45
37137897,4312,10200326,108.99605803844888,34.26653957091858,2025-08-08 17:41:53
37140323,4312,10200326,108.9949591631446,34.266386815099686,2025-08-08 17:44:00
37142447,4312,10200326,108.99436178430528,34.26573508098116,2025-08-08 17:46:09
37145130,4312,10200326,108.99409962247688,34.266288553023514,2025-08-08 17:48:43
37149021,4312,10200326,108.9941048389615,34.266820193999706,2025-08-08 17:50:25
37149938,4312,10200326,108.99378261998692,34.266392181811256,2025-08-08 17:52:33
37152340,4312,10200326,108.99232185188411,34.266400102952666,2025-08-08 17:54:42
37154935,4312,10200326,108.99221828078474,34.26584911456161,2025-08-08 17:56:49
37158827,4312,10200326,108.99154228615996,34.26602432587889,2025-08-08 17:58:57
