grid_id,segment_count,total_length_m
1,1,519.1238652594722
2,15,3185.227928171491
3,7,1182.1167707586505
4,1,496.07644877284383
5,0,0.0
6,12,3315.5660006602325
7,32,8161.398951657111
8,1,54.13642511159145
9,9,766.0128730087519
10,0,0.0
11,0,0.0
12,0,0.0
13,0,0.0
14,0,0.0
15,18,5941.816484322705
16,10,1858.7550436231732
17,0,0.0
18,26,4638.2432387488725
19,10,2011.1359497267672
20,14,4119.069214066768
21,69,16085.49840945803
22,45,12085.610176803795
23,33,14744.597495493705
24,37,11293.612907899686
25,25,4727.906032366342
26,23,6294.054512075771
27,0,0.0
28,0,0.0
29,0,0.0
30,0,0.0
31,0,0.0
32,0,0.0
33,0,0.0
34,0,0.0
35,0,0.0
36,10,3151.065307617059
37,25,5636.87303526111
38,87,17495.602788708835
39,48,14495.056167922383
40,21,6221.023894415911
41,52,11275.17345375748
42,58,14884.425180561459
43,7,913.4086209317744
44,10,3143.9170972429597
45,41,11974.176818421005
46,49,11869.861580702818
47,89,27548.051411706314
48,158,40233.92571135514
49,80,27141.311288385124
50,45,14306.684997238719
51,22,6751.950941108215
52,26,7675.41097163427
53,41,9982.187169783107
54,1,221.76771450707133
55,3,515.8297404937366
56,0,0.0
57,0,0.0
58,0,0.0
59,0,0.0
60,0,0.0
61,0,0.0
62,0,0.0
63,5,923.4221226899544
64,35,10088.134612179845
65,61,20639.24022677478
66,56,17883.57004112405
67,33,12586.177643964038
68,109,34096.67808864814
69,124,46747.00585845672
70,135,55415.934734261245
71,215,48986.53142234269
72,84,25109.644110201112
73,45,14449.02617518717
74,33,8925.316390714306
75,19,6360.426483614103
76,23,6961.7163911086445
77,46,12394.357027755832
78,91,29267.41470572665
79,135,36744.93839325665
80,73,23021.098133744053
81,68,21192.874861575565
82,48,14463.259582944838
83,37,10867.428253870017
84,39,17465.448461790613
85,61,16965.227733854095
86,36,10542.408327006495
87,6,2315.8209034265287
88,7,2594.218889532014
89,0,0.0
90,0,0.0
91,0,0.0
92,0,0.0
93,0,0.0
94,0,0.0
95,0,0.0
96,1,350.21053057991
97,124,30826.43602885254
98,190,45525.52511278013
99,82,25225.875325528832
100,84,31032.178883485067
101,68,24762.7043371539
102,128,38908.106500016
103,57,20147.066504530034
104,75,25875.19490230688
105,82,26364.471026254017
106,66,21988.502855013867
107,36,14082.772620983651
108,58,19761.038693178525
109,57,16446.065905755382
110,73,24114.535232046255
111,54,20289.390940743066
112,93,29324.58988683771
113,244,77376.72738319814
114,137,44922.27643134833
115,66,18992.03488939553
116,49,14956.084750818918
117,30,11290.156356766407
118,17,5610.601233800112
119,24,9535.964978989838
120,24,6661.421954760435
121,12,2902.9988677466085
122,11,4114.768648210021
123,2,469.2635329803624
124,1,266.41428743440645
125,0,0.0
126,0,0.0
127,0,0.0
128,0,0.0
129,0,0.0
130,131,19334.71589048975
131,246,64144.12006949933
132,425,103935.36342789205
133,380,148830.31420730776
134,482,140349.19718310403
135,391,153091.8061770051
136,250,84440.48201923187
137,160,58070.65865235496
138,195,67326.33259034334
139,179,63465.41107258035
140,83,33351.08119909351
141,97,31645.533765308697
142,72,22658.894920757142
143,33,11063.344544931226
144,28,7690.036478447153
145,57,17107.77190038668
146,67,22730.632258560458
147,105,36558.44952475897
148,189,57985.32421145101
149,282,111676.25325729042
150,501,100319.21798409871
151,76,20363.79667731739
152,13,4368.888152339641
153,20,6866.3489799621075
154,13,3463.321866008116
155,4,577.2853768291144
156,14,3460.707573753158
157,18,5038.493955500094
158,10,1731.3130392525086
159,13,3000.002619969855
160,4,661.3112903281142
161,0,0.0
162,0,0.0
163,0,0.0
164,0,0.0
165,0,0.0
166,0,0.0
167,242,62475.45365737692
168,345,120956.71737244132
169,562,200352.90703890368
170,539,133156.91636278262
171,404,150221.20221087246
172,314,131025.52076666994
173,338,121411.25228794229
174,277,101912.05738399965
175,249,86324.59255485005
176,286,89638.04578502347
177,146,43532.23561886454
178,64,20024.182525594388
179,68,21013.93118647899
180,79,23344.95738292711
181,51,16871.977056388252
182,47,16435.57402952037
183,60,18166.812184913542
184,77,24596.944524267506
185,124,31034.497132178458
186,143,44180.39691985939
187,167,46953.31856428459
188,106,33872.40455478744
189,65,19452.56126422213
190,39,9902.809787413356
191,41,10900.480739963741
192,20,5629.688760546815
193,7,1741.2856613118568
194,8,2968.9406966389297
195,12,4231.123183782589
196,2,743.5860649726023
197,8,3401.1536870672744
198,1,80.07696966616727
199,0,0.0
200,1,17.27308576832059
201,0,0.0
202,0,0.0
203,0,0.0
204,0,0.0
205,23,5651.082900221328
206,127,29010.39301669486
207,380,107918.89873599251
208,520,177004.15326046705
209,401,152017.68661246623
210,159,53988.186471242734
211,146,52144.17584617583
212,185,67625.55950102852
213,305,101855.18578687568
214,328,107065.4018851987
215,347,125919.39656303002
216,660,198172.81669100455
217,212,74220.2912060498
218,187,46145.713045482225
219,109,32075.2433336903
220,112,32687.439990462895
221,97,29414.33401019366
222,31,12393.134981243413
223,68,16632.5662151462
224,80,21359.453310081615
225,101,30916.47110435916
226,85,23126.83550076608
227,90,30768.580850682825
228,68,17816.43726284358
229,82,20395.023457172458
230,94,32762.303846916857
231,68,19162.217666382963
232,26,9233.778408891068
233,17,6398.008256054147
234,12,4884.377560633931
235,12,4229.4822894686195
236,5,1725.1619522021217
237,7,2538.7642327258145
238,0,0.0
239,0,0.0
240,1,415.06002463760655
241,1,167.15116223612205
242,0,0.0
243,0,0.0
244,0,0.0
245,0,0.0
246,52,10944.79601140746
247,86,30196.10119733014
248,439,92424.5835020274
249,532,157518.50030428873
250,374,99603.24205922261
251,218,57382.541923303936
252,79,32046.122507348788
253,96,37054.90163709183
254,80,31506.53968809393
255,117,44356.74822779677
256,141,46852.770581320816
257,123,44980.403937589675
258,283,79446.24132570857
259,226,82287.88786639353
260,181,54009.74459506084
261,195,46189.02025113278
262,151,63381.468444576865
263,165,44347.632363703146
264,91,24790.370037664226
265,116,32103.29434752905
266,143,45816.778279832106
267,133,42490.209284591765
268,157,53933.902783555845
269,139,40121.35297452864
270,42,11566.056650530181
271,40,7720.887131290508
272,25,6340.21756727366
273,18,5877.329706521532
274,16,6299.495007236656
275,13,2921.498209317135
276,11,4504.86691314723
277,14,4291.745849837319
278,4,486.1309462263226
279,5,1301.964387355538
280,2,764.1706139282278
281,1,414.79659791931607
282,0,0.0
283,1,582.2111868737286
284,1,102.3605415397139
285,0,0.0
286,0,0.0
287,0,0.0
288,86,28459.471050133332
289,149,42783.25579251224
290,311,88485.27027584333
291,360,135318.92112896134
292,329,110964.86870297694
293,164,55102.899235139594
294,92,32170.70779153883
295,94,35827.720962988176
296,88,31401.304404453193
297,107,39418.49995182348
298,86,35505.820150662985
299,98,30061.678739364907
300,128,41782.9790469784
301,207,55368.200163895155
302,230,64015.69595201885
303,212,55329.70170346882
304,144,51928.93195789686
305,121,41826.5636115983
306,127,34751.904908476965
307,177,46317.428971629466
308,154,45826.17482068196
309,117,40013.86261678286
310,281,71454.56028134149
311,135,35481.00404315678
312,30,4688.506286691197
313,4,1320.6155730706214
314,2,1081.757079540368
315,2,825.5014667065686
316,1,70.21473811361028
317,1,497.17506059457736
318,1,330.6556540250342
319,1,515.4126711832072
320,2,921.3695916702418
321,2,1091.048760358145
322,3,821.7643284313984
323,1,578.3196544785749
324,0,0.0
325,1,226.59105164340068
326,2,412.5062106732927
327,3,763.1753007559307
328,2,562.9983508912204
329,1,68.19642103319633
330,0,0.0
331,77,25484.129682517698
332,210,52739.9651714927
333,329,105751.53455207923
334,432,133168.14578214067
335,311,91668.22060816929
336,206,72671.22495200568
337,132,45211.60828454082
338,140,51430.39987192262
339,155,45984.95053870545
340,145,46483.435959896095
341,111,33983.157806383184
342,110,32706.32766147431
343,187,59421.03814617238
344,179,55124.58174597163
345,200,61389.89897329084
346,112,30803.23416900042
347,122,33648.93264029118
348,140,40880.32787033929
349,142,44059.68876962838
350,241,71257.37478683126
351,222,84771.88063710384
352,217,59284.80169126968
353,126,41794.43375912221
354,132,24160.47152468933
355,31,6113.187298905787
356,1,542.2873261236847
357,0,0.0
358,0,0.0
359,0,0.0
360,0,0.0
361,0,0.0
362,1,515.4126711832072
363,0,0.0
364,0,0.0
365,2,602.9768584417882
366,3,1110.584860755434
367,3,1404.3203900211045
368,2,459.7649041267115
369,1,582.2111868737286
370,2,544.7209730989326
371,5,1609.420947515503
372,18,4962.792300040771
373,11,2008.3809787842024
374,0,0.0
375,102,34305.53275630976
376,210,56841.52502470748
377,676,186511.8177306486
378,509,178414.0385608284
379,319,106764.40729241181
380,301,101575.89084654073
381,214,76418.22496311275
382,234,77684.47203102396
383,288,92652.33361905038
384,310,96501.43524255908
385,157,63214.842261273094
386,212,65888.55841417973
387,319,111142.57022721894
388,269,83486.89263947682
389,321,90519.86165828053
390,306,88855.8239988418
391,224,64009.009208485106
392,265,77553.63438021854
393,145,51274.632574429335
394,229,79310.57993824147
395,238,67848.8604797148
396,234,59094.80248630275
397,128,46110.44861516341
398,66,18138.309096118137
399,14,3041.594256774344
400,0,0.0
401,0,0.0
402,0,0.0
403,0,0.0
404,0,0.0
405,0,0.0
406,1,515.4126711832072
407,0,0.0
408,0,0.0
409,0,0.0
410,0,0.0
411,2,284.58412521290643
412,4,461.2571677742124
413,2,642.5590317578854
414,12,2961.549354425186
415,22,5359.521712424966
416,20,7617.488568646147
417,0,0.0
418,0,0.0
419,0,0.0
420,90,36080.00297355728
421,326,68967.11283747162
422,528,163932.40370308133
423,243,90663.6898746852
424,192,69938.43057313186
425,308,106454.85691192618
426,509,149926.69438681458
427,590,167044.82595144896
428,509,168085.9499673318
429,800,240761.8436267909
430,790,258086.94221776765
431,836,312891.58856620843
432,1066,245509.2420780156
433,420,150693.7370510944
434,372,128168.42640622766
435,578,141755.36026172267
436,443,149442.70696258624
437,440,129608.93364281458
438,291,97249.10002032144
439,407,140306.67784806725
440,436,121882.62226547193
441,188,59086.30916562626
442,117,34821.39110371545
443,58,15516.895715905812
444,2,530.9785982963631
445,0,0.0
446,0,0.0
447,0,0.0
448,0,0.0
449,0,0.0
450,0,0.0
451,1,221.37899130673514
452,1,294.03367987647204
453,0,0.0
454,0,0.0
455,0,0.0
456,0,0.0
457,0,0.0
458,4,264.7641788910221
459,11,4074.0731393515644
460,17,5735.338324290731
461,8,2477.5606152694254
462,3,660.9900665763046
463,0,0.0
464,0,0.0
465,0,0.0
466,156,45757.83920229501
467,500,117655.39723728248
468,681,222986.73447452535
469,760,230591.03533961126
470,340,124169.32530618412
471,250,102562.113818955
472,305,110668.9668751256
473,772,247603.2389238045
474,1117,324618.1024823456
475,1143,347423.14166218915
476,1504,438810.4443332791
477,1291,399468.31876317546
478,1069,341512.4419310462
479,859,251448.1210196365
480,576,181476.04504033754
481,353,108057.84596599897
482,368,111678.50624246064
483,339,96533.99606035215
484,305,94284.38040411676
485,196,68125.70288455821
486,217,64390.15125459188
487,144,42437.617568115136
488,59,21157.31478580923
489,68,23152.899719617675
490,69,16602.101226385945
491,4,1020.5228614717107
492,0,0.0
493,0,0.0
494,0,0.0
495,0,0.0
496,0,0.0
497,0,0.0
498,0,0.0
499,2,986.457272664946
500,0,0.0
501,0,0.0
502,0,0.0
503,0,0.0
504,1,497.0723538368275
505,4,1137.274432040192
506,4,1817.780527928121
507,16,5356.160291500439
508,14,3411.9074728761543
509,8,4218.320456037544
510,8,626.5624285983042
511,0,0.0
512,0,0.0
513,12,3349.263283299474
514,131,34861.50151203322
515,373,128568.46198518519
516,505,155032.45723388248
517,776,260817.10428009715
518,1133,314134.1346344285
519,501,150295.38626978674
520,251,94617.66510847944
521,308,96783.78817559165
522,970,353210.97768294695
523,1042,325115.8443005282
524,1339,414693.40857765713
525,1838,645938.4012803276
526,932,280089.38002307236
527,902,380404.30150532257
528,1056,345856.2052699257
529,733,240015.0292200346
530,526,169568.42441171937
531,512,150782.79927301052
532,363,124886.3925828884
533,379,122487.9431610501
534,272,75958.27567689464
535,170,49904.01301759747
536,112,38396.96330532499
537,114,29508.821611131807
538,114,27833.873007054062
539,59,17231.418193962996
540,2,1006.8518542408287
541,0,0.0
542,0,0.0
543,0,0.0
544,0,0.0
545,0,0.0
546,0,0.0
547,0,0.0
548,2,1017.3196965738855
549,0,0.0
550,0,0.0
551,0,0.0
552,0,0.0
553,0,0.0
554,1,501.43580981962964
555,3,1438.7678752715922
556,12,5646.687214564404
557,14,5203.341210371938
558,10,3678.3159752010265
559,11,2888.974424753872
560,0,0.0
561,0,0.0
562,45,9808.02701572999
563,145,37191.59489765246
564,161,47597.704434744264
565,257,98715.14958873921
566,381,134936.40911804352
567,631,236202.05620298596
568,503,177768.4926946947
569,517,151714.64868834993
570,475,150415.35578103448
571,1201,293770.764115385
572,770,218525.07768585073
573,676,224456.7698528273
574,1444,374933.7047788924
575,1019,262102.26628198873
576,1062,325325.13734424516
577,1030,338101.48094923777
578,634,218047.60488950135
579,612,164204.3442807453
580,573,139239.8098395681
581,434,126353.59371128454
582,406,111484.24213059519
583,305,104255.04392403945
584,226,67043.64178782994
585,163,68865.0649617893
586,185,41783.07336917988
587,145,56763.704778468265
588,92,18782.98033200694
589,6,1787.5636542734337
590,2,583.2298215146351
591,2,292.545787782948
592,1,327.5593034709868
593,0,0.0
594,0,0.0
595,0,0.0
596,0,0.0
597,2,1017.3196965738448
598,0,0.0
599,0,0.0
600,0,0.0
601,2,282.57273401125434
602,1,532.8795371597532
603,2,1034.3153469793829
604,4,1496.3043212103287
605,18,4195.073577293477
606,16,4928.055708164747
607,16,5983.35822135569
608,20,4323.412974222814
609,0,0.0
610,0,0.0
611,31,8085.671062187957
612,55,14712.188390410667
613,183,51957.42699585004
614,332,104315.90557915761
615,648,187849.04557681474
616,451,136649.74721721318
617,445,145045.08933866708
618,386,119788.00224879266
619,518,211719.07307830226
620,451,145454.43952559098
621,622,225339.03343719142
622,731,282846.1703182714
623,608,184817.09546246973
624,780,238011.32934266856
625,788,244826.62482975554
626,569,170082.84612939457
627,350,106772.54749794616
628,308,107422.09127671705
629,360,104798.92406530259
630,287,96407.46071232331
631,383,104971.22928556793
632,379,78438.51062347615
633,183,48391.335194283645
634,129,37727.95284377438
635,239,63484.92183931051
636,120,33593.82473311435
637,31,5801.704823470545
638,3,1095.8454088438891
639,4,1227.2327294715274
640,3,1067.361539350747
641,5,1110.261351570074
642,1,474.1110774369818
643,1,94.63131107055644
644,1,258.10473172313186
645,2,721.6240872258321
646,2,421.8137228725042
647,1,532.8795371597532
648,1,532.8795371597532
649,2,801.6483496852727
650,1,482.15129237985934
651,2,801.8941914780144
652,4,1632.6242552306574
653,12,3063.6859302564953
654,19,6781.021322969356
655,17,6330.147769996712
656,20,6089.201051474586
657,1,301.0584434668352
658,0,0.0
659,9,3077.029008430691
660,34,10295.862134389181
661,193,58957.51038883385
662,350,113907.12395629719
663,473,159070.2967458519
664,573,143272.65477137285
665,405,120174.71336460854
666,554,155071.33576431026
667,518,173303.7140772262
668,419,123829.55952373792
669,698,221894.2031062509
670,846,217362.27805760715
671,810,213895.7731747232
672,887,316731.1187411968
673,1244,311561.39087487815
674,741,252227.3451624364
675,339,108334.3353866886
676,314,101520.80523099775
677,242,80886.06747177911
678,199,67452.76233139721
679,273,96760.21256127006
680,131,43509.658167287926
681,163,47994.028199468885
682,148,42614.00991243513
683,177,55861.42361367835
684,137,48999.24095635013
685,110,22222.786105138584
686,5,1318.7467192099584
687,3,1433.8909989450412
688,4,1232.6084630880962
689,4,1739.3995836916151
690,3,928.1695214564375
691,2,1042.6482768078426
692,2,930.6394054481183
693,2,937.9153440709375
694,3,1019.045313298076
695,0,0.0
696,2,923.4038441326774
697,3,199.01378821268088
698,3,387.60728452295524
699,6,1989.6007681546737
700,10,2101.017313903198
701,6,1667.6252159349783
702,10,3768.5702766822405
703,11,4191.093741063609
704,12,3488.2663090543406
705,3,1287.1000850137516
706,0,0.0
707,2,1011.8097582426083
708,19,6482.02159509547
709,112,45703.33767886482
710,195,57884.364352472694
711,201,79150.7554109112
712,326,101125.76652299418
713,311,107645.44195089038
714,483,129337.68409844639
715,529,170625.7071288792
716,388,109659.44804384626
717,538,158998.95429447852
718,695,219632.96509428346
719,932,236795.85512179567
720,727,232071.42774631263
721,811,234074.59665790628
722,495,151947.95614798903
723,380,119199.04701642069
724,256,82125.94509154223
725,228,77719.989677138
726,261,83925.83231146085
727,356,113876.18063407113
728,146,45873.16840532198
729,126,36532.91474735522
730,141,38492.22264749033
731,222,53585.3154703038
732,229,77440.76186603599
733,144,32775.3180494306
734,12,4157.486950609246
735,4,982.5703897406369
736,4,1120.8418525881875
737,10,3801.198519367053
738,8,2537.5562531586397
739,7,2707.9338495010497
740,4,638.3625860428367
741,1,8.476625008896285
742,2,1017.3196965738448
743,1,120.1216766139072
744,7,1553.4209260019256
745,1,543.861523588753
746,0,0.0
747,13,3206.2679602021926
748,8,3059.1301363849298
749,5,1726.0444151439629
750,6,2873.5883633675253
751,12,2503.1742753421067
752,16,3827.7977800847943
753,4,1396.7121740829284
754,1,502.86715715744896
755,3,1303.9185457081812
756,22,7573.158101061119
757,162,60083.86836246086
758,216,61650.31707014559
759,235,76945.86420359889
760,255,86201.23658089715
761,345,114067.7418876409
762,375,119439.40359899454
763,522,123297.63816860953
764,526,202975.14926397288
765,630,185657.09508278017
766,551,164756.07799033535
767,466,126028.7151558807
768,309,91404.53694609716
769,640,169033.4596306446
770,531,164323.41817293674
771,569,164426.803327817
772,457,159000.45252711157
773,522,162365.20481600895
774,486,155498.05294524564
775,501,164955.94412892777
776,190,70231.64319695963
777,136,27599.367776649095
778,126,38868.994670187945
779,140,42714.44262501191
780,159,46769.15820408374
781,127,32486.723904536902
782,54,19587.73454808117
783,45,10175.652454642297
784,15,4566.019677352977
785,13,4313.280844224821
786,7,2269.5794690646276
787,12,2481.2439208446062
788,9,2712.857722117045
789,4,1284.5686234111836
790,10,2496.225721402145
791,8,1508.4665612519577
792,33,8210.3767245392
793,3,1241.7015644128276
794,5,1391.8947257603859
795,35,7565.720565727069
796,35,7440.7004415809915
797,7,1744.9379482520026
798,7,1889.172224982265
799,10,3892.538567359744
800,18,5300.435075756977
801,12,3915.976732426123
802,2,580.004631788394
803,13,3157.2752855183685
804,65,18121.101052594702
805,165,53949.08076666399
806,236,81608.26333635111
807,424,145871.02837619244
808,457,110258.15370120878
809,279,89824.09149219278
810,262,88234.872740169
811,320,93046.20549720389
812,345,105003.39168398951
813,643,205257.5926635555
814,719,179708.29807016172
815,398,135326.61682425748
816,374,111135.67626355114
817,350,109052.6605946765
818,361,119906.0878719749
819,458,125169.53263039545
820,385,127510.08338402533
821,526,156793.05924392835
822,336,100541.87950087633
823,367,99348.32978580518
824,198,58638.06807254539
825,75,29195.422120548545
826,193,58777.29268002156
827,288,79768.96560899666
828,251,79339.12033827492
829,175,38150.97943049779
830,38,14166.389262251076
831,23,6490.643592379223
832,29,8565.809507186033
833,15,5183.608395302038
834,15,4805.348644640317
835,11,2494.903463768208
836,28,4914.016038517233
837,9,3176.4088508557666
838,29,6817.599236201282
839,46,13787.546406018719
840,52,19886.758882012557
841,13,2832.1651644074154
842,19,4428.229139112316
843,27,6047.742296533192
844,33,9412.537783181455
845,18,8554.12090533937
846,17,4624.999901137884
847,17,7211.671015902201
848,14,5059.212459417543
849,13,4472.389899965237
850,5,1232.224320607959
851,2,467.17140164207206
852,95,21349.028123908185
853,138,45433.16005282501
854,158,54985.615665054
855,216,70897.41750337495
856,253,68420.99958880106
857,162,52759.32436589998
858,196,64844.764871621475
859,279,86729.10930892399
860,339,98930.83685298193
861,423,128121.83556489424
862,440,134986.74375748256
863,498,149081.7845264708
864,524,150585.4955406784
865,509,144707.87545861825
866,408,119644.0960474974
867,413,110993.19565564474
868,325,98587.86136402398
869,593,174144.0619760806
870,410,131440.4346443973
871,422,138562.07910502856
872,356,92960.08616032306
873,127,49745.40973358424
874,241,76930.14480498458
875,242,71005.95436175323
876,183,59963.477527710995
877,168,49532.858183066375
878,70,22256.23764721279
879,40,13060.910573242143
880,33,11540.19302653704
881,23,6277.745753481952
882,19,6821.579489250768
883,33,11681.473863435855
884,83,24944.315960125932
885,43,12082.386309016665
886,73,21313.95153527482
887,122,36769.28404500275
888,64,23580.146451743894
889,59,16884.59991945359
890,87,19810.25573461557
891,47,14006.023240229244
892,13,3894.8687237891463
893,15,5117.1974588330195
894,29,12331.461475802016
895,35,10028.319528093367
896,19,6721.082877141862
897,21,5182.324260490706
898,18,3766.6496536497393
899,3,570.3929844814382
900,0,0.0
901,0,0.0
902,140,36262.61773163593
903,271,73625.61541509586
904,289,101850.4838552982
905,294,115763.94028104674
906,433,110011.59246667115
907,290,100777.88846046434
908,312,91287.9844685453
909,399,119782.70232714766
910,388,125150.8429345559
911,565,170810.4219842692
912,552,182902.9228535751
913,625,155853.69400591834
914,497,155209.53798388602
915,388,130817.72284148983
916,311,95228.62239382092
917,202,73550.8163679921
918,289,85301.39095842977
919,419,132654.451983087
920,253,91363.07142362707
921,315,97642.99650520536
922,342,104321.55885852392
923,174,58687.890243012545
924,303,85183.85238365876
925,327,109096.10931040804
926,376,99884.32746638714
927,214,70063.2243884934
928,186,55881.18385692218
929,262,73814.71018363404
930,116,35579.54019373917
931,77,25200.652752280945
932,98,27508.633452365808
933,119,32585.894510539547
934,272,74819.82094064847
935,264,67916.37357327208
936,226,55848.84765373817
937,295,67455.91621620559
938,212,47324.957435845834
939,253,61333.53841975842
940,154,47790.63042013548
941,70,15049.196945362655
942,15,6058.271166506194
943,18,6443.147635699122
944,26,9811.43726988891
945,57,17051.477066858573
946,34,12319.781238015068
947,31,9211.651344901453
948,22,7710.391020120573
949,6,1340.4239422228748
950,0,0.0
951,0,0.0
952,133,48094.06742641771
953,181,61632.59127468323
954,236,73059.16218131497
955,156,52428.31535711192
956,269,81269.03727483666
957,270,87507.85165159505
958,300,91004.47196154267
959,411,129735.07462889754
960,556,174428.36741607
961,978,247313.71679748083
962,721,222617.77741803625
963,646,178370.7087183412
964,466,161710.5045351771
965,628,172671.66871354627
966,435,138628.65890149825
967,344,107367.44467005401
968,464,146450.03761953645
969,518,155028.29794202666
970,185,72008.02310001811
971,385,108231.54289662706
972,335,115445.13799736543
973,170,55936.71673459143
974,254,76091.65588770263
975,287,89460.797482519
976,305,91414.56796676415
977,319,76554.73229676441
978,229,68734.60713647846
979,271,74759.28641840673
980,257,61503.584199280784
981,225,60331.824195448906
982,649,118335.73233944523
983,492,199196.29120156803
984,487,166458.69785440955
985,463,142699.1633064209
986,436,119203.75065495231
987,466,149395.29332207932
988,241,94728.33990212134
989,404,136408.81933181238
990,244,77028.89270368815
991,210,71234.50948706818
992,44,10979.049563300094
993,24,8299.916363179718
994,21,9137.95129178822
995,18,5539.492541016779
996,21,7518.01629982145
997,18,5071.354098798595
998,21,7012.509102500429
999,16,2240.172026451664
1000,0,0.0
1001,218,73228.38165257001
1002,248,70745.45788139895
1003,519,143688.95333757138
1004,438,135894.62092319466
1005,336,104509.6676873364
1006,376,112666.93174846935
1007,564,165093.06214900193
1008,379,131553.22019492768
1009,440,132439.6557440269
1010,430,135000.93213655922
1011,415,113793.59152522495
1012,528,178317.82304966953
1013,294,93828.06981559406
1014,445,133558.48152043854
1015,504,141821.0631400295
1016,600,163731.02437983162
1017,750,229004.37160305976
1018,585,172614.39467529563
1019,177,65496.83852802988
1020,335,100917.21002179917
1021,296,96067.56623097656
1022,137,45349.11486556855
1023,289,91055.97643514119
1024,277,84403.04785257076
1025,340,101598.41884642659
1026,310,100123.64573943375
1027,173,62250.77303612171
1028,181,64549.247960207154
1029,205,66256.72953651355
1030,347,102126.61889947983
1031,331,103414.76381169213
1032,345,122263.73628571365
1033,446,129400.7416244732
1034,435,149995.00430495647
1035,562,169588.5359358662
1036,660,239419.61795457898
1037,298,109132.35644266215
1038,539,110515.35395230597
1039,130,45609.181592279776
1040,336,95166.6763301794
1041,182,48174.8731732368
1042,72,16252.783670971168
1043,24,6627.585573011461
1044,9,2956.8211877250806
1045,25,9663.53253257075
1046,18,7076.936240074017
1047,16,4627.12860658165
1048,0,0.0
1049,0,0.0
1050,253,40273.29001184646
1051,93,31626.413853510265
1052,280,89033.47613628513
1053,655,157686.556048553
1054,492,125796.67176226678
1055,270,68926.71929732837
1056,591,170781.58749324307
1057,387,103184.74519670822
1058,351,105734.89692982072
1059,444,119079.80725081248
1060,284,82697.75786219558
1061,563,208277.1422435491
1062,312,105412.87920892634
1063,472,166298.36593959542
1064,450,145622.1061660511
1065,496,179694.8849327006
1066,631,199447.5466273301
1067,601,184482.51355188785
1068,297,102892.0453982528
1069,389,120928.90916430873
1070,341,110895.20571586266
1071,181,57853.65784053991
1072,392,135000.48141656714
1073,297,94667.28100181298
1074,438,150166.9620898962
1075,383,135814.2561603127
1076,331,103474.85165808955
1077,384,119879.9862374716
1078,298,91544.44152355097
1079,410,119825.1607927026
1080,502,149251.03469257487
1081,384,125179.75778617049
1082,469,152720.6813056532
1083,519,195405.5599307879
1084,557,169921.55598684403
1085,708,178632.11595519216
1086,311,110957.75292397554
1087,385,123819.97554907319
1088,413,104063.10814937741
1089,325,92110.95882820785
1090,186,34815.16482835805
1091,25,9978.216529720215
1092,16,6067.570227320169
1093,3,1228.3695078242226
1094,35,12539.550246788265
1095,25,9123.22510146447
1096,42,10861.439730169677
1097,1,255.70232254286657
1098,0,0.0
1099,18,5630.905003608228
1100,41,15179.932110962607
1101,298,90609.45662333215
1102,439,147223.77408142996
1103,246,100251.87385824349
1104,102,35787.30930495934
1105,269,103259.08346637718
1106,324,114950.91263523405
1107,311,102335.48943019916
1108,325,94431.93659160822
1109,247,80006.92413758539
1110,412,124156.36728874175
1111,464,133870.30823074814
1112,632,176205.23849969485
1113,623,167399.69584807727
1114,551,146851.7532335253
1115,630,180201.4931401668
1116,765,191744.64591493382
1117,781,220748.07900489203
1118,691,190755.22680290273
1119,457,136220.4243736
1120,257,88483.52873407167
1121,502,142675.59471015818
1122,302,87862.76436831527
1123,686,173509.82215501522
1124,504,161108.8351894194
1125,559,150792.83667793887
1126,607,169510.08700450236
1127,371,103837.19874903555
1128,441,138367.23820725564
1129,798,244114.57629826976
1130,477,155310.2470150537
1131,500,164024.5250049238
1132,666,235676.20751456587
1133,551,169307.69733569093
1134,440,138814.6427929448
1135,250,92739.42659990581
1136,375,111378.62812773378
1137,481,160900.8316698055
1138,329,103522.78528331484
1139,254,73464.95259031141
1140,38,10514.87019622405
1141,45,11248.34414371185
1142,25,3193.2531158164825
1143,39,5429.631767852154
1144,13,3958.885499185141
1145,41,18311.4715731585
1146,27,2172.882858805261
1147,0,0.0
1148,0,0.0
1149,48,11401.107417195446
1150,230,58713.494667086714
1151,192,53634.0523168742
1152,259,55872.289492523334
1153,150,50827.361936684996
1154,338,100519.39335472693
1155,359,115801.87854187033
1156,341,98350.84418004176
1157,362,97294.43359725358
1158,335,91857.54442152918
1159,327,99824.92733146617
1160,418,116599.38163560237
1161,499,144682.8491147161
1162,478,155602.50077863544
1163,538,156791.86170351264
1164,535,177646.13138202566
1165,598,177342.86432185385
1166,539,175165.22086541099
1167,390,114045.65110662319
1168,277,85650.05841349586
1169,152,53896.606427435705
1170,196,56758.464753512
1171,129,36691.87919315167
1172,224,67530.20506184218
1173,271,81762.52807414511
1174,339,103874.36651428087
1175,426,151025.4714506785
1176,333,98224.66120347059
1177,467,145041.68204109743
1178,740,220179.22859394693
1179,463,141436.1261000388
1180,496,152166.57217270663
1181,879,224326.10492350542
1182,726,232361.6793556615
1183,403,109405.82838986542
1184,273,87231.41418205677
1185,388,110036.65990435744
1186,540,143498.44872172855
1187,188,52004.17789132338
1188,205,42631.39469248883
1189,98,34550.4198014064
1190,66,23818.48215716078
1191,32,9619.957855143386
1192,11,3789.077242915226
1193,11,3915.9092635771312
1194,18,4225.495213690516
1195,60,9743.414629981335
1196,2,487.3854398908102
1197,0,0.0
1198,0,0.0
1199,101,17807.75383708357
1200,182,65161.06817680583
1201,158,38986.13107174658
1202,52,15234.435473387979
1203,79,23889.843468459283
1204,159,47167.67988489596
1205,206,50563.89548274718
1206,270,87715.74631425351
1207,373,110280.16744057165
1208,232,70731.35652783963
1209,281,92527.54283254154
1210,390,118500.43071762382
1211,388,120926.05410164116
1212,365,119379.62592830743
1213,437,143809.8196922166
1214,494,151422.3546520416
1215,662,197992.30414467485
1216,640,195294.40031803472
1217,416,134320.61068162112
1218,268,87125.46615990938
1219,119,34982.98269142338
1220,84,33513.52636104957
1221,39,14310.423207364358
1222,56,16376.96484641206
1223,96,23740.321588207746
1224,176,38360.0394662207
1225,206,69829.35990413446
1226,355,91413.35794210293
1227,564,171538.8199722521
1228,338,104065.03720841887
1229,399,123158.38893840878
1230,389,133028.08854218177
1231,515,165380.09998780236
1232,607,199065.81731300795
1233,260,89635.90620034971
1234,186,62926.36365132471
1235,258,76383.23204160752
1236,295,91740.77479927038
1237,93,26793.86516143676
1238,50,19837.86689935032
1239,105,26781.81555123085
1240,93,26808.47214837124
1241,34,13112.494100970334
1242,39,9696.208850744264
1243,28,9212.365924347552
1244,47,12471.53373298233
1245,24,6149.12942503095
1246,0,0.0
1247,0,0.0
1248,0,0.0
1249,10,2825.6421159788956
1250,23,9038.821428043491
1251,76,24109.83612198006
1252,76,21521.698795124797
1253,55,13439.541985787133
1254,72,20236.734766813996
1255,100,28486.160195331795
1256,62,18209.268737424405
1257,122,38825.41286538405
1258,305,82907.79507558687
1259,152,52109.46598336178
1260,446,111618.88919336928
1261,281,94133.65676804756
1262,460,125109.82585529995
1263,459,141225.33038892908
1264,494,135948.20566695026
1265,467,131350.8811144172
1266,720,207101.6386860106
1267,607,180168.16301704888
1268,645,161416.4564190834
1269,293,79915.66182855026
1270,118,23285.080830950283
1271,61,21304.52106686632
1272,27,9951.855961589416
1273,11,3960.625455469741
1274,22,7550.277058069032
1275,43,15444.844582428517
1276,138,44457.52350688813
1277,281,78399.97429797261
1278,446,136850.8821704135
1279,445,130573.2953544654
1280,421,132259.034778467
1281,351,109358.41299917699
1282,312,96281.94813236348
1283,395,106696.35392360685
1284,429,108368.29936166367
1285,246,73517.07539055108
1286,193,58126.32700611848
1287,166,52018.34911163609
1288,96,24489.45073199745
1289,57,20404.099208397565
1290,48,15824.367429785805
1291,62,17136.171986394154
1292,43,10833.299783483008
1293,6,1903.0353237807417
1294,11,3596.1573084236493
1295,25,9632.539707899492
1296,5,880.0220937607046
1297,0,0.0
1298,0,0.0
1299,0,0.0
1300,0,0.0
1301,9,2706.049423719242
1302,10,3548.2675484342194
1303,42,12242.58998746835
1304,99,27601.94284216128
1305,83,28303.308379781058
1306,76,23230.961276866026
1307,78,17710.421680873114
1308,44,15967.573476031615
1309,99,23577.013754718184
1310,228,61808.711230522924
1311,177,56477.2283553897
1312,362,102717.57988917336
1313,268,90813.48475293137
1314,356,99755.73445604941
1315,445,126948.77301412552
1316,398,119312.24729948165
1317,366,111523.36241739114
1318,585,176947.4779131816
1319,521,149281.3711243187
1320,320,91130.68735094246
1321,196,47908.943037613964
1322,103,34545.39820046981
1323,59,21767.692734818065
1324,40,13129.040912036053
1325,18,7207.454536297032
1326,23,7390.218386002355
1327,39,15394.306176006061
1328,140,46618.06948950299
1329,256,81946.3124351831
1330,341,111129.30807051493
1331,390,120509.95593654514
1332,380,116609.0891194235
1333,241,78402.16834807218
1334,236,71038.37663827257
1335,158,50389.46633774775
1336,291,80651.22311682662
1337,214,68420.48096173389
1338,156,51223.35441214215
1339,120,34801.4639798046
1340,21,7143.258190215076
1341,38,11386.351698354409
1342,61,19703.454165273
1343,42,15359.961809292987
1344,30,12529.76136576843
1345,5,2040.6029458366754
1346,12,4294.887243384819
1347,7,2149.38213711862
1348,3,1132.8694637016733
1349,13,4956.829965494342
1350,2,66.8147675083424
1351,0,0.0
1352,0,0.0
1353,0,0.0
1354,1,373.8874645302156
1355,6,2707.7969068373977
1356,6,2146.517392942411
1357,29,8819.619242893647
1358,35,10766.102809321803
1359,39,13750.315539833016
1360,51,17183.373080358066
1361,50,15861.862429491111
1362,45,14840.291245543338
1363,76,21377.032472203573
1364,304,84246.33675432575
1365,226,70704.38468484156
1366,233,62597.88053217646
1367,191,61230.983659137804
1368,247,83110.44796712893
1369,292,87763.855505474
1370,338,93883.66737552235
1371,366,121046.87498017466
1372,676,184779.40625193794
1373,460,137643.8997450988
1374,395,108836.2813660253
1375,169,54719.323777654696
1376,121,36287.587101422774
1377,98,34772.740573569754
1378,310,99124.94693534564
1379,179,46572.78595731842
1380,212,66515.94377001264
1381,142,43215.23987867506
1382,212,66537.11131282289
1383,276,74501.77855805322
1384,361,104525.22136164927
1385,432,122934.48400232471
1386,393,97078.06790171814
1387,261,70734.84253368387
1388,239,57133.21915159675
1389,232,65102.087524537645
1390,164,48777.09020497103
1391,107,28544.39208842323
1392,99,31891.66114382784
1393,87,30217.839664442126
1394,14,5275.391756189585
1395,20,7431.698933345925
1396,67,15362.162251880822
1397,52,18578.837205226493
1398,57,15407.289109632586
1399,17,4683.109289397258
1400,11,3559.765923034593
1401,9,2468.651411312375
1402,10,2838.9082702537016
1403,8,1665.8174161501756
1404,2,1157.786204568982
1405,0,0.0
1406,0,0.0
1407,0,0.0
1408,0,0.0
1409,1,515.0349977456295
1410,6,2817.923728198442
1411,6,812.3692657437393
1412,21,7134.9140435884965
1413,12,4556.434322811964
1414,17,4090.1825109411184
1415,36,11733.225610178444
1416,36,11290.680182768085
1417,69,17867.08571792413
1418,94,31974.48801914369
1419,133,42561.13131174357
1420,95,27624.409836910898
1421,100,28452.13039072592
1422,213,59002.27842663568
1423,187,54384.313144036096
1424,174,57123.51394949581
1425,244,73439.10718315278
1426,220,69064.68346414802
1427,522,163297.9562422424
1428,457,135585.7756872311
1429,282,79667.79722490093
1430,101,34090.73634237489
1431,149,44410.54706866358
1432,92,29223.732490650265
1433,295,90070.79863597844
1434,232,70333.58951712237
1435,139,37789.844402175426
1436,188,63352.80824385346
1437,199,78584.17883843508
1438,216,57233.99096922314
1439,216,65756.2608382548
1440,201,61707.76146328253
1441,180,57647.42666779711
1442,209,83856.57140430987
1443,166,62631.970300232795
1444,117,40353.949339922416
1445,90,31148.330350000884
1446,62,18135.723699748807
1447,64,22306.223086774477
1448,116,36270.41673200517
1449,38,11761.765211331442
1450,47,15244.908734474646
1451,105,25186.1909180567
1452,94,28715.2898274785
1453,160,50134.12022073507
1454,115,27502.767987761836
1455,24,7693.8196949659605
1456,12,2644.213832536469
1457,11,1850.5518498158212
1458,0,0.0
1459,2,759.6182529693974
1460,2,398.1679515995845
1461,0,0.0
1462,0,0.0
1463,0,0.0
1464,0,0.0
1465,1,515.0349977456295
1466,5,1745.4374455218183
1467,3,624.7800306959181
1468,24,6114.3940307450375
1469,27,8567.481950790825
1470,30,10595.830644341026
1471,45,15996.269402404983
1472,21,6456.798410343163
1473,58,18325.063559171387
1474,58,20047.250754425844
1475,70,14562.89306108543
1476,104,34851.83884938204
1477,57,22086.9089482437
1478,193,60103.86246200414
1479,269,76863.0597829779
1480,251,73324.73391812567
1481,292,78545.31171288474
1482,233,72245.01323178949
1483,392,107444.80619812988
1484,399,118131.85634091974
1485,416,113117.33106362582
1486,196,73456.69356427105
1487,230,65277.2608968786
1488,104,32785.45165840702
1489,194,54458.93962779798
1490,233,66725.59656779784
1491,122,36632.48401744683
1492,223,60687.52488247668
1493,214,70013.48464322739
1494,139,45024.638069524175
1495,179,55042.07088630837
1496,170,52799.18403715669
1497,115,42063.48883245416
1498,174,59651.01109681762
1499,155,39619.59261135062
1500,97,38480.01977613307
1501,57,19125.423424404187
1502,56,19446.01820087872
1503,58,18786.544658736504
1504,164,43658.60127043746
1505,50,17002.03273047263
1506,54,16997.73172538837
1507,114,40159.46509375809
1508,187,50624.96506462221
1509,204,57497.773827549994
1510,210,65901.86775076369
1511,23,5592.258005350861
1512,27,7645.8462169271215
1513,11,3405.881051533961
1514,11,3569.871071234365
1515,9,2171.3423927178974
1516,8,3072.717306676622
1517,7,1768.57322677748
1518,1,385.93087035217064
1519,0,0.0
1520,0,0.0
1521,0,0.0
1522,1,362.38091162012927
1523,5,1467.32962566075
1524,4,1358.9588992385948
1525,14,3835.82281468199
1526,15,4556.774430729731
1527,19,5962.150280440927
1528,38,9694.244788709051
1529,24,6386.078192704481
1530,62,16331.451100637041
1531,53,14501.288760933732
1532,41,15418.924589985421
1533,242,50302.42390979874
1534,56,15047.928476078048
1535,104,32674.848602841797
1536,276,78478.38066221417
1537,199,66918.71675081615
1538,165,48262.0997023089
1539,211,67983.20503244671
1540,319,102216.08680304312
1541,314,93932.26396249476
1542,258,71004.3225863344
1543,136,44606.59396290565
1544,266,76098.50446958952
1545,84,25156.236738910902
1546,115,38067.21492976819
1547,171,57172.86868445833
1548,86,23774.814933082514
1549,149,48140.76265413989
1550,219,63556.758715457545
1551,144,34861.872546014536
1552,191,59912.402874142295
1553,146,48638.801070974725
1554,126,39872.23980294695
1555,129,33406.14876144108
1556,93,33342.78445226836
1557,122,40394.986801190615
1558,156,60642.07982622812
1559,84,24355.770581239853
1560,50,15901.173746195442
1561,143,49196.269164785524
1562,51,15801.592320481623
1563,44,16108.720454445629
1564,102,35948.33025505016
1565,140,41634.4335549435
1566,117,31269.590427632793
1567,71,20296.683873790975
1568,51,16257.737295453642
1569,81,17209.71822879444
1570,45,17786.278220346605
1571,42,14806.517756055136
1572,38,10453.435257011633
1573,21,6012.577242476242
1574,9,3687.0026114694206
1575,4,593.6479623437165
1576,0,0.0
1577,0,0.0
1578,1,123.91254566571085
1579,3,721.2783344570811
1580,7,1965.0029508589057
1581,20,8194.039648250127
1582,32,6814.505330957286
1583,13,3177.8844190306436
1584,14,3426.1910486100355
1585,18,3979.3899773234593
1586,63,20486.348524769932
1587,71,23064.419228660066
1588,105,24910.1372894029
1589,208,71144.75140021298
1590,111,36823.75750336964
1591,83,26072.750182833424
1592,265,73059.22405631263
1593,195,56821.6618930494
1594,175,48540.76632548977
1595,188,51942.39742480512
1596,280,74418.68668390317
1597,246,64981.51361056881
1598,345,96348.6633479377
1599,208,61004.518969183475
1600,410,110453.18087014846
1601,92,28010.236157140476
1602,106,24341.084128921113
1603,178,46558.86181398375
1604,91,27461.501191460957
1605,196,58790.418669526836
1606,276,75856.35279321909
1607,103,33787.538474986555
1608,145,37509.674371829526
1609,124,38746.97916411217
1610,120,27805.15633301631
1611,68,23653.58053632092
1612,48,11842.408789822994
1613,48,16640.162433465437
1614,90,21117.91872515284
1615,108,29937.552875408586
1616,43,17093.114537676985
1617,104,33225.68507052969
1618,67,16570.97749257691
1619,50,15457.27258277144
1620,87,29277.91401833629
1621,98,31448.09130629944
1622,158,50470.617014907824
1623,88,21676.485885021917
1624,37,9977.184271839356
1625,35,14595.207877090093
1626,24,6177.462293854086
1627,22,6352.42805506406
1628,22,7276.054399793409
1629,24,7716.583605403019
1630,25,6428.378543579281
1631,3,710.6855134284323
1632,0,0.0
1633,0,0.0
1634,0,0.0
1635,0,0.0
1636,0,0.0
1637,2,96.14865562911817
1638,2,684.2297785339566
1639,2,975.826716369688
1640,8,2647.640927075963
1641,21,4835.318272560133
1642,26,8791.579526335716
1643,50,6594.552500627571
1644,55,20364.731592854016
1645,120,22511.569487164277
1646,112,33913.02550047166
1647,130,43648.90894110697
1648,58,20891.670327070548
1649,195,70791.72095053094
1650,202,61473.722050822435
1651,178,55781.6927830956
1652,180,50930.927462635846
1653,125,42974.52639941937
1654,193,56268.2281461684
1655,306,85415.47277203585
1656,260,75992.93903043222
1657,351,128844.76713425764
1658,117,35418.01445008782
1659,50,15051.25288139596
1660,71,28668.17717325945
1661,84,26915.411131270244
1662,129,42515.817912663784
1663,142,47289.254155309914
1664,90,32841.89878095156
1665,96,25725.043863436855
1666,120,37632.350148716556
1667,105,36421.033260620294
1668,87,29569.553866172144
1669,48,12752.278626357736
1670,64,24569.110803635464
1671,25,9697.135082633416
1672,27,8718.206801770177
1673,37,12583.693966783998
1674,72,20419.671873312192
1675,33,11664.527312814866
1676,84,24478.047253311724
1677,98,21864.334945448492
1678,139,41616.15938288901
1679,72,26604.51746498608
1680,57,11832.019597635404
1681,24,6434.969346374403
1682,29,7596.539311158269
1683,45,9046.574968936691
1684,33,9656.601429932145
1685,34,12142.379979310961
1686,38,13593.477786770558
1687,29,7485.423165754663
1688,12,1249.365590597047
1689,0,0.0
1690,0,0.0
1691,0,0.0
1692,0,0.0
1693,0,0.0
1694,0,0.0
1695,3,487.37749599864037
1696,5,1830.7303277212973
1697,10,3044.6553830523835
1698,35,8649.613002332731
1699,32,11676.062774435712
1700,22,7539.285394664848
1701,21,5691.616578799485
1702,30,6373.976968467143
1703,58,15246.632814041095
1704,93,25201.175375277682
1705,105,33778.27851413232
1706,278,71978.49821646829
1707,184,60037.508456780924
1708,265,63671.382199334985
1709,215,65925.2051529678
1710,133,39308.849991804076
1711,130,38716.60811027531
1712,144,40048.164847238615
1713,165,48164.83888144072
1714,214,57103.02433683838
1715,135,41957.158065856296
1716,68,15659.0279542776
1717,52,16679.28970022244
1718,67,20069.025723755516
1719,93,26931.857798072324
1720,132,36421.72621103389
1721,95,26617.043480785287
1722,167,26541.37531620918
1723,181,66003.18139069663
1724,112,36837.47418269325
1725,69,25177.188768700227
1726,42,14829.7487196059
1727,64,19448.975011556056
1728,31,11763.29875079666
1729,31,10986.857045157501
1730,38,14525.656140511754
1731,55,14888.953746882995
1732,35,10565.903687247785
1733,81,23856.289503289467
1734,41,15510.906991686228
1735,83,38810.22424460979
1736,50,15078.243192358763
1737,15,5215.781491683886
1738,14,2530.402203445172
1739,7,2649.5341004636234
1740,8,2147.1358429038005
1741,7,2072.735650429556
1742,6,1978.7478271997077
1743,1,336.2334172291294
1744,0,0.0
1745,2,273.62257083322595
1746,0,0.0
1747,0,0.0
1748,0,0.0
1749,0,0.0
1750,0,0.0
1751,0,0.0
1752,0,0.0
1753,0,0.0
1754,4,1075.2431512004503
1755,5,1680.3742591811779
1756,8,2335.624254684556
1757,13,2311.9555625041194
1758,15,2927.8535324785307
1759,14,1973.2251581816292
1760,34,10005.001049679822
1761,13,5019.980766062394
1762,41,12008.270151948413
1763,118,33309.69849092988
1764,157,42075.04887795156
1765,115,35003.78752356848
1766,133,40089.3323725767
1767,161,48302.791547070134
1768,122,38904.522575404444
1769,130,40090.514405693306
1770,146,35449.72844828584
1771,119,33080.433349199215
1772,143,37842.9484821843
1773,124,36349.64501312575
1774,70,15923.571010870693
1775,24,8714.096253365173
1776,46,12922.20411264597
1777,93,28323.998953637256
1778,102,29517.555422942463
1779,124,36663.04433609971
1780,76,27256.114770996115
1781,145,40313.98083498335
1782,170,61445.40854280751
1783,137,46060.64964683283
1784,88,29102.45732889315
1785,85,17165.070932310668
1786,35,12350.371929553383
1787,24,8416.109725690836
1788,23,7773.302346940735
1789,20,7164.5915567153215
1790,24,6225.008832659538
1791,48,12971.603863073144
1792,14,5112.075677709177
1793,66,14596.263539411806
1794,75,19391.745027975754
1795,16,5610.969038944986
1796,5,1934.3500395469612
1797,2,590.9284244346875
1798,1,485.54068977964477
1799,0,0.0
1800,3,258.307212429522
1801,1,514.0126621837534
1802,0,0.0
1803,0,0.0
1804,0,0.0
1805,0,0.0
1806,0,0.0
1807,0,0.0
1808,0,0.0
1809,0,0.0
1810,2,392.819830361954
1811,4,918.133687886265
1812,2,836.0200932900284
1813,2,30.368807287444703
1814,1,197.83796721673048
1815,2,331.0941698484865
1816,3,759.6710661829949
1817,30,10645.480181420784
1818,66,21629.982807910736
1819,35,11577.021770168702
1820,44,13519.324260086263
1821,84,28326.5991767693
1822,90,26682.794712007635
1823,70,18203.02850516457
1824,97,26256.26659868562
1825,65,16682.753304170506
1826,56,20975.849241274656
1827,85,27318.3805187162
1828,73,24503.851990595143
1829,41,13884.173902418306
1830,42,16215.055962231243
1831,33,10288.268142677427
1832,16,5579.063252496076
1833,80,19715.404481385573
1834,140,29836.735427830266
1835,82,27746.27275694435
1836,234,66043.19771224816
1837,142,60871.03967303337
1838,110,45370.73713393733
1839,130,45504.88593383955
1840,167,50560.99967559247
1841,93,25707.65513763682
1842,31,8538.193716314678
1843,9,2630.896651431849
1844,7,2494.681016684254
1845,9,3083.5611557092316
1846,12,4649.780567741683
1847,9,2848.280019621038
1848,13,3816.1971643638917
1849,6,2011.2191154403474
1850,8,3293.594319176263
1851,9,1525.7175758816593
1852,2,580.0271404371562
1853,1,41.79910240003796
1854,0,0.0
1855,0,0.0
1856,0,0.0
1857,0,0.0
1858,1,30.851987145730565
1859,0,0.0
1860,0,0.0
1861,0,0.0
1862,0,0.0
1863,0,0.0
1864,0,0.0
1865,0,0.0
1866,0,0.0
1867,0,0.0
1868,1,421.15492931248207
1869,3,659.3884343075201
1870,1,419.3876829586102
1871,0,0.0
1872,4,645.4752913121426
1873,5,2658.1773748108594
1874,13,3341.087402319779
1875,64,23834.014628094017
1876,35,10830.265192817558
1877,12,2814.464818187007
1878,68,12135.488629714411
1879,112,31946.23670718441
1880,37,12008.115232632825
1881,53,16601.940692131713
1882,28,10439.3671819362
1883,33,10548.728030125752
1884,53,15173.368381691353
1885,56,16726.603824041515
1886,17,5137.7703974934575
1887,27,8696.504997300108
1888,37,11276.35770838021
1889,42,11041.177910176537
1890,94,35675.20688572321
1891,67,19670.3188048973
1892,47,13649.950931703093
1893,76,23082.316788216365
1894,53,13440.148649462382
1895,23,8736.949854090837
1896,38,12474.650974659573
1897,67,21097.992619835677
1898,25,8723.110191611568
1899,10,2402.215752526588
1900,5,2215.251472000068
1901,5,1093.4080890525825
1902,11,3300.8846565790873
1903,12,4486.645765222529
1904,5,1113.8003828452165
1905,18,3800.9869986564445
1906,15,6335.215612384034
1907,9,1586.7254858547058
1908,1,426.6190748356058
1909,1,88.28036858500025
1910,0,0.0
1911,0,0.0
1912,0,0.0
1913,0,0.0
1914,0,0.0
1915,0,0.0
1916,0,0.0
1917,0,0.0
1918,0,0.0
1919,0,0.0
1920,0,0.0
1921,0,0.0
1922,0,0.0
1923,0,0.0
1924,1,527.5264888488258
1925,1,238.6975625594133
1926,1,90.62111841788217
1927,0,0.0
1928,4,399.67971916468156
1929,9,2319.999864105238
1930,2,61.83791124047923
1931,4,1364.7914731089759
1932,46,15076.084787264892
1933,26,12351.724443412477
1934,9,3262.4274945673887
1935,16,4965.617053520655
1936,51,13340.25040684305
1937,59,18755.472013320075
1938,59,16672.844102263756
1939,38,9003.531443748798
1940,52,16607.573926396493
1941,126,25305.059531350726
1942,51,18407.305182381842
1943,37,12282.830360581582
1944,35,11810.279284864722
1945,29,9053.527940138343
1946,38,11371.174124827843
1947,49,14068.59452391565
1948,21,6617.811582615279
1949,18,7014.409354693958
1950,45,13240.195525166639
1951,38,10384.198495035984
1952,34,10338.930350093731
1953,40,16214.139172950778
1954,26,6160.762680206102
1955,17,5602.044982293347
1956,19,6893.073108152743
1957,8,981.2390585901775
1958,8,3260.1414175412237
1959,10,2057.052225718972
1960,4,1261.27902290819
1961,4,1809.2978072696667
1962,11,2885.4321949341916
1963,19,4785.339622926624
1964,8,697.0929102890028
1965,2,778.0710377601267
1966,0,0.0
1967,0,0.0
1968,0,0.0
1969,0,0.0
1970,0,0.0
1971,0,0.0
1972,0,0.0
1973,0,0.0
1974,0,0.0
1975,0,0.0
1976,0,0.0
1977,0,0.0
1978,0,0.0
1979,0,0.0
1980,1,103.57407840354243
1981,0,0.0
1982,0,0.0
1983,3,714.612647485787
1984,5,2206.955327136759
1985,7,1704.9628210476717
1986,8,2665.5803479014326
1987,9,2277.4619939284144
1988,23,8439.022324421312
1989,34,12978.651351044307
1990,26,8707.193090352926
1991,24,8187.57085247838
1992,61,19091.390430912048
1993,61,17824.79423762716
1994,76,26119.017807493175
1995,88,26880.4685539006
1996,140,50063.51246680262
1997,144,42342.44890330696
1998,37,14057.206696917548
1999,27,12289.022016712857
2000,41,11565.035999317006
2001,58,16841.88403464451
2002,45,14094.363373900731
2003,40,12481.949897221071
2004,39,9541.6436876929
2005,132,32894.80673760179
2006,113,31607.914658248897
2007,74,25769.28503364929
2008,68,21312.389876786492
2009,42,12372.969720827667
2010,14,4190.196992347545
2011,3,1571.5183355601177
2012,31,9719.59864929508
2013,28,6044.552615414374
2014,20,4432.241199230971
2015,6,1738.0698441608095
2016,5,879.2884130622438
2017,16,5282.472572686084
2018,17,4868.865960824436
2019,10,3156.329852397211
2020,0,0.0
2021,1,189.08812488738025
2022,0,0.0
2023,0,0.0
2024,0,0.0
2025,0,0.0
2026,0,0.0
2027,0,0.0
2028,0,0.0
2029,0,0.0
2030,0,0.0
2031,0,0.0
2032,0,0.0
2033,0,0.0
2034,0,0.0
2035,0,0.0
2036,0,0.0
2037,0,0.0
2038,0,0.0
2039,2,934.203820740986
2040,10,295.24970877210023
2041,24,9794.135443542818
2042,18,7526.022797037348
2043,30,7028.3929415922485
2044,18,4917.620365883161
2045,18,4421.578446534732
2046,28,9655.980249913739
2047,82,22650.332983699514
2048,47,17523.213276732524
2049,47,15853.275493986655
2050,73,19213.960715347126
2051,64,14635.757784920792
2052,44,12881.122982097208
2053,49,13540.147871077203
2054,43,19471.853489149733
2055,64,23634.305834322622
2056,59,17961.20766563327
2057,38,13605.175953573469
2058,77,20438.038616497633
2059,117,38945.39940117902
2060,111,45369.63974112199
2061,57,15486.480546209981
2062,80,23738.368762239326
2063,91,23396.722497861458
2064,32,9062.487823325087
2065,8,3381.61932319364
2066,14,4248.565186229926
2067,39,11165.43122928584
2068,56,18189.883814552526
2069,30,9401.732022391081
2070,8,3058.7582535828737
2071,5,1027.165911261688
2072,14,5860.033793062886
2073,8,2356.165454404637
2074,8,2621.083048920648
2075,0,0.0
2076,0,0.0
2077,0,0.0
2078,0,0.0
2079,0,0.0
2080,0,0.0
2081,0,0.0
2082,0,0.0
2083,0,0.0
2084,0,0.0
2085,0,0.0
2086,0,0.0
2087,0,0.0
2088,0,0.0
2089,1,244.75869983173135
2090,1,508.04010517525273
2091,1,508.04010517525404
2092,1,508.04010517525273
2093,1,115.00711407904656
2094,3,296.1034838327724
2095,6,2812.491661671328
2096,37,8850.284010984193
2097,24,9439.035299614401
2098,24,8797.38921228629
2099,26,8095.505587545387
2100,26,9311.419640414113
2101,46,13728.74599406055
2102,47,14151.017546637191
2103,20,5838.354261549204
2104,33,9827.694844582431
2105,53,13803.77128222785
2106,60,24056.00145116089
2107,93,28644.247464865373
2108,113,36659.48491441337
2109,63,21442.857130961445
2110,58,18743.98229229852
2111,38,14202.77993594644
2112,35,8552.474526062153
2113,40,12667.289720890469
2114,89,18794.088589223877
2115,51,9154.055962224707
2116,13,5191.873951677348
2117,73,26292.085724421573
2118,61,13880.55116439507
2119,9,2235.521221077811
2120,13,3497.367846121139
2121,26,8317.07216277032
2122,16,3521.56914395754
2123,68,26289.05138696832
2124,51,13900.6267615947
2125,5,1639.3234158318846
2126,4,1109.2658177106775
2127,24,5995.097684581821
2128,2,1011.4780855503873
2129,9,2974.2865077256774
2130,0,0.0
2131,0,0.0
2132,0,0.0
2133,0,0.0
2134,0,0.0
2135,0,0.0
2136,0,0.0
2137,0,0.0
2138,0,0.0
2139,0,0.0
2140,0,0.0
2141,0,0.0
2142,0,0.0
2143,0,0.0
2144,0,0.0
2145,0,0.0
2146,0,0.0
2147,0,0.0
2148,0,0.0
2149,0,0.0
2150,15,5901.093967898342
2151,43,8778.80689718445
2152,25,11720.557943294878
2153,29,9482.388830728429
2154,32,6845.57457375971
2155,27,9828.708736874392
2156,22,6411.432071824196
2157,23,7886.212246847105
2158,18,6172.621929536614
2159,29,9725.107146129916
2160,63,14159.371555919322
2161,51,14839.845814212422
2162,50,16007.846347767383
2163,67,20775.19084321132
2164,67,19501.846560354577
2165,39,14101.36059884976
2166,38,10207.480108180862
2167,22,7564.072067598039
2168,29,7714.213691238238
2169,29,7344.682700956607
2170,21,9900.825595737577
2171,69,16751.93872789986
2172,111,24648.96687148975
2173,7,2626.2356328928845
2174,12,3398.1660908815425
2175,32,8603.125179817303
2176,33,9854.370159380756
2177,19,6349.390073202871
2178,111,32620.088235190724
2179,17,2301.0499491588325
2180,1,170.43074561868636
2181,4,887.9449715182255
2182,11,5056.2975682777505
2183,0,0.0
2184,4,1342.604746697807
2185,3,815.6701717871817
2186,0,0.0
2187,0,0.0
2188,0,0.0
2189,0,0.0
2190,0,0.0
2191,0,0.0
2192,0,0.0
2193,0,0.0
2194,0,0.0
2195,0,0.0
2196,0,0.0
2197,0,0.0
2198,0,0.0
2199,0,0.0
2200,0,0.0
2201,0,0.0
2202,0,0.0
2203,0,0.0
2204,0,0.0
2205,0,0.0
2206,0,0.0
2207,0,0.0
2208,5,936.5713581589041
2209,4,1447.9931269826416
2210,9,2297.926375703957
2211,11,4612.796535002429
2212,17,5393.023432141196
2213,28,11438.630947058842
2214,66,15490.099832617787
2215,31,11191.873233097665
2216,24,8374.433211461195
2217,14,3195.3871753086314
2218,19,5856.505087775229
2219,48,14535.614402644416
2220,60,12271.835218251419
2221,35,10785.502167099052
2222,31,10600.333780293136
2223,40,12417.138090028733
2224,30,9565.1069816233
2225,40,11842.41890868064
2226,43,10559.169916524628
2227,16,6247.926597680427
2228,60,28309.860724694754
2229,6,2220.2558484145497
2230,4,1233.4212557861317
2231,9,2749.027150707999
2232,83,20796.29043118478
2233,34,12143.08881645021
2234,39,12203.70327405585
2235,35,10310.021583798778
2236,8,1710.2256229422464
2237,1,13.53289118122607
2238,6,2037.3122615722687
2239,13,5080.823961897535
2240,4,846.3751834072169
2241,2,1026.8292040321512
2242,1,153.00367556852797
2243,1,313.59924674374054
2244,0,0.0
2245,0,0.0
2246,0,0.0
2247,0,0.0
2248,0,0.0
2249,0,0.0
2250,0,0.0
2251,0,0.0
2252,0,0.0
2253,0,0.0
2254,0,0.0
2255,0,0.0
2256,0,0.0
2257,0,0.0
2258,0,0.0
2259,0,0.0
2260,0,0.0
2261,0,0.0
2262,0,0.0
2263,0,0.0
2264,0,0.0
2265,0,0.0
2266,0,0.0
2267,0,0.0
2268,0,0.0
2269,0,0.0
2270,0,0.0
2271,0,0.0
2272,0,0.0
2273,0,0.0
2274,7,1502.4554511178553
2275,12,3226.421476874709
2276,19,5108.716942664821
2277,14,3979.899873894953
2278,34,10357.945577076047
2279,29,9655.39263444806
2280,25,6706.287262926234
2281,42,13255.64243158621
2282,45,12202.527023936445
2283,21,8067.00462336853
2284,25,9196.150776928285
2285,43,12860.226700400728
2286,31,10661.943851575847
2287,22,9317.084199837564
2288,22,3865.5170555127
2289,1,56.82769965940422
2290,1,191.03404618643287
2291,7,2645.7734177769908
2292,46,15494.527580126582
2293,30,8667.470616327731
2294,9,2694.840776321093
2295,11,3138.2386244772597
2296,12,4183.577389043125
2297,3,1541.4227673240168
2298,5,2375.991073643215
2299,10,1639.5029474210041
2300,6,1418.6275508409858
2301,2,608.4635278115711
2302,1,270.9125477565683
2303,0,0.0
2304,0,0.0
2305,0,0.0
2306,0,0.0
2307,0,0.0
2308,0,0.0
2309,0,0.0
2310,0,0.0
2311,0,0.0
2312,0,0.0
2313,0,0.0
2314,0,0.0
2315,0,0.0
2316,0,0.0
2317,0,0.0
2318,0,0.0
2319,0,0.0
2320,0,0.0
2321,0,0.0
2322,0,0.0
2323,0,0.0
2324,0,0.0
2325,0,0.0
2326,0,0.0
2327,0,0.0
2328,0,0.0
2329,0,0.0
2330,0,0.0
2331,0,0.0
2332,0,0.0
2333,0,0.0
2334,0,0.0
2335,0,0.0
2336,1,40.18268661659613
2337,5,1903.9692912507273
2338,23,6697.428907793523
2339,24,8098.171660396734
2340,19,6271.885645845691
2341,31,5938.332813640849
2342,48,16903.89004255291
2343,37,12566.586021474759
2344,36,13560.166512238171
2345,43,11778.469732348967
2346,51,13406.903969471026
2347,21,6182.303657760906
2348,16,3451.315289980349
2349,4,2007.7949105926623
2350,1,444.70286449883696
2351,4,1145.3134125723973
2352,13,4755.665463991738
2353,22,7749.876335977669
2354,20,5383.095201209764
2355,6,871.36474939675
2356,1,98.19535937468031
2357,2,280.8790250169987
2358,2,986.4419691120961
2359,3,524.4576256808749
2360,2,911.648948522735
2361,4,524.849337404929
2362,0,0.0
2363,1,518.9516219382393
2364,0,0.0
2365,0,0.0
2366,0,0.0
2367,0,0.0
2368,0,0.0
2369,0,0.0
2370,0,0.0
2371,0,0.0
2372,0,0.0
2373,0,0.0
2374,0,0.0
2375,0,0.0
2376,0,0.0
2377,0,0.0
2378,0,0.0
2379,0,0.0
2380,0,0.0
2381,0,0.0
2382,0,0.0
2383,0,0.0
2384,0,0.0
2385,0,0.0
2386,0,0.0
2387,0,0.0
2388,0,0.0
2389,0,0.0
2390,0,0.0
2391,0,0.0
2392,0,0.0
2393,0,0.0
2394,0,0.0
2395,0,0.0
2396,0,0.0
2397,2,298.9607942221642
2398,8,1328.1221094669668
2399,12,1950.754057780872
2400,17,4774.649259560803
2401,137,26873.339327960493
2402,142,52782.574360978324
2403,95,35580.199309629315
2404,79,19868.602117771366
2405,49,14179.770528377563
2406,48,14085.9940637656
2407,35,9465.622600227221
2408,13,4331.296465722592
2409,6,1186.430738556179
2410,3,693.8671867073872
2411,7,2586.780405067924
2412,14,4161.109435740731
2413,8,666.1594368293814
2414,5,613.9594185791309
2415,0,0.0
2416,0,0.0
2417,0,0.0
2418,3,290.64349182367
2419,2,936.2853593595739
2420,3,1395.3541585297153
2421,2,441.4347575699186
2422,0,0.0
2423,1,518.9516219382393
2424,0,0.0
2425,0,0.0
2426,0,0.0
2427,0,0.0
2428,0,0.0
2429,0,0.0
2430,0,0.0
2431,0,0.0
2432,0,0.0
2433,0,0.0
2434,0,0.0
2435,0,0.0
2436,0,0.0
2437,0,0.0
2438,0,0.0
2439,0,0.0
2440,0,0.0
2441,0,0.0
2442,0,0.0
2443,0,0.0
2444,0,0.0
2445,0,0.0
2446,0,0.0
2447,0,0.0
2448,0,0.0
2449,0,0.0
2450,0,0.0
2451,0,0.0
2452,0,0.0
2453,0,0.0
2454,0,0.0
2455,0,0.0
2456,11,3133.2889112827625
2457,47,16034.905861435922
2458,61,20204.592083946212
2459,49,17007.974927477946
2460,70,21287.762795351176
2461,72,17212.23275545726
2462,21,4771.670278775184
2463,13,2797.6067737539424
2464,11,3555.818101626458
2465,8,2202.809027620321
2466,8,2004.9472258879177
2467,2,263.79203301224493
2468,2,136.4911356125976
2469,0,0.0
2470,0,0.0
2471,0,0.0
2472,0,0.0
2473,0,0.0
2474,0,0.0
2475,0,0.0
2476,0,0.0
2477,0,0.0
2478,0,0.0
2479,1,179.98536255329515
2480,0,0.0
2481,0,0.0
2482,0,0.0
2483,0,0.0
2484,0,0.0
2485,0,0.0
2486,0,0.0
2487,0,0.0
2488,0,0.0
2489,0,0.0
2490,0,0.0
2491,0,0.0
2492,0,0.0
2493,0,0.0
2494,0,0.0
2495,0,0.0
2496,0,0.0
2497,0,0.0
2498,0,0.0
2499,0,0.0
2500,0,0.0
2501,0,0.0
2502,0,0.0
2503,0,0.0
2504,0,0.0
2505,0,0.0
2506,0,0.0
2507,0,0.0
2508,0,0.0
2509,0,0.0
2510,0,0.0
2511,0,0.0
2512,0,0.0
2513,3,99.79316132874037
2514,14,1031.0732988375958
2515,19,6483.626289295807
2516,21,7061.976179568556
2517,27,8638.284141337954
2518,17,3119.9991781119943
2519,5,1262.915511934676
2520,9,3044.5687867902034
2521,9,1928.87724746088
2522,2,574.5569443648569
2523,0,0.0
2524,0,0.0
2525,0,0.0
2526,0,0.0
2527,0,0.0
2528,0,0.0
2529,0,0.0
2530,0,0.0
2531,0,0.0
2532,0,0.0
2533,0,0.0
2534,0,0.0
2535,0,0.0
2536,0,0.0
2537,0,0.0
2538,0,0.0
2539,0,0.0
2540,0,0.0
2541,0,0.0
2542,0,0.0
2543,0,0.0
2544,0,0.0
2545,0,0.0
2546,0,0.0
2547,0,0.0
2548,0,0.0
2549,0,0.0
2550,0,0.0
2551,0,0.0
2552,0,0.0
2553,0,0.0
2554,0,0.0
2555,0,0.0
2556,0,0.0
2557,0,0.0
2558,0,0.0
2559,0,0.0
2560,0,0.0
2561,0,0.0
2562,0,0.0
2563,0,0.0
2564,0,0.0
2565,0,0.0
2566,0,0.0
2567,0,0.0
2568,0,0.0
2569,0,0.0
2570,0,0.0
2571,0,0.0
2572,9,2026.2222702935414
2573,17,4562.388230301399
2574,13,3069.860787670699
2575,1,4.056458983673573
2576,2,823.7611792826223
2577,4,791.2403132098397
2578,0,0.0
2579,0,0.0
2580,0,0.0
2581,0,0.0
2582,0,0.0
2583,0,0.0
2584,0,0.0
2585,0,0.0
2586,0,0.0
2587,0,0.0
2588,0,0.0
2589,0,0.0
2590,0,0.0
2591,0,0.0
2592,0,0.0
2593,0,0.0
2594,0,0.0
2595,0,0.0
2596,0,0.0
2597,0,0.0
2598,0,0.0
2599,0,0.0
2600,0,0.0
2601,0,0.0
2602,0,0.0
2603,0,0.0
2604,0,0.0
2605,0,0.0
2606,0,0.0
2607,0,0.0
2608,0,0.0
2609,0,0.0
2610,0,0.0
2611,0,0.0
2612,0,0.0
2613,0,0.0
2614,0,0.0
2615,0,0.0
2616,0,0.0
2617,0,0.0
2618,0,0.0
2619,0,0.0
2620,0,0.0
2621,0,0.0
2622,0,0.0
2623,0,0.0
2624,0,0.0
2625,0,0.0
2626,0,0.0
2627,3,317.2608414652875
2628,2,792.2454418260545
2629,0,0.0
2630,0,0.0
2631,1,253.88369760032816
2632,0,0.0
2633,0,0.0
2634,0,0.0
2635,0,0.0
2636,0,0.0
2637,0,0.0
2638,0,0.0
2639,0,0.0
2640,0,0.0
2641,0,0.0
2642,0,0.0
2643,0,0.0
2644,0,0.0
2645,0,0.0
2646,0,0.0
2647,0,0.0
2648,0,0.0
2649,0,0.0
2650,0,0.0
2651,0,0.0
2652,0,0.0
2653,0,0.0
2654,0,0.0
2655,0,0.0
2656,0,0.0
2657,0,0.0
2658,0,0.0
2659,0,0.0
2660,0,0.0
2661,0,0.0
2662,0,0.0
2663,0,0.0
2664,0,0.0
2665,0,0.0
2666,0,0.0
2667,0,0.0
2668,0,0.0
2669,0,0.0
2670,0,0.0
2671,0,0.0
2672,0,0.0
2673,0,0.0
2674,0,0.0
2675,0,0.0
2676,0,0.0
2677,0,0.0
2678,0,0.0
2679,0,0.0
2680,0,0.0
2681,0,0.0
2682,0,0.0
2683,0,0.0
2684,0,0.0
2685,0,0.0
2686,0,0.0
2687,0,0.0
2688,0,0.0
2689,0,0.0
2690,0,0.0
2691,0,0.0
2692,0,0.0
2693,0,0.0
2694,0,0.0
2695,0,0.0
2696,0,0.0
2697,0,0.0
2698,0,0.0
2699,0,0.0
2700,0,0.0
2701,0,0.0
2702,0,0.0
2703,0,0.0
2704,0,0.0
2705,0,0.0
2706,0,0.0
2707,0,0.0
2708,0,0.0
2709,0,0.0
2710,0,0.0
2711,0,0.0
2712,0,0.0
2713,0,0.0
2714,0,0.0
2715,0,0.0
2716,0,0.0
2717,0,0.0
2718,0,0.0
2719,0,0.0
2720,0,0.0
2721,0,0.0
2722,0,0.0
2723,0,0.0
2724,0,0.0
2725,0,0.0
2726,0,0.0
2727,0,0.0
2728,0,0.0
2729,0,0.0
2730,0,0.0
2731,0,0.0
2732,0,0.0
2733,0,0.0
2734,0,0.0
2735,0,0.0
2736,0,0.0
2737,0,0.0
2738,0,0.0
2739,0,0.0
2740,0,0.0
2741,0,0.0
2742,0,0.0
2743,0,0.0
2744,0,0.0
2745,0,0.0
2746,0,0.0
2747,0,0.0
2748,0,0.0
2749,0,0.0
2750,0,0.0
2751,0,0.0
2752,0,0.0
2753,0,0.0
2754,0,0.0
2755,0,0.0
2756,0,0.0
2757,0,0.0
2758,0,0.0
2759,0,0.0
2760,0,0.0
2761,0,0.0
2762,0,0.0
2763,0,0.0
2764,0,0.0
2765,0,0.0
2766,0,0.0
2767,0,0.0
2768,0,0.0
2769,0,0.0
2770,0,0.0
2771,0,0.0
2772,0,0.0
2773,0,0.0
2774,0,0.0
2775,0,0.0
2776,0,0.0
2777,0,0.0
2778,0,0.0
2779,0,0.0
2780,0,0.0
2781,0,0.0
2782,0,0.0
2783,0,0.0
2784,0,0.0
2785,0,0.0
2786,0,0.0
2787,0,0.0
2788,0,0.0
2789,0,0.0
2790,0,0.0
2791,0,0.0
2792,0,0.0
2793,0,0.0
2794,0,0.0
2795,0,0.0
2796,0,0.0
2797,0,0.0
2798,0,0.0
2799,0,0.0
2800,0,0.0
2801,0,0.0
2802,0,0.0
2803,0,0.0
2804,0,0.0
2805,0,0.0
2806,0,0.0
2807,0,0.0
2808,0,0.0
2809,0,0.0
2810,0,0.0
2811,0,0.0
2812,0,0.0
2813,0,0.0
2814,0,0.0
2815,0,0.0
2816,0,0.0
2817,0,0.0
2818,0,0.0
2819,0,0.0
2820,0,0.0
2821,0,0.0
2822,0,0.0
2823,0,0.0
2824,0,0.0
2825,0,0.0
2826,0,0.0
2827,0,0.0
2828,0,0.0
2829,0,0.0
2830,0,0.0
2831,0,0.0
2832,0,0.0
2833,0,0.0
2834,0,0.0
2835,0,0.0
2836,0,0.0
2837,0,0.0
2838,0,0.0
2839,0,0.0
2840,0,0.0
2841,0,0.0
2842,0,0.0
2843,0,0.0
2844,0,0.0
2845,0,0.0
2846,0,0.0
2847,0,0.0
2848,0,0.0
2849,0,0.0
2850,0,0.0
2851,0,0.0
2852,0,0.0
2853,0,0.0
2854,0,0.0
2855,0,0.0
2856,0,0.0
2857,0,0.0
2858,0,0.0
2859,0,0.0
2860,0,0.0
2861,0,0.0
2862,0,0.0
2863,0,0.0
2864,0,0.0
2865,0,0.0
2866,0,0.0
2867,0,0.0
2868,0,0.0
2869,0,0.0
2870,0,0.0
2871,0,0.0
2872,0,0.0
2873,0,0.0
2874,0,0.0
2875,0,0.0
2876,0,0.0
2877,0,0.0
2878,0,0.0
2879,0,0.0
2880,0,0.0
2881,0,0.0
2882,0,0.0
2883,0,0.0
2884,0,0.0
2885,0,0.0
2886,0,0.0
2887,0,0.0
2888,0,0.0
2889,0,0.0
2890,0,0.0
2891,0,0.0
2892,0,0.0
2893,0,0.0
2894,0,0.0
2895,0,0.0
2896,0,0.0
2897,0,0.0
2898,0,0.0
2899,0,0.0
2900,0,0.0
2901,0,0.0
2902,0,0.0
2903,0,0.0
2904,0,0.0
2905,0,0.0
2906,0,0.0
2907,0,0.0
2908,0,0.0
2909,0,0.0
2910,0,0.0
2911,0,0.0
2912,0,0.0
2913,0,0.0
2914,0,0.0
2915,0,0.0
2916,0,0.0
2917,0,0.0
2918,0,0.0
2919,0,0.0
2920,0,0.0
2921,0,0.0
2922,0,0.0
2923,0,0.0
2924,0,0.0
2925,0,0.0
2926,0,0.0
2927,0,0.0
2928,0,0.0
2929,0,0.0
2930,0,0.0
2931,0,0.0
2932,0,0.0
2933,0,0.0
2934,0,0.0
2935,0,0.0
2936,0,0.0
2937,0,0.0
2938,0,0.0
2939,0,0.0
2940,0,0.0
2941,0,0.0
2942,0,0.0
2943,0,0.0
2944,0,0.0
2945,0,0.0
2946,0,0.0
2947,0,0.0
2948,0,0.0
2949,0,0.0
2950,0,0.0
2951,0,0.0
2952,0,0.0
2953,0,0.0
2954,0,0.0
2955,0,0.0
2956,0,0.0
2957,0,0.0
2958,0,0.0
2959,0,0.0
2960,0,0.0
2961,0,0.0
2962,0,0.0
2963,0,0.0
2964,0,0.0
2965,0,0.0
2966,0,0.0
2967,0,0.0
2968,0,0.0
2969,0,0.0
2970,0,0.0
2971,0,0.0
2972,0,0.0
2973,0,0.0
2974,0,0.0
2975,0,0.0
2976,0,0.0
2977,0,0.0
2978,0,0.0
2979,0,0.0
2980,0,0.0
2981,0,0.0
2982,0,0.0
2983,0,0.0
2984,0,0.0
2985,0,0.0
2986,0,0.0
2987,0,0.0
2988,0,0.0
2989,0,0.0
2990,0,0.0
2991,0,0.0
2992,0,0.0
2993,0,0.0
2994,0,0.0
2995,0,0.0
2996,0,0.0
2997,0,0.0
2998,0,0.0
2999,0,0.0
3000,0,0.0
3001,0,0.0
3002,0,0.0
3003,0,0.0
3004,0,0.0
3005,0,0.0
3006,0,0.0
3007,0,0.0
3008,0,0.0
3009,0,0.0
3010,0,0.0
3011,0,0.0
3012,0,0.0
3013,0,0.0
3014,0,0.0
3015,0,0.0
3016,0,0.0
3017,0,0.0
3018,0,0.0
3019,0,0.0
3020,0,0.0
3021,0,0.0
3022,0,0.0
3023,0,0.0
3024,0,0.0
3025,0,0.0
3026,0,0.0
3027,0,0.0
3028,0,0.0
3029,0,0.0
3030,0,0.0
3031,0,0.0
3032,0,0.0
3033,0,0.0
3034,0,0.0
3035,0,0.0
3036,0,0.0
3037,0,0.0
3038,0,0.0
3039,0,0.0
3040,0,0.0
3041,0,0.0
3042,0,0.0
3043,0,0.0
3044,0,0.0
3045,0,0.0
3046,0,0.0
3047,0,0.0
3048,0,0.0
3049,0,0.0
3050,0,0.0
3051,0,0.0
3052,0,0.0
3053,0,0.0
3054,0,0.0
3055,0,0.0
3056,0,0.0
3057,0,0.0
3058,0,0.0
3059,0,0.0
3060,0,0.0
3061,0,0.0
3062,0,0.0
3063,0,0.0
3064,0,0.0
3065,0,0.0
3066,0,0.0
3067,0,0.0
3068,0,0.0
3069,0,0.0
3070,0,0.0
3071,0,0.0
3072,0,0.0
3073,0,0.0
3074,0,0.0
3075,0,0.0
3076,0,0.0
3077,0,0.0
3078,0,0.0
3079,0,0.0
3080,0,0.0
3081,0,0.0
3082,0,0.0
3083,0,0.0
3084,0,0.0
3085,0,0.0
3086,0,0.0
3087,0,0.0
3088,0,0.0
3089,0,0.0
3090,0,0.0
3091,0,0.0
3092,0,0.0
3093,0,0.0
3094,0,0.0
3095,0,0.0
3096,0,0.0
3097,0,0.0
3098,0,0.0
3099,0,0.0
3100,0,0.0
3101,0,0.0
3102,0,0.0
3103,0,0.0
3104,0,0.0
3105,0,0.0
3106,0,0.0
3107,0,0.0
3108,0,0.0
3109,0,0.0
3110,0,0.0
3111,0,0.0
3112,0,0.0
3113,0,0.0
3114,0,0.0
3115,0,0.0
3116,0,0.0
3117,0,0.0
3118,0,0.0
3119,0,0.0
3120,0,0.0
3121,0,0.0
3122,0,0.0
3123,0,0.0
3124,0,0.0
3125,0,0.0
3126,0,0.0
3127,0,0.0
3128,0,0.0
3129,0,0.0
3130,0,0.0
3131,0,0.0
3132,0,0.0
3133,0,0.0
3134,0,0.0
3135,0,0.0
3136,0,0.0
3137,0,0.0
3138,0,0.0
3139,0,0.0
3140,0,0.0
3141,0,0.0
3142,0,0.0
3143,0,0.0
3144,0,0.0
3145,0,0.0
3146,0,0.0
3147,0,0.0
3148,0,0.0
3149,0,0.0
3150,0,0.0
