grid_id,distance_km
1,14.30099905957653
2,14.508748147865356
3,14.637157243682093
4,13.727486127413865
5,13.808927356475916
6,13.90787813056031
7,14.023967821291038
8,14.156774802570512
9,14.305833501365242
10,14.470641710956462
11,14.650667933065774
12,14.845358542084814
13,15.054144598785392
14,15.276448178789078
15,13.682126432528486
16,13.544119870769878
17,13.119701875293611
18,13.16697294956861
19,13.23298061710816
20,13.317446278128893
21,13.420021413132615
22,13.54029446086852
23,13.67779855989682
24,13.832019838158283
25,14.002405941883456
26,14.188374519985787
27,14.389321418241748
28,14.60462838402811
29,14.833670132291884
30,15.07582067257823
31,15.330458842116434
32,15.596973029017994
33,15.874765101443344
34,16.16325358286791
35,14.165291651062848
36,13.365099512986276
37,13.204865934575588
38,13.061817779627903
39,12.936525154240316
40,12.829508269001632
41,12.741227640320615
42,12.67207485538808
43,12.622364299078349
44,12.621191620881241
45,12.670322698696022
46,12.738904059893866
47,12.826623718082216
48,12.933092258364123
49,13.057851075940743
50,13.200381588406286
51,13.360115023368042
52,13.536442398049543
53,13.728724345466407
54,13.936300495895273
55,14.15849818554142
56,14.394640329930736
57,14.644052362176161
58,14.906068191989666
59,15.180035187783158
60,15.465318220470722
61,15.761302833792405
62,16.067397623031592
63,13.49318300299006
64,13.27812437471003
65,13.078653840069224
66,12.895494780210887
67,12.729351318293288
68,12.58089759685786
69,12.450766390094735
70,12.339537392414737
71,12.247725601796045
72,12.175770274400675
73,12.124024955973486
74,12.092749087414187
75,12.082101632135258
76,12.092137081894759
77,12.1228040718896
78,12.173946686408312
79,12.245308378379072
80,12.33653827618143
81,12.447199524301773
82,12.576779212336803
83,12.72469939581898
84,12.890328703025563
85,13.072994049954032
86,13.27199204295355
87,13.486599725146108
88,13.71608440862041
89,13.959712420479468
90,14.2167566702317
91,14.486503014139275
92,14.768255446624531
93,15.06134018920109
94,15.365108774523295
95,15.678940238773205
96,14.080606902908867
97,13.047370930060968
98,12.824838694684967
99,12.618204583171794
100,12.428261594481604
101,12.255785801773595
102,12.101524076621262
103,11.966180858366334
104,11.850404368342105
105,11.754772777527878
106,11.67978092300533
107,11.62582821856095
108,11.593208405164502
109,11.58210172998259
110,11.592570027468216
111,11.624555010831306
112,11.677879882835414
113,11.75225416318167
114,11.847281429682914
115,11.962469503919266
116,12.097242495308064
117,12.250954058699921
118,12.42290121937967
119,12.612338168022363
120,12.81848951408248
121,13.040562594486916
122,13.277758551006269
123,13.529282002268594
124,13.794349236372032
125,14.072194932315515
126,14.362077481032305
127,14.663283020158348
128,14.97512832290104
129,15.29696269347094
130,13.672285521765005
131,13.385588920430575
132,13.111696690544766
133,12.851427526268488
134,12.605625284809166
135,12.375152046706699
136,12.160879389961805
137,11.963677816427797
138,11.78440436565953
139,11.623888575320404
140,11.48291709321081
141,11.362217403642733
142,11.262441284452079
143,11.184148740240332
144,11.127793240436677
145,11.093709107417457
146,11.082101836659227
147,11.093041984783733
148,11.126463042416642
149,11.182163439708445
150,11.259812545084444
151,11.358960247686836
152,11.479049493168787
153,11.619430994016335
154,11.779379269842542
155,11.958109187529818
156,12.154792252398797
157,12.368572029828773
158,12.598578229909574
159,12.84393914549739
160,13.103792280531962
161,13.377293130129797
162,13.663622171573197
163,13.961990195011435
164,14.271642146707723
165,14.59185968003301
166,14.921962614879515
167,13.577801466548122
168,13.27024084269329
169,12.974663439996197
170,12.691906505299459
171,12.422845491164717
172,12.168388942478801
173,11.929471438983756
174,11.707044382405748
175,11.50206448989514
176,11.315479967186347
177,11.148214486898086
178,11.001149285596172
179,10.875103905805313
180,10.77081632561575
181,10.688923410626513
182,10.629942757904596
183,10.594257047779102
184,10.582101953416721
185,10.59355847251502
186,10.628550252441936
187,10.686846112243424
188,10.76806756966454
189,10.871700811876217
190,10.997112252816136
191,11.143566630981644
192,11.310246532114869
193,11.496272264317039
194,11.700721145869343
195,11.922645456922837
196,12.161088522396819
197,12.415098606441289
198,12.683740487953433
199,12.966104739814423
200,13.261314847402078
201,13.56853237605363
202,13.88696043769494
203,14.215845720750954
204,14.554479341916771
205,13.857827917218446
206,13.519689121474935
207,13.191838131944179
208,12.875060879759182
209,12.570194589408475
210,12.278126541687168
211,11.999791278675296
212,11.7361659024513
213,11.488263117109971
214,11.257121692779114
215,11.043794101853173
216,10.84933120160942
217,10.674764019888425
218,10.521082940381818
219,10.389214869107393
220,10.279999268218404
221,10.194164228256268
222,10.132303966559064
223,10.09485923769308
224,10.082102081754883
225,10.094126101105283
226,10.130843059839775
227,10.191986090119656
228,10.277119237377825
229,10.385652563867623
230,10.516861629567014
231,10.669909929026945
232,10.843872797651056
233,11.03776139485382
234,11.250545585340037
235,11.48117482341868
236,11.728596449873777
237,11.991771096968145
238,12.269685138591347
239,12.561360306840106
240,12.865860721939555
241,13.182297655357193
242,13.5098323761816
243,13.847677429468575
244,14.195096672749438
245,14.551404362012313
246,13.855132473548213
247,13.498418248730443
248,13.15104157759939
249,12.813761896251883
250,12.487397378634407
251,12.172825992760032
252,11.87098530064388
253,11.582870601288432
254,11.309530968359415
255,11.052062707131618
256,10.811599763238474
257,10.589300675613432
258,10.386331795038895
259,10.203846701843608
260,10.042962056724773
261,9.904730497641129
262,9.79011162290763
263,9.699942522875064
264,9.634909667722303
265,9.595524147395883
266,9.582102223486572
267,9.594752856610487
268,9.633373331160996
269,9.697653380875845
270,9.787087434661116
271,9.900993879999637
272,10.038539693096757
273,10.198768480947487
274,10.380629936861093
275,10.583008893700576
276,10.804752500739399
277,11.044694471117031
278,11.301675774787203
279,11.574561532796857
280,11.862254171724256
281,12.163703111827347
282,12.477911393769679
283,12.803939710450685
284,13.140908319707004
285,13.487997287404589
286,13.844445463185671
287,14.209548534039044
288,13.514162811435654
289,13.148201240172712
290,12.791317180422352
291,12.444291645901618
292,12.107972329269076
293,11.7832759996715
294,11.471189678604535
295,11.172770113119308
296,10.889140983507414
297,10.621487217748257
298,10.371045756088362
299,10.139092140471318
300,9.926922422939349
301,9.73583012121436
302,9.567078316144048
303,9.421867482899685
304,9.30130024369772
305,9.206344854582628
306,9.137799786578213
307,9.096262105814546
308,9.082102380823862
309,9.095448477884707
310,9.13617985658908
311,9.203932949018743
312,9.298117072188415
313,9.417939288730334
314,9.562435871905194
315,9.730507651833387
316,9.920956532536412
317,10.132520805730708
318,10.363907430918827
319,10.613820075483817
320,10.88098230642951
321,11.164155826166208
322,11.462154015236825
323,11.773851282698388
324,12.098188847310464
325,12.434177606230179
326,12.780898720409489
327,13.137502481805807
328,13.50320594590568
329,13.877289727307392
330,14.259094274662754
331,13.18334165257089
332,12.807930999443249
333,12.441289959027085
334,12.08421678068864
335,11.737584698768558
336,11.402345983123585
337,11.07953488540667
338,10.770268921203044
339,10.4757478011415
340,10.197249205114574
341,9.936120505977097
342,9.693765525707096
343,9.471625490140337
344,9.271153584293865
345,9.093782939000347
346,8.940888518471896
347,8.813744201974062
348,8.713477274654487
349,8.641023410106525
350,8.59708583952131
351,8.582102556494336
352,8.596224964964296
353,8.639310331638992
354,8.710928903650462
355,8.810384879364909
356,8.936748910013675
357,9.088898747302636
358,9.265564192039696
359,9.465372636874738
360,9.68689209772597
361,9.928669491481456
362,10.189262840321836
363,10.467266911054299
364,10.761332442840946
365,11.070179551544314
366,11.39260614001549
367,11.727492230635134
368,12.073801115543366
369,12.43057813361008
370,12.79694776475523
371,13.172109605221278
372,13.555333666496427
373,13.94595533364926
374,14.343370229002286
375,12.863452015801618
376,12.478421259154523
377,12.101801373308367
378,11.734402236036445
379,11.377117174187227
380,11.030928997744239
381,10.696915158650345
382,10.376251407394308
383,10.070213137145664
384,9.780173412860835
385,9.507596507199848
386,9.254025648430392
387,9.021063687830628
388,8.810345590156219
389,8.62350211782162
390,8.462114873609478
391,8.327663987712974
392,8.221471087970835
393,8.144641564146895
394,8.098011210570034
395,8.082102753900545
396,8.097097275116285
397,8.142824058076188
398,8.218770163404814
399,8.324108502233857
400,8.457740934496089
401,8.618351412720392
402,8.804463665166004
403,9.014498310461718
404,9.246825355083006
405,9.499809393113885
406,9.77184618501456
407,10.061390421888637
408,10.36697528596269
409,10.687224894136456
410,11.020860914463027
411,11.366704652361987
412,11.723675789278566
413,12.090788781969737
414,12.467147738287776
415,12.851940401604063
416,13.244431714666794
417,13.643957299939062
418,14.049917087322942
419,14.461769238884226
420,12.555329481827663
421,12.160546770410436
422,11.773763082100322
423,11.395792928599452
424,11.027542601577474
425,10.670018518620054
426,10.324335065551859
427,9.991721268323715
428,9.67352537919663
429,9.371216176145449
430,9.086379475794466
431,8.82070809721236
432,8.575983366023776
433,8.3540463281218
434,8.15675728525093
435,7.985943198432037
436,7.843333993058801
437,7.730490766100204
438,7.6487310609570605
439,7.599058244344369
440,7.582102977342561
441,7.598084292577684
442,7.646795686770017
443,7.727618238066198
444,7.839558851834848
445,7.9813083106387355
446,8.151311655651485
447,8.347842898955905
448,8.569076987852153
449,8.81315379315635
450,9.07823105786116
451,9.362525220153147
452,9.664340528773423
453,9.982087818396577
454,10.31429476853702
455,10.659609558063512
456,11.0167996845022
457,11.38474745642329
458,11.76244336881693
459,12.148978284724777
460,12.543535096646519
461,12.945380337359417
462,13.353856051230318
463,13.768372118557421
464,14.18839913990152
465,14.61346192766269
466,12.671290371291404
467,12.259861297407529
468,11.855243497700073
469,11.458158567058174
470,11.069417198115602
471,10.68992967535457
472,10.320716826951267
473,9.962921016459171
474,9.617816516148176
475,9.286818287033588
476,8.971487794923998
477,8.673534032478289
478,8.394807440951096
479,8.13728402654944
480,7.90303680156087
481,7.694191968291035
482,7.512868254069351
483,7.361099697809552
484,7.240744997524819
485,7.153389929066461
486,7.100252589546254
487,7.082103232334805
488,7.099210206180396
489,7.151320501111994
490,7.237678099205124
491,7.35707711158462
492,7.50794132794677
493,7.688418715313305
494,7.896479069817681
495,8.13000498512501
496,8.386869524217383
497,8.664997390324771
498,8.962409225895897
499,9.277250588968302
500,9.607808170889005
501,9.952516124412476
502,10.309955216429367
503,10.678847125175448
504,11.058045726119815
505,11.446526750025335
506,11.843376798748503
507,12.247782385200317
508,12.659019421476213
509,13.076443402982353
510,13.499480413315526
511,13.927618992045208
512,14.36040285457435
513,13.256858662285902
514,12.825244674075954
515,12.398770112716923
516,11.977983956663625
517,11.56350721123051
518,11.156043132861614
519,10.756388694183453
520,10.365447269580141
521,9.984242407741071
522,9.613932380385458
523,9.255824932047537
524,8.911391279188766
525,8.582277896274999
526,8.270313975114803
527,7.977511680033319
528,7.706055538546087
529,7.458276699160848
530,7.23660767758861
531,7.043514040407901
532,6.881401702815498
533,6.752502406782306
534,6.658745235529712
535,6.601627637922214
536,6.582103526067274
537,6.600506509803322
538,6.656522030613648
539,6.749213650650988
540,6.877098535008965
541,7.0382585643262106
542,7.230469070288597
543,7.451327555173565
544,7.69836876828966
545,7.969158114297048
546,8.261360687486974
547,8.572787164443316
548,8.901420062267192
549,9.245424732429639
550,9.603149370967342
551,9.973117727130234
552,10.354017411482756
553,10.744685938424485
554,11.14409598278235
555,11.551340815314667
556,11.965620501655703
557,12.386229181947673
558,12.812543568933567
559,13.244012687396133
560,13.680148808474216
561,14.120519493987722
562,13.015844276351993
563,12.57596125885945
564,12.140733130351832
565,11.710678900068576
566,11.286390018894444
567,10.868541715275741
568,10.457906022468253
569,10.055366613548536
570,9.661935473338422
571,9.27877127905652
572,8.907199100005172
573,8.548730617186495
574,8.205083456206316
575,7.878197375123283
576,7.570243935269734
577,7.2836249627213085
578,7.0209537782032
579,6.785012255976741
580,6.5786769697138485
581,6.40480991364554
582,6.266114377189503
583,6.16496461839886
584,6.1032276792037345
585,6.08210386809428
586,6.1020149803467545
587,6.162563279875105
588,6.2625702021257865
589,6.400186317181916
590,6.573049844077818
591,6.778464694222447
592,7.013571341970439
593,7.2754918958787815
594,7.561440450409342
595,7.868797941437779
596,8.195155910735576
597,8.53833588934946
598,8.896391353658057
599,9.267598312158908
600,9.65043925599345
601,10.043583881847566
602,10.445868874813481
603,10.856278179370952
604,11.273924572480281
605,11.69803293823639
606,12.127925378322223
607,12.563008132618599
608,13.002760195371208
609,13.446723469173397
610,13.894494284230262
611,12.341908370213817
612,11.89812176676818
613,11.458965962726808
614,11.024994344353212
615,10.596843853294676
616,10.175249334006413
617,9.761060309581472
618,9.355260430654806
619,8.958989735649011
620,8.57356964406035
621,8.200530214543566
622,7.841638550566504
623,7.498926224188336
624,7.1747121108730445
625,6.871615038111284
626,6.5925482622492755
627,6.3406854478182995
628,6.119386513880583
629,5.9320730494787695
630,5.782048946735158
631,5.672273739915059
632,5.605112732016972
633,5.582104271393321
634,5.603792238725162
635,5.669663730141777
636,5.778207868446234
637,5.92708069196487
638,6.113336641078387
639,6.33367857135491
640,6.584685535644749
641,6.862993731704698
642,7.165422689521309
643,7.489050786154117
644,7.831250285598359
645,8.189693546999985
646,8.562340786949674
647,8.94741745477156
648,9.34338688421065
649,9.748921880194157
650,10.162877406729711
651,10.584265517375592
652,11.012233011537434
653,11.44604190357888
654,11.885052571047906
655,12.328709339369682
656,12.77652821907227
657,13.228086509047285
658,13.683013997249569
659,12.123968114985045
660,11.671897969536182
661,11.223894224793446
662,10.780463854929456
663,10.342195138631318
664,9.909772936027245
665,9.483996995028356
666,9.065803790056108
667,8.656292377102595
668,8.256754633387944
669,7.868709959965616
670,7.493943941086756
671,7.134549400644703
672,6.792966546975518
673,6.4720162133926475
674,6.174916454860431
675,5.905268205813764
676,5.6669914364399485
677,5.464191733346526
678,5.300942431008029
679,5.18098349881083
680,5.107366187482441
681,5.082104754049027
682,5.105916968500029
683,5.178125862443412
684,5.296752477263227
685,5.458771488483735
686,5.660458066408737
687,5.897744050029685
688,6.166521242787487
689,6.462861873492126
690,6.78315435132704
691,7.124168885702791
692,7.483073009807171
693,7.857415671083804
694,8.245094322461215
695,8.644314879987363
696,9.05355063510774
697,9.471503495250824
698,9.897069152968335
699,10.329306713266199
700,10.76741271312728
701,11.210699170564865
702,11.65857518099843
703,12.11053155766011
704,12.566128041969419
705,13.024982661226808
706,13.486762868952201
707,11.923024091546331
708,11.463032009275864
709,11.006529980142327
710,10.553970890705573
711,10.105884469948656
712,9.662892955944313
713,9.225730303673906
714,8.795265714815889
715,8.37253237391798
716,7.958762322773148
717,7.555428318003041
718,7.164293156102077
719,6.787466079816522
720,6.42746413002427
721,6.087273158059975
722,5.770398067631579
723,5.480884346254268
724,5.223283696593922
725,5.002528553960754
726,4.823680264205068
727,4.691533933520067
728,4.6101073748296875
729,4.582105342039605
730,4.608501787309699
731,4.68837797982687
732,4.819075371875219
733,4.9966075289042955
734,5.216194604881215
735,5.472776764502705
736,5.761413443953618
737,6.07753932362912
738,6.417093079295882
739,6.776553913785082
740,7.15292124271788
741,7.5436650020141744
742,7.946664773394075
743,8.36014834669763
744,8.78263512488592
745,9.212886577776192
746,9.64986416759622
747,10.09269427908853
748,10.540639315014774
749,10.9930740253727
750,11.449466183425876
751,11.909360824305457
752,12.372367380642652
753,12.838149164099908
754,13.30641474318939
755,11.739949068118413
756,11.272488788200377
757,10.807941655939487
758,10.346700063125478
759,9.889226539743623
760,9.43606914517154
761,8.987880744121341
762,8.545443208437817
763,8.109697835722661
764,7.681783539309969
765,7.263084585966379
766,6.855289713862661
767,6.460464102452703
768,6.0811344153183144
769,5.720384177243484
770,5.381950807406773
771,5.070305104373427
772,4.790677740103589
773,4.5489770902492825
774,4.351527539347721
775,4.204567906906777
776,4.113513175119199
777,4.082106074071084
778,4.111713676565629
779,4.201046145443494
780,4.34642244544113
781,4.5424649071097125
782,4.782947500277633
783,5.061539898934004
784,5.372316586593688
785,5.710024944313156
786,6.07017167984294
787,6.44899864946924
788,6.84340433840825
789,7.250847005490715
790,7.669249093302582
791,8.096911819527941
792,8.532442813831222
793,8.974696637178823
794,9.422726733142467
795,9.875746981649868
796,10.33310107391074
797,10.794238146425347
798,11.258693375335918
799,11.726072483057646
800,12.196039325781566
801,12.668305908609064
802,13.142624317547394
803,11.57559090312173
804,11.101211830900414
805,10.62918169346127
806,10.159827893753956
807,9.693539198290258
808,9.230780115834119
809,8.772109262028565
810,8.318202946734118
811,7.869885616776457
812,7.428169288541677
813,6.994304707211615
814,6.56984761584402
815,6.1567440302078635
816,5.757438354996863
817,5.375006583221808
818,5.0133117923949815
819,4.677167357050139
820,4.372469993486998
821,4.106226150863222
822,3.886346942839997
823,3.7210605905051577
824,3.617857276938851
825,3.582107010460212
826,3.6158111112829165
827,3.7170807565300223
828,3.8806299370919928
829,4.099010620472141
830,4.363999017510454
831,4.667663953512615
832,5.002967733356853
833,5.363980378329009
834,5.745858061002501
835,6.144711890339223
836,6.557444896708247
837,6.98159601605921
838,7.4152061528687545
839,7.856709339642865
840,8.304846838185533
841,8.758600365572631
842,9.21714053933745
843,9.679787140220938
844,10.145978436704636
845,10.615247420393189
846,11.087203306255958
847,11.561517050644428
848,12.03790994610072
849,12.516144583238061
850,12.996017643363226
851,13.477354115133174
852,10.950105239172066
853,10.471265640171312
854,9.994498660018976
855,9.520115693793322
856,9.048491707533291
857,8.580081674400747
858,8.115442125816456
859,7.655259646515272
860,7.200388851558916
861,6.751903359182706
862,6.311164577938966
863,5.879914768763263
864,5.460402645044516
865,5.05555104851073
866,4.669175062276712
867,4.3062507033701065
868,3.973209594064268
869,3.6781780593730296
870,3.430975545605353
871,3.24255956809289
872,3.1235863859863957
873,3.082108250663554
874,3.1212162095723452
875,3.2379916591903015
876,3.424498407515291
877,3.67012107445566
878,3.9638854750424324
879,4.295926840315274
880,4.658066849609392
881,5.043826536818924
882,5.448191029287389
883,5.867314960839957
884,6.298252472534361
885,6.738737535019002
886,7.187014882686885
887,7.6417133080253405
888,8.101751763670645
889,8.566269958285764
890,9.034576932890548
891,9.506112755191094
892,9.9804197843826
893,10.45712094367204
894,10.935903153771672
895,11.416504594084918
896,11.898704824679482
897,12.382317063576574
898,12.867182101028508
899,13.353163467100867
900,13.840143566350966
901,14.328020564449746
902,10.82001411197618
903,10.335148994642143
904,9.851796998494297
905,9.37019228498701
906,8.890618809493459
907,8.413423926904413
908,7.93903656194481
909,7.4679917574931265
910,7.000964237022933
911,6.5388148472152725
912,6.082655584878343
913,5.633941632848222
914,5.194602745199029
915,4.767231590610854
916,4.355352614497119
917,3.9637981475720605
918,3.5992075673381914
919,3.270610718332786
920,2.9898986318873937
921,2.7716589232896083
922,2.6314810554400183
923,2.5821099711725126
924,2.6286672024654085
925,2.766313543220674
926,2.9824637428634273
927,3.2615470770147907
928,3.588911909433349
929,3.952579923513417
930,4.343441885170115
931,4.754796185741187
932,5.181764769461052
933,5.620790467907209
934,6.069257355081044
935,6.525219092129715
936,6.987208566973147
937,7.45410510500568
938,7.92504146831804
939,8.399338166346759
940,8.876456556010295
941,9.3559649608593
942,9.83751389868984
943,10.320817751758073
944,10.805641046374499
945,11.291788068378816
946,11.779094920208045
947,12.267423384613405
948,12.756656139265045
949,13.24669299159369
950,13.737447891498121
951,14.228846542489485
952,10.711704160299789
953,10.221702665205667
954,9.732718260278647
955,9.24491233555247
956,8.758481800525649
957,8.273669246968229
958,7.790776737034417
959,7.31018478045565
960,6.832378859701373
961,6.357987121769202
962,5.887834882082872
963,5.423024889926344
964,4.965057735298698
965,4.516015685639083
966,4.078847512598019
967,3.6578130609854633
968,3.259171021472277
969,2.892195551011973
970,2.570485258347585
971,2.313005365638189
972,2.143033639390632
973,2.082112518008731
974,2.139577504026779
975,2.306597332398151
976,2.561833447340999
977,2.881942048342379
978,3.2477976119353054
979,3.6456533963312356
980,4.0661269095135575
981,4.5028865633456805
982,4.9516246586800055
983,5.4093609713659045
984,5.873992294566404
985,6.344003848888672
986,6.81828308247781
987,7.295997776239511
988,7.77651483049963
989,8.25934514759309
990,8.744105536025872
991,9.230491914478181
992,9.71826014991037
993,10.207212141394177
994,10.697185567125285
995,11.188046228703309
996,11.679682263387608
997,12.17199971786805
998,12.664919126858596
999,13.15837284195723
1000,13.652302926834226
1001,10.62584145619555
1002,10.131688211265326
1003,9.638138065434712
1004,9.145288662829094
1005,8.653259737495413
1006,8.162199669369034
1007,7.672294493874488
1008,7.183780492110375
1009,6.696962111055608
1010,6.212237992463199
1011,5.730139634694079
1012,5.2513902531787515
1013,4.776996854643051
1014,4.308398578051757
1015,3.847713303437147
1016,3.3981608295570718
1017,2.9648096703877656
1018,2.555913875644798
1019,2.1852448599190013
1020,1.875605090601755
1021,1.6614733864796087
1022,1.582116674606782
1023,1.657013135179569
1024,1.8676969476460648
1025,2.175061205192909
1026,2.544305524976125
1027,2.952302484928134
1028,3.3850685843275965
1029,3.83422595561222
1030,4.294634796671218
1031,4.763033423656404
1032,5.237278563620313
1033,5.715915159538817
1034,6.19792590058436
1035,6.682580701138091
1036,7.169343358028827
1037,7.657811929226315
1038,8.147679602284914
1039,8.638708367550006
1040,9.130710904287094
1041,9.62353786170949
1042,10.117068761941121
1043,10.611205383552505
1044,11.105866875216112
1045,11.600986096367468
1046,12.096506841489411
1047,12.592381709759632
1048,13.088570452206676
1049,13.585038676443528
1050,10.562973411242885
1051,10.065734282441245
1052,9.568782890357673
1053,9.072166519684838
1054,8.575943371955027
1055,8.080185893719781
1056,7.584985394524959
1057,7.090458574256375
1058,6.596756941962813
1059,6.104080725991699
1060,5.6126999623632265
1061,5.1229874317238915
1062,4.635471883604706
1063,4.150927479706019
1064,3.6705310651004392
1065,3.196153572335999
1066,2.7309333598689247
1067,2.28048161012839
1068,1.855585010777619
1069,1.4784434687573884
1070,1.1951545709238542
1071,1.082124672340939
1072,1.1889462412480165
1073,1.4683979442462418
1074,1.8435812650261425
1075,2.26746361356565
1076,2.7173499216944803
1077,3.1822303428604597
1078,3.6563902025236037
1079,4.1366397802080135
1080,4.62108082912301
1081,5.108521056761635
1082,5.598177091291934
1083,6.089514439062824
1084,6.582156596560387
1085,7.075831033859713
1086,7.5703358035044275
1087,8.065518181487773
1088,8.56126059024012
1089,9.057471073764875
1090,9.554076701082959
1091,10.051018901995212
1092,10.54825010730945
1093,11.045731287897722
1094,11.54343012464369
1095,12.041319628704333
1096,12.53937708814553
1097,13.037583254453175
1098,13.535921707622522
1099,10.523512147617083
1100,10.024315801047626
1101,9.525203758304695
1102,9.026190004387825
1103,8.527291794784526
1104,8.02853066952405
1105,7.529933868871433
1106,7.0315363490254335
1107,6.533383716402605
1108,6.035536607779255
1109,5.538077419279395
1110,5.041120992400511
1111,4.544832254122249
1112,4.04945670136115
1113,3.5553760608812577
1114,3.0632169842138723
1115,2.5740819043816643
1116,2.090094975964953
1117,1.6158887234716195
1118,1.1634843036034228
1119,0.7722014522262597
1120,0.5821464084825629
1121,0.7625574070179566
1122,1.1506924685104842
1123,1.6020900459011518
1124,2.075883395873756
1125,2.5596662343659498
1126,3.0486866991283246
1127,3.540775331411295
1128,4.034809698811031
1129,4.530153271547042
1130,5.0264190057930085
1131,5.523358342520063
1132,6.020804492588576
1133,6.518641430241702
1134,7.016785977507963
1135,7.515176964798712
1136,8.013768412571578
1137,8.512525097080111
1138,9.011419582202773
1139,9.510430181889586
1140,10.009539530002627
1141,10.508733556465023
1142,11.008000741227391
1143,11.507331561963078
1144,12.006718079268806
1145,12.50615362104309
1146,13.005632539450668
1147,13.505150021725298
1148,14.004701941397954
1149,10.007737402307939
1150,9.507755112098863
1151,9.007774787911323
1152,8.507796776358711
1153,8.007821510617507
1154,7.507849539248724
1155,7.007881567355863
1156,6.507918516712919
1157,6.007961615911313
1158,5.508012539596518
1159,5.008073631092228
1160,4.508148273130564
1161,4.008241535962982
1162,3.5083613794345205
1163,3.0085210530751643
1164,2.508744364196021
1165,2.009078804570418
1166,1.5096347243829886
1167,1.0107405004014158
1168,0.5139997249420538
1169,0.08243224690198353
1170,0.4993940662624178
1171,0.9959888510956911
1172,1.4948555614492385
1173,1.9942899758271162
1174,2.4939510552080453
1175,2.9937253086851716
1176,3.493564165998805
1177,3.993443368828426
1178,4.493349452037815
1179,4.9932743421744155
1180,5.493212904512816
1181,5.993161717523976
1182,6.4931184134038205
1183,6.993081301441628
1184,7.493049142149099
1185,7.993021006149687
1186,8.492996182905003
1187,8.992974119885353
1188,9.492954380961523
1189,9.992936617286501
1190,10.492920546501539
1191,10.992905937616447
1192,11.49289259983629
1193,11.992880374182867
1194,12.492869127128056
1195,12.992858745697122
1196,13.492849133660652
1197,13.99284020854293
1198,14.492831899249524
1199,10.01612243075999
1200,9.516580683526106
1201,9.017089733619768
1202,8.517658517588025
1203,8.018298197269083
1204,7.5190228978516505
1205,7.019850760273058
1206,6.520805475905185
1207,6.02191858236923
1208,5.52323299986273
1209,5.024808665895792
1210,4.526731877077573
1211,4.02913152491192
1212,3.5322089693459326
1213,3.036297014657271
1214,2.5419871988870164
1215,2.0504385573321287
1216,1.5642562563349602
1217,1.0906406344767587
1218,0.6573403621113415
1219,0.41796615861750347
1220,0.6459837984332693
1221,1.0769839487787538
1222,1.5499979948425353
1223,2.0359501816362506
1224,2.527388474333434
1225,3.0216372810584478
1226,3.5175120776439543
1227,4.014410364481924
1228,4.511994008478811
1229,5.010058811095684
1230,5.508474257789202
1231,6.007153070033683
1232,6.5060346882647275
1233,7.005075782815822
1234,7.504244537665434
1235,8.003517066838198
1236,8.50287509006566
1237,9.002304380287745
1238,9.501793699793566
1239,10.001334054591194
1240,10.50091816126639
1241,11.000540058910886
1242,11.50019482207984
1243,11.99987834537837
1244,12.499587179661956
1245,12.999318405980306
1246,13.499069537495803
1247,13.998838442393568
1248,14.498623282723253
1249,10.54741721106664
1250,10.04940839962202
1251,9.551607641673856
1252,9.054049254260285
1253,8.556775517486713
1254,8.059839118415999
1255,7.563306550235658
1256,7.067262930649063
1257,6.571818978716259
1258,6.077121361887057
1259,5.583368464036097
1260,5.09083517345451
1261,4.599913273244444
1262,4.111180059235939
1263,3.625520767772268
1264,3.144360061385594
1265,2.6701309993567026
1266,2.207305803873678
1267,1.7648791091469205
1268,1.3628637598791853
1269,1.0488074113395804
1270,0.9179304680473541
1271,1.0417272686545347
1272,1.3519597110665833
1273,1.7522540964243862
1274,2.1938536360762186
1275,2.656236648834898
1276,3.1302064616734864
1277,3.611203656786924
1278,4.0967537403266086
1279,4.585410621413186
1280,5.076277171811806
1281,5.568769099464124
1282,6.062490300300304
1283,6.557163106048535
1284,7.052587281091448
1285,7.548614887216176
1286,8.045134310475524
1287,8.542059788580227
1288,9.039324354716346
1289,9.536874967611608
1290,10.034669078048648
1291,10.532672161613807
1292,11.030855915209994
1293,11.529196918268509
1294,12.027675624920256
1295,12.526275595578667
1296,13.024982904191411
1297,13.523785676080767
1298,14.02267372403195
1299,14.521638259120248
1300,15.020671658978294
1301,10.602636957791441
1302,10.107349297259582
1303,9.612549566837226
1304,9.118317198529088
1305,8.624749729185197
1306,8.131968227260174
1307,7.6401247769429625
1308,7.149412980472351
1309,6.660082981722928
1310,6.172463420833223
1311,5.686994288691785
1312,5.204277413599487
1313,4.725156373686545
1314,4.2508472230697
1315,3.783160249311173
1316,3.324891100480883
1317,2.880538176824911
1318,2.4576613977996615
1319,2.069468266082713
1320,1.7393384553939444
1321,1.5059540565704503
1322,1.417919947877805
1323,1.5010317573850993
1324,1.7308078156651023
1325,2.0587119888066434
1326,2.4455867212072047
1327,2.867663468580965
1328,3.311509191761758
1329,3.769441932861072
1330,4.236896487206198
1331,4.71103929100459
1332,5.190037626017545
1333,5.672661625512897
1334,6.1580588886154235
1335,6.645621764270386
1336,7.1349063057501345
1337,7.625581115555839
1338,8.117394083572057
1339,8.610150176744854
1340,9.103696250654908
1341,9.597910438333807
1342,10.09269459264303
1343,10.58796880891017
1344,11.08366739200268
1345,11.579735843905604
1346,12.076128583810338
1347,12.57280720168769
1348,13.069739105617169
1349,13.566896463340003
1350,14.06425536617834
1351,14.561795162793805
1352,15.059497923943344
1353,15.557348009199467
1354,11.173236403793501
1355,10.681002344964872
1356,10.18952454490561
1357,9.69891797105856
1358,9.2093218625158
1359,8.72090640504187
1360,8.23388170206429
1361,7.748510001392392
1362,7.265122614227975
1363,6.784143715890424
1364,6.306124429151738
1365,5.831792578104364
1366,5.362126819846947
1367,4.898469494669814
1368,4.442702189917702
1369,3.9975244972843305
1370,3.566903624220473
1371,3.156802309706128
1372,2.77632854335627
1373,2.4393850738953766
1374,2.166379213534037
1375,1.9838846375031884
1376,1.9179149128702138
1377,1.9801507445391027
1378,2.159536137504433
1379,2.430266587696989
1380,2.7656455024758992
1381,3.145058728140696
1382,3.554432973280376
1383,3.984544280044027
1384,4.429355763282103
1385,4.884853307501586
1386,5.348307320442421
1387,5.817816648192584
1388,6.292025898713036
1389,6.769947508523563
1390,7.25084744193761
1391,7.73417015486096
1392,8.219488265240773
1393,8.706468095647027
1394,9.19484562451205
1395,9.684409399477968
1396,10.174988195314333
1397,10.666441962195021
1398,11.158655093288061
1399,11.65153135210357
1400,12.144990004406806
1401,12.638962835819639
1402,13.133391828591684
1403,13.628227334521817
1404,14.123426625273925
1405,14.618952732586052
1406,15.114773513211304
1407,15.610860889578218
1408,16.10719022895836
1409,11.269831958351308
1410,10.782008705596803
1411,10.29535385917619
1412,9.810041306933568
1413,9.326280598493254
1414,8.844326382485017
1415,8.36449092999743
1416,7.887160951578082
1417,7.412820464181423
1418,6.942082295124115
1419,6.475732078334039
1420,6.0147905456843045
1421,5.5606029049503345
1422,5.11496862401236
1423,4.680331546238974
1424,4.260059006728486
1425,3.858847250008389
1426,3.4832888850892214
1427,3.142594599224487
1428,2.8492981895834832
1429,2.6193700638230784
1430,2.470566511823011
1431,2.417911960231415
1432,2.467569169348435
1433,2.613713251986095
1434,2.8414954375639123
1435,3.133160653363522
1436,3.472649570266792
1437,3.8473230168472905
1438,4.247881089914328
1439,4.667664631498341
1440,5.101930269048113
1441,5.547277875527613
1442,6.0012408039010525
1443,6.462003601399162
1444,6.928209718432645
1445,7.398830262999237
1446,7.8730736449471985
1447,8.35032262711154
1448,8.830089882608203
1449,9.311986184108553
1450,9.795697323372
1451,10.280967143669226
1452,10.767584908757163
1453,11.255375787835064
1454,11.744193607203204
1455,12.233915270327866
1456,12.724436419726029
1457,13.215668032972793
1458,13.707533728422039
1459,14.199967615241823
1460,14.692912564634875
1461,15.186318809708103
1462,15.680142803819836
1463,16.17434628373808
1464,11.871580082103975
1465,11.38758152567509
1466,10.905026930823482
1467,10.424116831658894
1468,9.94508979739062
1469,9.46823164251128
1470,8.993887357218826
1471,8.5224767029561
1472,8.05451479050838
1473,7.5906394900961445
1474,7.131648282598901
1475,6.678548239309547
1476,6.2326243222958215
1477,5.795533219727264
1478,5.369432433605163
1479,4.957156848147925
1480,4.562455849126506
1481,4.190298644884093
1482,3.847233043553025
1483,3.5417229492854285
1484,3.2842656420551424
1485,3.086907864785193
1486,2.9616886270777147
1487,2.91791001949174
1488,2.959188780719994
1489,3.0821092774312673
1490,3.277498582168525
1491,3.533354824271898
1492,3.8376028549466
1493,4.179688389148538
1494,4.551087165554171
1495,4.945199060357501
1496,5.357013450109072
1497,5.78274955905392
1498,6.2195491653999415
1499,6.665237518567205
1500,7.118145161276547
1501,7.576977622712998
1502,8.040720692399551
1503,8.508571478883582
1504,8.97988797086912
1505,9.454151856589183
1506,9.930940876147513
1507,10.409908070853763
1508,10.890766061288577
1509,11.373275023483954
1510,11.857233409100655
1511,12.342470720077952
1512,12.828841835258176
1513,13.316222519624668
1514,13.804505842305547
1515,14.293599298578954
1516,14.783422481496821
1517,15.273905185790383
1518,15.764985854183415
1519,16.25661029675904
1520,16.74873062947699
1521,12.004262338029271
1522,11.525836786902579
1523,11.049321834230625
1524,10.574975761414036
1525,10.103104063236367
1526,9.634070327264173
1527,9.168310118487529
1528,8.706348820650916
1529,8.248824712947805
1530,7.796518999080757
1531,7.350395081974575
1532,6.911650108274059
1533,6.481782669705428
1534,6.062681414636796
1535,5.656739811364071
1536,5.267001485813349
1537,4.8973364198969245
1538,4.552636968586187
1539,4.238997844517786
1540,3.963798945950114
1541,3.7355456685742765
1542,3.5632710814773607
1543,3.4553581808810563
1544,3.4179086465659734
1545,3.4532157294845116
1546,3.559114810236957
1547,3.7295975105280266
1548,3.9563236658071412
1549,4.230259602756604
1550,4.54287306280984
1551,4.8867468752629355
1552,5.255748698423552
1553,5.644952943919876
1554,6.050462221777645
1555,6.469211115371586
1556,6.898789155593616
1557,7.337294540321036
1558,7.783218519964198
1559,8.23535608748052
1560,8.69273773017979
1561,9.154577467244465
1562,9.620233259223442
1563,10.089176741437218
1564,10.560969968617774
1565,11.035247438826884
1566,11.511702106735742
1567,11.99007442647096
1568,12.470143708490362
1569,12.951721255049096
1570,13.434644871621256
1571,13.918774449809442
1572,14.403988390121567
1573,14.890180687313562
1574,15.3772585417211
1575,15.865140390712693
1576,16.353754277691472
1577,16.84303649385113
1578,11.683869832925089
1579,11.214072125273038
1580,10.7470001855827
1581,10.283025447163075
1582,9.822586813314107
1583,9.366205798677552
1584,8.914505618444007
1585,8.46823534033854
1586,8.028300513648412
1587,7.595802031091659
1588,7.1720853211339435
1589,6.758802202440442
1590,6.357987619506866
1591,5.972152537225702
1592,5.60439160712206
1593,5.258498325954758
1594,4.939069143285787
1595,4.651559239679378
1596,4.402227018037053
1597,4.197880664862236
1598,4.045343178830815
1599,3.9506203047878197
1600,3.9179076240629525
1601,3.9487465743928682
1602,4.041682677656451
1603,4.192588487433153
1604,4.395497421571968
1605,4.643597413766037
1606,4.9300706180767255
1607,5.248637504849447
1608,5.593817570800913
1609,5.960989378743249
1610,6.346337032617999
1611,6.746746852347985
1612,7.15969220342301
1613,7.5831254642030705
1614,8.015384654770715
1615,8.455116233501622
1616,8.901212831974723
1617,9.352763721927346
1618,9.809015679276339
1619,10.269342138344493
1620,10.733218870053227
1621,11.20020476020664
1622,11.669926564835114
1623,12.142066767512565
1624,12.616353860954513
1625,13.092554529308275
1626,13.570467326551414
1627,14.049917537803852
1628,14.53075298039221
1629,15.012840555180285
1630,15.496063399888202
1631,15.980318527846793
1632,16.465514860141248
1633,16.951571578105114
1634,17.438416737929792
1635,11.860890139747402
1636,11.39839086297912
1637,10.939191634820862
1638,10.483726101984137
1639,10.032502795390206
1640,9.586120784634478
1641,9.145289008866255
1642,8.710850154478536
1643,8.283810099939974
1644,7.865374061667781
1645,7.456990578513905
1646,7.060404226822566
1647,6.6777172150535655
1648,6.311458354636553
1649,5.964654719294349
1650,5.640895786884309
1651,5.3443713041458825
1652,5.079852753246571
1653,4.852576980610978
1654,4.667987008427119
1655,4.5313024693716
1656,4.446942930488536
1657,4.41790683300483
1658,4.445278410088571
1659,4.52803483878916
1660,4.6632283730670085
1661,4.846472760417207
1662,5.072563215530664
1663,5.336056309077293
1664,5.6317045636052665
1665,5.954720451022129
1666,6.300896365431668
1667,6.666625410655589
1668,7.048864711716887
1669,7.445071731163938
1670,7.853132651386019
1671,8.271293236148384
1672,8.698096984768727
1673,9.132332150909297
1674,9.572987510313611
1675,10.019215998804958
1676,10.470305085755525
1677,10.925652746947746
1678,11.384748012361785
1679,11.847155213934881
1680,12.312501208980782
1681,12.780464990728705
1682,13.250769213043098
1683,13.723173251672502
1684,14.197467501407019
1685,14.673468670072433
1686,15.15101587913121
1687,15.629967419280657
1688,16.110198039933078
1689,16.591596675544896
1690,17.074064530803476
1691,17.55751346176702
1692,12.056061361057237
1693,11.601345391792544
1694,11.150507354275629
1695,10.70403725777539
1696,10.262505199703067
1697,9.826576836926545
1698,9.3970320681644
1699,8.97478752106137
1700,8.560923455228863
1701,8.156715623605896
1702,7.763672399223534
1703,7.383576943497921
1704,7.0185331685932
1705,6.671012456646421
1706,6.343895219407435
1707,6.040497157760222
1708,5.764564621113906
1709,5.520217806308636
1710,5.311817390232436
1711,5.1437343774017465
1712,5.020020189536425
1713,4.944006680966575
1714,4.91790620279921
1715,4.942509562724157
1716,5.017070872103417
1717,5.139416260023832
1718,5.306241499581992
1719,5.5135105159938655
1720,5.756856570044432
1721,6.031914863967541
1722,6.334555729034307
1723,6.661020615666202
1724,7.007980807652013
1725,7.3725432761366525
1726,7.752225081652142
1727,8.144912097419184
1728,8.548812340481815
1729,8.962409932092092
1730,9.384422792529744
1731,9.81376535826288
1732,10.249516567386454
1733,10.690892816936206
1734,11.137225353799167
1735,11.587941488435114
1736,12.042549036540585
1737,12.500623450675306
1738,12.961797175301818
1739,13.425750830838139
1740,13.892205898626747
1741,14.360918636630757
1742,14.831675004732856
1743,15.304286419304438
1744,15.778586190219801
1745,16.25442652080607
1746,16.73167597338571
1747,17.210217321012
1748,17.689945720508877
1749,18.170767153663025
1750,12.26851727699796
1751,11.821975957262232
1752,11.37988202452798
1753,10.942774522499485
1754,10.511275546210014
1755,10.086104945242313
1756,9.668097657995096
1757,9.258224002616219
1758,8.85761316838277
1759,8.467579961169346
1760,8.089654489339175
1761,7.725613834186529
1762,7.377513705379549
1763,7.047716497643181
1764,6.738909940727853
1765,6.45410772665978
1766,6.196620522947834
1767,5.9699836903887
1768,5.777828711687107
1769,5.623691312624182
1770,5.51076250057771
1771,5.441608465873146
1772,5.417905688912561
1773,5.440248285881804
1774,5.5080759590013555
1775,5.619741998367674
1776,5.772702961898032
1777,5.9637822599752175
1778,6.189450557398767
1779,6.446076136734092
1780,6.730118640756753
1781,7.038259463585463
1782,7.367475526585692
1783,7.715069344661001
1784,8.078669095279045
1785,8.456210363342763
1786,8.845908266944347
1787,9.246225847624702
1788,9.655842365292214
1789,10.073623535821692
1790,10.49859469165038
1791,10.929917193539865
1792,11.36686804778375
1793,11.808822488877372
1794,12.255239203373582
1795,12.705647850070202
1796,13.159638545495175
1797,13.616853014047377
1798,14.076977138727617
1799,14.539734685418052
1800,15.004882008214445
1801,15.472203574104316
1802,15.94150817195836
1803,16.412625693492924
1804,16.885404392930383
1805,17.359708547982066
1806,17.8354164579628
1807,12.497376397085015
1808,12.05931242519682
1809,11.626246837505008
1810,11.198759524370724
1811,10.777514288683305
1812,10.363272340378865
1813,9.956907801067077
1814,9.559425313115806
1815,9.17197970315722
1816,8.795897397833652
1817,8.432698879439823
1818,8.084120839608623
1819,7.752135777157366
1820,7.4389655507719645
1821,7.147083868520141
1822,6.879201056936019
1823,6.638223146282328
1824,6.427177132919805
1825,6.2490963551553635
1826,6.106865367281716
1827,6.003032897810377
1828,5.939613062336844
1829,5.9179052618617725
1830,5.938366951145749
1831,6.000566756944619
1832,6.103228716231898
1833,6.244357462599853
1834,6.4214172484596626
1835,6.631530655655907
1836,6.871666333211536
1837,7.138795245213416
1838,7.430006521610226
1839,7.74258330722113
1840,8.074044564364756
1841,8.42216094511598
1842,8.784952722896447
1843,9.160676487116794
1844,9.547805667256917
1845,9.945008417180556
1846,10.351125145407185
1847,10.765147055845066
1848,11.186196426491826
1849,11.613508937876928
1850,12.04641810698251
1851,12.48434173540299
1852,12.926770204672694
1853,13.373256420277842
1854,13.823407200852882
1855,14.276875918725361
1856,14.733356214955537
1857,15.19257663185734
1858,15.65429602610563
1859,16.118299644535565
1860,16.58439576195419
1861,17.052412795473046
1862,17.522196823038534
1863,17.993609445116636
1864,12.741754880896027
1865,12.312388752915762
1866,11.888545586446451
1867,11.470837611922862
1868,11.059959985334167
1869,10.656702784411404
1870,10.261964412010528
1871,9.876766320585872
1872,9.502268798005463
1873,9.139787287876945
1874,8.790808326071375
1875,8.457003629171187
1876,8.140240152593988
1877,7.842583062996031
1878,7.566287627237085
1879,7.3137752095733575
1880,7.087588248075547
1881,6.890319769963322
1882,6.724515290371211
1883,6.5925492223058155
1884,6.496484018806928
1885,6.437926992806195
1886,6.417904901351485
1887,6.436777352128954
1888,6.494205266156054
1889,6.589180631691457
1890,6.720111662401647
1891,6.884947357332185
1892,7.081320460996257
1893,7.306688636407948
1894,7.558458717721613
1895,7.834085622814615
1896,8.131143640575996
1897,8.447372151253209
1898,8.780700178223663
1899,9.129254897194286
1900,9.491358929891687
1901,9.86552044720011
1902,10.250419164707962
1903,10.644890436744806
1904,11.047908931937748
1905,11.458572822410243
1906,11.876089023098785
1907,12.299759747355077
1908,12.728970469002789
1909,13.163179272456707
1910,13.601907510232625
1911,14.044731655500275
1912,14.49127622513284
1913,14.941207648352561
1914,15.394228962480643
1915,15.850075227183204
1916,16.308509559903246
1917,16.76931970664118
1918,17.232315073188314
1919,17.69732415196495
1920,18.16419228861583
1921,13.000777595177064
1922,12.580255062491647
1923,12.165747687480435
1924,11.757891654268818
1925,11.357403555021417
1926,10.96509073695708
1927,10.581862512232464
1928,10.208742017794336
1929,9.846878334983547
1930,9.497558228410982
1931,9.162216525500037
1932,8.842443724346499
1933,8.539988897904
1934,8.256755399938427
1935,7.994786369409827
1936,7.7562367453933465
1937,7.543328695521544
1938,7.358288331315074
1939,7.203263602344174
1940,7.080226400542936
1941,6.990865843444142
1942,6.936483590344808
1943,6.917904592953821
1944,6.935416592772231
1945,6.988748290887947
1946,7.077089940892231
1947,7.199152824434747
1948,7.353257832257454
1949,7.537439890688642
1950,7.749554791330481
1951,7.987377468351048
1952,8.248684633322505
1953,8.531318628330537
1954,8.833232528139877
1955,9.15251857437488
1956,9.487423022737314
1957,9.83635069375095
1958,10.197862243065634
1959,10.570666662355427
1960,10.95361095916416
1961,11.345668442309163
1962,11.74592660290787
1963,12.153575240191161
1964,12.56789522860039
1965,12.988248143424318
1966,13.414066840196304
1967,13.844847003536835
1968,14.280139632000509
1969,14.71954439741667
1970,15.162703803267055
1971,15.609298061850765
1972,16.059040610876693
1973,16.51167419433522
1974,16.96696743846597
1975,17.42471186034516
1976,17.8847192534337
1977,18.34681940098149
1978,12.861987329793438
1979,12.456858248766247
1980,12.058852216854824
1981,11.668698134155038
1982,11.287210262244702
1983,10.915297286936848
1984,10.553971490405862
1985,10.204357577936424
1986,9.867700488790554
1987,9.545371249698261
1988,9.238869609029825
1989,8.949821842402436
1990,8.679971795393838
1991,8.431163011525832
1992,8.20530981042216
1993,8.004355591994832
1994,7.83021760880167
1995,7.684719068337927
1996,7.5695116432544935
1997,7.485993980458049
1998,7.435234040266853
1999,7.417904326130915
2000,7.434238626094844
2001,7.484016522416913
2002,7.566578002366602
2003,7.680865968364958
2004,7.8254904882745695
2005,7.998806207188955
2006,8.198993846701764
2007,8.424137905824084
2008,8.672294898954428
2009,8.941548980602846
2010,9.230054037252902
2011,9.536062965852176
2012,9.857945843165613
2013,10.19419911542221
2014,10.543447963686441
2015,10.904443787789113
2016,11.276058428331302
2017,11.657276398766145
2018,12.047186077890512
2019,12.444970540479709
2020,12.849898486427689
2021,13.26131556330613
2022,13.678636256135851
2023,14.10133643261386
2024,14.52894657378338
2025,14.961045682101926
2026,15.397255835376297
2027,15.837237341724666
2028,16.280684444341002
2029,16.727321523014254
2030,17.176899740418367
2031,17.629194083975406
2032,18.08400075781248
2033,18.541134883459833
2034,12.760925439178612
2035,12.37270453144197
2036,11.99276518491267
2037,11.621919640857197
2038,11.261066356994398
2039,10.91119676546619
2040,10.573401260370698
2041,10.24887377085392
2042,9.938914071918838
2043,9.64492676421522
2044,9.368415642207806
2045,9.110972011989318
2046,8.874255482086456
2047,8.659965919068636
2048,8.469805728440239
2049,8.30543246529691
2050,8.168403013667769
2051,8.060112105410537
2052,7.981729543768963
2053,7.934141785219313
2054,7.917904093006678
2055,7.9332089714150795
2056,7.97987493274359
2057,8.057357091523144
2058,8.164778175701231
2059,8.300975967709816
2060,8.46456149924996
2061,8.653981784859125
2062,8.867581411566647
2063,9.103658574927508
2064,9.360512742736903
2065,9.636482665632142
2066,9.92997469901699
2067,10.239482256501367
2068,10.563597693934351
2069,10.901018099121933
2070,11.250546429195015
2071,11.611089281956346
2072,11.981652376515118
2073,12.361334597434823
2074,12.74932125204428
2075,13.144877015245019
2076,13.547338893819905
2077,13.95610943143161
2078,14.370650292181741
2079,14.790476299912452
2080,15.21514996759351
2081,15.644276521924867
2082,16.077499409191045
2083,16.514496256641532
2084,16.954975257095363
2085,17.398671941467395
2086,17.84534630330534
2087,18.294780240357696
2088,18.746775280060067
2089,13.07704548813286
2090,12.698492747439943
2091,12.328597544525234
2092,11.968162631455273
2093,11.6180685198122
2094,11.279278145747627
2095,10.952840492184155
2096,10.63989258429415
2097,10.341659130110914
2098,10.05944893726765
2099,9.794647123790833
2100,9.548702091785714
2101,9.323106295423306
2102,9.119370063433683
2103,8.938988181664593
2104,8.78339963055468
2105,8.65394178557476
2106,8.551801435148366
2107,8.477965979189493
2108,8.433178908477116
2109,8.417903887576294
2110,8.432301300271527
2111,8.476219946217164
2112,8.549204871491762
2113,8.650520405896243
2114,8.779185762410776
2115,8.934019364709531
2116,9.11368758336019
2117,9.316753765404691
2118,9.54172416721796
2119,9.787088404697288
2120,10.051353083015686
2121,10.333068187016753
2122,10.630846509832907
2123,10.943376849661869
2124,11.269431939179725
2125,11.607872138763975
2126,11.957645878181111
2127,12.317787719638234
2128,12.687414774655998
2129,13.065722062796535
2130,13.451977266570776
2131,13.845515221125783
2132,14.24573238189299
2133,14.652081437618458
2134,15.06406617791797
2135,15.481236680923814
2136,15.90318485489211
2137,16.329540345244215
2138,16.759966803220326
2139,17.194158502326776
2140,17.63183728263237
2141,18.07274979961029
2142,18.51666505279508
2143,18.963372169408355
2144,13.404365681863359
2145,13.035321963465458
2146,12.675260078171721
2147,12.324967237578468
2148,11.98530002817916
2149,11.657187316139352
2150,11.341631958481505
2151,11.039710813229565
2152,10.752572445597686
2153,10.481431846647453
2154,10.22756143535712
2155,9.992277631856163
2156,9.776922400744613
2157,9.582839401151968
2158,9.411344768223053
2159,9.26369309209066
2160,9.141039823922496
2161,9.04440204881593
2162,8.974620202477352
2163,8.932323725481709
2164,8.917903705181631
2165,8.931495163352048
2166,8.972970813006684
2167,9.041946945716871
2168,9.137800825540435
2169,9.259697796652773
2170,9.40662546524656
2171,9.577431910565267
2172,9.77086492382341
2173,9.985609681821709
2174,10.220322894888412
2175,10.473662178716147
2176,10.74431006588873
2177,11.030992618529245
2178,11.332492996165294
2179,11.64766057482035
2180,11.975416327807276
2181,12.314755197826788
2182,12.664746145915862
2183,13.024530482845801
2184,13.393318993314104
2185,13.770388266666888
2186,14.155076558353398
2187,14.54677942813923
2188,14.94494533576565
2189,15.349071321976202
2190,15.758698861428918
2191,16.173409942349508
2192,16.59282340415213
2193,17.01659154705981
2194,17.44439701559089
2195,17.87594994946129
2196,18.31098539002568
2197,18.749260927082506
2198,19.190554569107988
2199,19.63466281931015
2200,14.110362171448596
2201,13.742085721153696
2202,13.382358511324718
2203,13.031888530973319
2204,12.691442709235336
2205,12.361849271039166
2206,12.043999201178169
2207,11.738846455937189
2208,11.447406495541161
2209,11.170752652898853
2210,10.910009816234611
2211,10.666344901062612
2212,10.44095363970711
2213,10.235043344539482
2214,10.049811521749588
2215,9.886420534287401
2216,9.745968927657648
2217,9.62946050913327
2218,9.537772751279304
2219,9.471626492484528
2220,9.43155913787448
2221,9.417903542153763
2222,9.430774437309015
2223,9.470063666390528
2224,9.535444677810196
2225,9.626385851484844
2226,9.742171417079275
2227,9.881928115395558
2228,10.044655426441167
2229,10.229257157488163
2230,10.434572408686023
2231,10.659404331865847
2232,10.902545577446086
2233,11.162799802306678
2234,11.43899902895646
2235,11.73001697111115
2236,12.03477866438118
2237,12.352266871256191
2238,12.681525784258849
2239,13.02166255033937
2240,13.371847102513534
2241,13.731310727351866
2242,14.099343731152072
2243,14.475292501613433
2244,14.85855620056521
2245,15.248583269387476
2246,15.644867883160037
2247,16.046946452195236
2248,16.454394239767993
2249,16.86682214158313
2250,17.283873654765234
2251,17.7052220509085
2252,18.130567758072697
2253,18.559635949774286
2254,18.992174334347368
2255,19.42795113500988
2256,19.86675324914518
2257,15.57377356871485
2258,15.191610267765892
2259,14.816464554197095
2260,14.448883044853941
2261,14.089457782397323
2262,13.73882891516032
2263,13.397687088379625
2264,13.06677537406314
2265,12.74689052413614
2266,12.438883285584785
2267,12.143657470074217
2268,11.862167428787124
2269,11.595413553067736
2270,11.344435412340085
2271,11.11030216433579
2272,10.894099941754407
2273,10.696916046179952
2274,10.519819972656897
2275,10.363841547187016
2276,10.229946772749532
2277,10.119012319953828
2278,10.031799922719062
2279,9.968932191942875
2280,9.930871482686893
2281,9.917903395563629
2282,9.930126238967024
2283,9.967447340212546
2284,10.029586523780477
2285,10.116086456534848
2286,10.226328987186779
2287,10.359556163864617
2288,10.514894353741942
2289,10.691379828087813
2290,10.88798429400648
2291,11.103639103673201
2292,11.33725719487343
2293,11.587752157377125
2294,11.854054134298822
2295,12.135122528305011
2296,12.429955677115851
2297,12.737597791308744
2298,13.057143518060991
2299,13.387740519196322
2300,13.728590443575037
2301,14.078948644181803
2302,14.43812294876302
2303,14.805471746678194
2304,15.180401608645768
2305,15.56236461331837
2306,15.950855516741184
2307,16.345408868365496
2308,16.74559615039519
2309,17.15102299544313
2310,17.56132652017802
2311,17.97617279919162
2312,18.39525449306112
2313,18.818288636923768
2314,19.245014590294886
2315,19.675192144900436
2316,20.10859978459069
2317,20.545033089652826
2318,15.896865219407928
2319,15.522658379353398
2320,15.155709238442094
2321,14.796557771261796
2322,14.445785587373802
2323,14.10401788833471
2324,13.771925063423568
2325,13.450223764333554
2326,13.139677266536339
2327,12.841094892057322
2328,12.55533023798695
2329,12.283277931521305
2330,12.025868621479576
2331,11.784061925294516
2332,11.558837087582155
2333,11.35118117974308
2334,11.162074786232274
2335,10.992475285008883
2336,10.843298033791191
2337,10.715396007974167
2338,10.609538678274259
2339,10.526391134851787
2340,10.466494622459571
2341,10.43024971129953
2342,10.417903263044474
2343,10.42954015075648
2344,10.465080368269053
2345,10.524281755655306
2346,10.60674812704195
2347,10.711942176309426
2348,10.839202209880831
2349,10.987761551142905
2350,11.156769391847407
2351,11.345311922593929
2352,11.552432729907617
2353,11.77715166486063
2354,12.018481630190161
2355,12.275442967702109
2356,12.547075332976844
2357,12.832447107605189
2358,13.130662516703929
2359,13.440866693991959
2360,13.762248974777021
2361,14.094044706961872
2362,14.435535859812367
2363,14.786050686982565
2364,15.144962670013628
2365,15.511688935580008
2366,15.885688307161386
2367,16.266459121467484
2368,16.65353691287414
2369,17.04649204577148
2370,17.44492735509779
2371,17.848475839206213
2372,18.25679843622142
2373,18.669581904769736
2374,19.086536821985135
2375,19.50739570560569
2376,19.931911262424684
2377,20.359854762037497
2378,20.7910145324693
2379,15.86256044264388
2380,15.503658379705714
2381,15.152756267844739
2382,14.810422744499796
2383,14.47726566824294
2384,14.15393304304406
2385,13.84111339253686
2386,13.539535416813681
2387,13.249966741891878
2388,12.973211553787662
2389,12.7101068987408
2390,12.461517433102088
2391,12.228328425978592
2392,12.011436860412864
2393,11.811740549545343
2394,11.630125285991655
2395,11.467450175429203
2396,11.324531464216967
2397,11.20212534486777
2398,11.100910395108038
2399,11.021470453542326
2400,10.964278832481199
2401,10.9296847930068
2402,10.917903142663105
2403,10.929007658093285
2404,10.962928794293544
2405,11.019455844407169
2406,11.09824339546255
2407,11.198821626538074
2408,11.320609753061259
2409,11.462931760208402
2410,11.62503350091015
2411,11.806100256027479
2412,12.0052739499547
2413,12.221669361079513
2414,12.454388838061806
2415,12.70253520710442
2416,12.965222714855928
2417,13.241585985217364
2418,13.530787071046301
2419,13.832020753313037
2420,14.144518283708758
2421,14.467549786894121
2422,14.800425540988641
2423,15.142496344805162
2424,15.493153162301292
2425,15.851826212415256
2426,16.217983648613785
2427,16.591129949005673
2428,16.970804115977586
2429,17.356577764668085
2430,17.74805316250375
2431,18.144861267508997
2432,18.546659801032554
2433,18.953131380680233
2434,19.363981731333425
2435,19.778937985885477
2436,20.19774708247413
2437,20.620174261283076
2438,21.04600166121275
2439,14.857964930073896
2440,14.543098748939121
2441,14.23883143307355
2442,13.94585673013932
2443,13.664900998384914
2444,13.396720443965002
2445,13.142097169471798
2446,12.90183387623354
2447,12.676747087798834
2448,12.467658805329291
2449,12.27538657005122
2450,12.100731994482096
2451,11.944467931237934
2452,11.80732457072559
2453,11.689974887763832
2454,11.593019979049368
2455,11.516974932365123
2456,11.462255927644238
2457,11.429169274663153
2458,11.417903032824945
2459,11.428521734025002
2460,11.460964548552214
2461,11.515047014287848
2462,11.590466215789089
2463,11.686809079361101
2464,11.803563267739358
2465,11.940130031687874
2466,12.095838314548665
2467,12.26995940864485
2468,12.461721520234718
2469,12.670323697758077
2470,12.894948699551257
2471,13.13477450594975
2472,13.388984303532373
2473,13.656774876899927
2474,13.937363430592384
2475,14.229992928828274
2476,14.533936084646564
2477,14.848498155392022
2478,15.173018711804486
2479,15.50687254693408
2480,15.849469882142643
2481,16.20025601350286
2482,16.558710525313383
2483,16.924346179962555
2484,17.29670757622103
2485,17.6753696520155
2486,18.059936093283373
2487,18.450037697835967
2488,18.845330732296983
2489,19.245495311052558
2490,19.65023381860467
2491,20.05926939058159
2492,20.47234446373967
2493,20.88921940140658
2494,21.309671197796316
2495,21.733492262318975
2496,15.245557467594484
2497,14.938862803299813
2498,14.642821490884314
2499,14.358092511611435
2500,14.085361902701726
2501,13.825339753082742
2502,13.578756152396979
2503,13.346355982227792
2504,13.128892465186711
2505,12.927119428570512
2506,12.741782295998233
2507,12.573607892594026
2508,12.423293234677816
2509,12.291493568841842
2510,12.178810020316812
2511,12.085777296850129
2512,12.012851960593988
2513,11.960401815375418
2514,11.928696950770624
2515,11.917902932203015
2516,11.928076528070317
2517,11.959164227386076
2518,12.011003637318558
2519,12.083327676338518
2520,12.175771314042377
2521,12.287880470200955
2522,12.419122586078085
2523,12.568898327463852
2524,12.736553871601707
2525,12.921393263975105
2526,13.12269039642367
2527,13.339700243951468
2528,13.571669092509131
2529,13.817843584100105
2530,14.07747849129045
2531,14.34984320579267
2532,14.634226982964384
2533,14.929943025578217
2534,15.236331517301021
2535,15.552761731062082
2536,15.878633342365394
2537,16.21337707509965
2538,16.556454799788984
2539,16.90735919342653
2540,17.265613057567148
2541,17.630768378369734
2542,18.002405199578494
2543,18.380130367543636
2544,18.763576196609975
2545,19.152399093692605
2546,19.546278172638548
2547,19.944913881996452
2548,20.34802666398744
2549,20.75535565767141
2550,21.166657455406636
2551,21.58170491857884
2552,15.948426999991483
2553,15.639530783631143
2554,15.340714536495192
2555,15.05257857804847
2556,14.775747737641318
2557,14.51086904925068
2558,14.258608625058413
2559,14.019647616137823
2560,13.794677185014796
2561,13.584392441211955
2562,13.3894853282322
2563,13.210636499163625
2564,13.048506277391407
2565,12.903724866456653
2566,12.776882044822225
2567,12.668516651344362
2568,12.579106228324736
2569,12.509057233123803
2570,12.458696248791675
2571,12.428262613002051
2572,12.417902839684057
2573,12.427667129993551
2574,12.457508163834811
2575,12.507282239163702
2576,12.576752695675802
2577,12.665595435125717
2578,12.773406244395664
2579,12.899709548763296
2580,13.043968176921615
2581,13.205593707161846
2582,13.383956982773121
2583,13.578398428195063
2584,13.788237858149206
2585,14.012783541858761
2586,14.251340356228836
2587,14.50321692960446
2588,14.767731737313424
2589,15.044218159257829
2590,15.332028547502507
2591,15.630537378462732
2592,15.939143581058847
2593,16.257272140666718
2594,16.584375080592785
2595,16.919931919835726
2596,17.263449699581038
2597,17.614462662484296
2598,17.972531659344554
2599,18.337243348012564
2600,18.708209239858313
2601,19.085064640194663
2602,19.46746752093085
2603,19.855097356512417
2604,20.24765394791888
2605,20.644856254107555
2606,21.046441245751087
2607,16.34075348349878
2608,16.039414695261367
2609,15.748187931462308
2610,15.467644374071442
2611,15.198375631653295
2612,14.940991305764202
2613,14.696115832321487
2614,14.464384532882798
2615,14.246438827762814
2616,14.042920587658278
2617,13.854465633483144
2618,13.681696435290995
2619,13.525214109415908
2620,13.385589866107207
2621,13.26335611456319
2622,13.15899748384388
2623,13.07294206129203
2624,13.00555317916109
2625,12.957122089957936
2626,12.927861857715092
2627,12.917902754327173
2628,12.927289388280219
2629,12.955979711562964
2630,13.003845955890124
2631,13.07067745002564
2632,13.156185175068705
2633,13.260007832531109
2634,13.38171913757254
2635,13.520836010948582
2636,13.676827329210996
2637,13.849122901871496
2638,14.037122372809549
2639,14.240203786017922
2640,14.457731607185409
2641,14.689064047225637
2642,14.933559587103993
2643,15.190582651750868
2644,15.459508422254673
2645,15.739726808806179
2646,16.030645631849666
2647,16.33169307610297
2648,16.642319492490174
2649,16.961998627762213
2650,17.29022836188973
2651,17.626531030363996
2652,17.97045340336391
2653,18.321566387199606
2654,18.67946450620711
2655,19.043765215858443
2656,19.414108090634215
2657,19.790153923426608
2658,20.17158376704731
2659,20.558097942881176
2660,20.94941503687356
2661,16.73882089762889
2662,16.444778028328216
2663,16.160857766810377
2664,15.8876028121666
2665,15.625572708712243
2666,15.375341356644466
2667,15.137493887411827
2668,14.912622859494546
2669,14.701323746778996
2670,14.504189714206612
2671,14.321805704022998
2672,14.154741890330408
2673,14.003546598628624
2674,13.868738828676964
2675,13.750800560554318
2676,13.650169061745341
2677,13.567229443490609
2678,13.502307733510124
2679,13.455664736032036
2680,13.427490936380664
2681,13.417902675331705
2682,13.426939769089696
2683,13.454564687155484
2684,13.500663327368034
2685,13.565047351079498
2686,13.647457968248801
2687,13.747570998296627
2688,13.865002982736618
2689,13.999318093013821
2690,14.150035562763541
2691,14.316637377036612
2692,14.49857596950992
2693,14.695281708825432
2694,14.90616999298707
2695,15.130647812235832
2696,15.368119682511773
2697,15.617992890704443
2698,15.87968202742685
2699,16.15261281187264
2700,16.436225235995064
2701,16.729976071903085
2702,17.033340797522328
2703,17.345815001971726
2704,17.666915334622402
2705,17.996180061302038
2706,18.333169288393474
2707,18.677464911357283
2708,19.028670339071812
2709,19.386410039797468
2710,19.75032894888713
2711,20.120091772835874
2712,20.495382219061604
2713,20.875902176038174
2714,17.74459993804144
2715,17.438848193594353
2716,17.142229308853555
2717,16.855225451930526
2718,16.57833599591634
2719,16.31207600986411
2720,16.05697428252512
2721,15.813570832287116
2722,15.582413863899605
2723,15.364056143608023
2724,15.159050779716658
2725,14.967946415594794
2726,14.791281866633664
2727,14.629580261111206
2728,14.48334277625105
2729,14.353042093315
2730,14.2391157271286
2731,14.141959413343324
2732,14.061920758087732
2733,13.999293366624883
2734,13.954311667829275
2735,13.927146638166953
2736,13.917902602012052
2737,13.92661524553553
2738,13.953250931423526
2739,13.997707344896172
2740,14.059815442296852
2741,14.139342616597771
2742,14.235996943931488
2743,14.349432335312622
2744,14.47925439046515
2745,14.625026737134299
2746,14.786277639080835
2747,14.962506667603217
2748,15.153191252543454
2749,15.35779295648461
2750,15.575763347339901
2751,15.806549377091319
2752,16.30436143878697
2753,16.57029876872147
2754,16.846881036048813
2755,17.133592734767273
2756,18.37200036558962
2757,18.702219033882418
2758,19.039842335203375
2759,19.38448336963076
2760,19.735774493684822
2761,20.093366921043103
2762,20.456930209143255
2763,20.82615165938841
2764,21.200735654640276
2765,18.447117071170542
2766,18.13942467653151
2767,17.840440772403834
2768,17.55061042561591
2769,17.27039448506683
2770,17.000268381055506
2771,16.740720545603892
2772,16.49225041478855
2773,16.25536597872167
2774,16.03058085224209
2775,15.818410849967186
2776,15.61937006336838
2777,15.433966455015288
2778,15.262697005857975
2779,15.106042474808376
2780,14.964461854968377
2781,14.838386636251679
2782,14.728215008105403
2783,14.63430615653062
2784,14.556974824501099
2785,14.49648631218088
2786,14.453052091421258
2787,14.426826196895325
2788,14.41790253377772
2789,14.426313209950864
2790,14.452027961144125
2791,14.494954692850213
2792,14.554941116537341
2793,14.631777413013022
2794,14.725199816031253
2795,14.834894977051087
2796,14.960504949306506
2797,15.1016326169164
2798,15.257847392551875
2799,15.428691014227061
2800,15.613683286482393
2801,17.26225075930718
2802,17.542174911774485
2803,18.753620932173213
2804,19.077235057149505
2805,19.408335755129105
2806,19.746546435817876
2807,20.091508044445057
2808,20.442878830000662
2809,20.800333992899684
2810,21.16356523779174
2811,21.53228025389684
2812,18.840489082608542
2813,18.539326531187168
2814,18.246896382345938
2815,17.963625105923306
2816,17.689952693668996
2817,17.426331388514786
2818,17.173224071805052
2819,16.931102278898244
2820,16.700443818551715
2821,16.481729978818695
2822,16.275442312047307
2823,16.082059004084908
2824,15.902050847892463
2825,15.735876859172677
2826,15.583979590757135
2827,15.446780222532583
2828,15.324673523482076
2829,15.218022800594083
2830,15.12715496441714
2831,15.052355851346956
2832,14.99386594690201
2833,14.95187665116846
2834,14.926527216665146
2835,14.917902470117378
2836,14.926031403759774
2837,14.95088669023051
2838,14.992385139870194
2839,15.050389082687841
2840,15.124708621933125
2841,15.215104674515617
2842,15.321292687451532
2843,15.442946900531796
2844,15.579705014239947
2845,15.731173118646371
2846,15.896930742973973
2847,16.07653589567727
2848,19.457872392945593
2849,19.782603403451304
2850,20.11452203698442
2851,20.45327837131301
2852,20.798538301825673
2853,21.149983329794807
2854,21.507310250440128
2855,19.238813100248983
2856,18.94398397551055
2857,18.657897207951635
2858,18.380961008080572
2859,18.11359508597526
2860,17.856229341514293
2861,17.60930224781336
2862,17.373258905943167
2863,17.14854875407894
2864,16.935622921201073
2865,16.734931224453835
2866,16.546918820290646
2867,16.372022532459987
2868,16.210666894408334
2869,16.063259959284576
2870,15.930188946702545
2871,15.81181581083377
2872,15.708472828184844
2873,15.620458314400071
2874,15.548032586472127
2875,15.491414288827471
2876,15.450777198127502
2877,15.426247611919937
2878,15.417902410586024
2879,15.425767860967024
2880,15.449819204719905
2881,15.489981046360926
2882,15.546128526894067
2883,15.618089240774571
2884,15.705645828519348
2885,15.808539156069292
2886,15.926471976149168
2887,16.059112956983444
2888,16.206100959923777
2889,16.367049449468013
2890,16.541550926059504
2891,19.843807565449087
2892,20.16232372651186
2893,20.48809160001858
2894,20.820770801505905
2895,21.160035352686194
2896,21.505573591165113
2897,21.85708797720106
2898,19.35309870534486
2899,19.073149421553577
2900,18.802330393198563
2901,18.541041706794342
2902,18.289691821656703
2903,18.048695971988252
2904,17.818474279448107
2905,17.599449565410914
2906,17.39204485859933
2907,17.196680601837674
2908,17.01377157128039
2909,16.843723532455574
2910,16.686929669531374
2911,16.543766836907952
2912,16.414591694954343
2913,16.299736803707994
2914,16.1995067587949
2915,16.114174461831126
2916,16.043977622286167
2917,15.989115588502953
2918,15.949746601767595
2919,15.9259855587868
2920,15.91790235479457
2921,15.925520862278361
2922,15.948818579849485
2923,15.9877269632378
2924,16.042132427116094
2925,16.111877983873217
2926,16.19676546491019
2927,16.296558252692382
2928,16.410984438524245
2929,16.539740312337848
2930,16.682494086846322
2931,16.83888975899989
2932,17.008551016292955
2933,20.86695469025541
2934,21.193687678251298
2935,21.527075899001005
2936,21.866814951415275
2937,22.212613431956342
2938,19.76639395876853
2939,19.492381319154664
2940,19.22746808213236
2941,18.972035426055566
2942,18.726471305763834
2943,18.4911688901401
2944,18.26652474560429
2945,18.05293675942678
2946,17.850801802662858
2947,17.660513139658207
2948,17.48245759938027
2949,17.3170125331195
2950,17.16454259309891
2951,17.02539637683644
2952,16.899902992221115
2953,16.788368607597736
2954,16.691073059053508
2955,16.608266592897365
2956,16.54016682439568
2957,16.48695599366142
2958,16.44877859584161
2959,16.425739455291072
2960,16.417902302401323
2961,16.4252888975897
2962,16.4478787303218
2963,16.48560930282715
2964,16.53837698940104
2965,16.606038443940765
2966,16.688412511671906
2967,16.785282586772745
2968,16.89639934648519
2969,17.021483784734922
2970,17.16023046442217
2971,17.312310907275535
2972,17.477377043145243
2973,21.89938121033948
2974,22.573615043052975
2975,22.91965740298132
2976,20.460587269420504
2977,20.18361292652188
2978,19.915341576928824
2979,19.65612956519769
2980,19.406339913593385
2981,19.166341022741307
2982,18.936505156921253
2983,18.71720670709692
2984,18.508820229130833
2985,18.311718259965982
2986,18.126268920835873
2987,17.95283332369989
2988,17.7917628049229
2989,17.643396018474643
2990,17.508055929280545
2991,17.386046755398546
2992,17.27765091495349
2993,17.183126039725195
2994,17.102702121453518
2995,17.03657885883371
2996,16.984923272459856
2997,16.947867651401967
2998,16.92550788861374
2999,16.917902253104987
3000,16.925070635117113
3001,16.946994286946357
3002,16.983616067253795
3003,17.034841181471872
3004,17.10053839608738
3005,17.78718666862727
3006,20.87590793340478
3007,20.604517257195845
3008,20.34179762853249
3009,20.08808926001323
3010,19.84373778995146
3011,19.609093014069682
3012,19.38450742713173
3013,19.170334570648844
3014,18.966927186782335
3015,18.774635183320918
3016,18.593803420088115
3017,18.424769333236423
3018,18.267860420450397
3019,18.123391616889677
3020,17.99166259847143
3021,17.872955055483256
3022,17.767529985155882
3023,17.67562505631702
3024,17.59745210221045
3025,17.533194798657767
3026,17.48300658370203
3027,17.447008871547506
3028,17.42528960797915
3029,17.417902206638864
3030,17.424864895835597
3031,17.44616049439568
3032,17.48173662295315
3033,17.531506344646775
3034,17.59534921706526
3035,21.29486869361755
3036,21.02888565845802
3037,20.771534160831507
3038,20.523138910816716
3039,20.28402894177505
3040,20.054536381299286
3041,19.83499505487575
3042,19.62573892073963
3043,19.427100338010383
3044,19.239408174401103
3045,19.062985764546454
3046,18.89814873519069
3047,18.745202718975282
3048,18.257957783055407
3049,18.168533836441572
3050,18.092490738536007
3051,18.029997794844565
3052,17.981196285013652
3053,17.946197903686386
3054,17.92508350207514
3055,17.91790216276602
3056,17.924670632191376
3057,17.945373125979653
3058,17.97996151243716
3059,18.028355869208106
3060,21.717258881194763
3061,21.4565125934044
3062,21.204351723856366
3063,20.96108612136068
3064,20.72702898982843
3065,20.502495704261882
3066,20.28780247984896
3067,20.083264894420292
3068,19.889196267761633
3069,18.661819911261134
3070,18.587794967624085
3071,18.52697279958386
3072,18.479483771864647
3073,18.44543086600846
3074,18.424888580145783
3075,18.417902121275247
3076,18.424486910276883
3077,18.44462841222487
3078,18.47828229633755
3079,18.52537492147542
3080,21.887207069549596
3081,21.640065449610606
3082,20.95280961440964
3083,20.742777781574624
3084,20.542770734588718
3085,20.353084012305445
3086,19.024106332517707
3087,18.97786134181165
3088,18.94470428555479
3089,18.92470395607833
3090,18.917902081977683
3091,18.924312894828823
3092,18.943922980720576
3093,18.976691420201835
3094,19.02255021325087
3095,21.19978138401918
3096,21.004126501435255
3097,19.4763220794751
3098,19.444015045806204
3099,19.424528834945438
3100,19.417902044703894
3101,19.424147836541106
3102,19.443253805212063
3103,19.47518210163854
3104,21.658684894624287
3105,21.467212923961856
3106,19.94336034212786
3107,19.924362501571963
3108,19.91790200930148
3109,19.923991061286507
3110,19.942618162325463
3111,19.97374823427997
3112,22.11937006334146
3113,20.442737643730066
3114,20.42420431077958
3115,20.41790197563295
3116,20.423841960920203
3117,20.44201359462256
3118,20.47238430571345
3119,20.924053679029008
3120,20.91790194357398
3121,20.923699985400884
3122,20.941437878931662
3123,21.41790191301184
3124,21.423564636014362
3125,21.44088899909642
3126,21.923435459523795
3127,22.42331204310205
3128,22.923194009926835
3129,23.42308101533967
3130,23.438927526856993
3131,23.917901779368048
3132,23.92297274348625
3133,23.938488344999456
3134,24.438067126474937
3135,24.937662791699527
3136,24.9625644690325
3137,24.99744435394732
3138,25.461687404903547
3139,25.495884469127812
3140,25.960844095280187
3141,25.99438449930163
3142,26.03748499482279
3143,26.492941062327397
3144,26.535231777582837
3145,26.99155102557786
3146,27.033061723091265
3147,27.083740980199742
3148,27.530970319966606
3149,27.580734691392305
3150,29.56972317514406
