休闲POI,办公POI,公共服务POI,交通设施POI,居住POI,grid_id,总POI数量
3,0,3,2,1,1.0,9
76,10,34,14,23,2.0,157
3,3,3,4,2,3.0,15
1,3,7,2,0,4.0,13
0,1,0,1,0,5.0,2
0,0,0,1,1,6.0,2
261,37,11,14,0,7.0,323
3,4,3,0,0,8.0,10
3,1,1,1,0,9.0,6
3,7,0,1,4,10.0,15
3,36,5,3,7,11.0,54
0,14,4,13,1,12.0,32
0,2,2,2,0,13.0,6
2,3,0,3,0,14.0,8
28,10,11,4,2,15.0,55
4,10,3,6,2,16.0,25
3,7,28,2,0,17.0,40
73,11,34,15,3,18.0,136
14,21,44,14,1,19.0,94
24,14,26,9,3,20.0,76
40,5,24,9,2,21.0,80
216,69,116,36,23,22.0,460
34,9,28,6,0,23.0,77
1,7,1,2,0,24.0,11
0,5,5,1,0,25.0,11
1,15,6,10,3,26.0,35
2,19,9,12,1,27.0,43
0,2,0,2,0,28.0,4
0,0,0,4,0,29.0,4
5,0,2,0,0,31.0,7
6,5,1,1,0,32.0,13
1,1,0,0,0,33.0,2
0,1,0,2,0,34.0,3
0,2,0,2,1,35.0,5
0,6,6,9,1,36.0,22
17,10,9,9,2,37.0,47
0,0,0,5,1,38.0,6
3,28,3,14,2,39.0,50
5,13,9,11,2,40.0,40
488,11,154,20,15,41.0,688
131,15,77,29,18,42.0,270
12,4,43,8,2,43.0,69
23,5,106,15,3,44.0,152
39,8,57,22,3,45.0,129
84,19,186,26,7,46.0,322
89,7,104,34,10,47.0,244
61,5,34,15,3,48.0,118
13,5,49,10,3,49.0,80
24,8,21,5,4,50.0,62
5,8,5,2,0,51.0,20
15,21,20,16,5,52.0,77
12,10,6,9,3,53.0,40
3,4,7,11,1,54.0,26
0,0,2,2,0,55.0,4
0,2,2,1,0,56.0,5
0,0,0,1,0,57.0,1
0,0,0,1,0,59.0,1
0,1,0,1,0,61.0,2
1,0,2,1,0,62.0,4
3,0,7,5,1,63.0,16
5,9,1,6,6,64.0,27
0,1,5,8,3,65.0,17
0,1,3,12,2,66.0,18
0,1,0,6,3,67.0,10
1,1,4,2,2,68.0,10
8,2,12,13,3,69.0,38
25,32,22,13,9,70.0,101
120,25,72,25,13,71.0,255
63,19,39,28,12,72.0,161
19,1,20,16,0,73.0,56
106,13,57,33,13,74.0,222
69,24,74,21,9,75.0,197
53,53,50,26,6,76.0,188
8,10,15,12,0,77.0,45
118,6,79,23,6,79.0,232
341,28,122,26,68,80.0,585
60,5,18,16,2,81.0,101
35,17,43,9,4,82.0,108
32,14,53,9,1,83.0,109
5,15,23,6,3,84.0,52
39,7,29,4,0,85.0,79
61,11,32,13,2,86.0,119
0,22,5,5,0,87.0,32
0,6,8,8,3,88.0,25
14,24,17,19,5,89.0,79
17,4,10,7,2,90.0,40
0,3,0,1,1,91.0,5
0,3,1,4,0,92.0,8
2,1,0,0,0,93.0,3
0,0,0,2,0,94.0,2
0,0,1,0,0,95.0,1
2,2,1,9,0,96.0,14
28,47,20,12,8,97.0,115
29,9,13,10,3,98.0,64
2,0,3,7,2,99.0,14
5,1,9,9,2,100.0,26
0,2,0,2,5,101.0,9
6,6,2,5,2,102.0,21
25,7,11,9,8,103.0,60
11,15,17,5,2,104.0,50
56,9,42,26,9,105.0,142
46,26,18,6,2,106.0,98
1,6,8,3,0,107.0,18
66,18,46,15,8,108.0,153
96,31,63,12,15,109.0,217
91,29,52,8,8,110.0,188
17,1,5,0,3,111.0,26
51,12,36,21,12,112.0,132
718,87,331,68,208,113.0,1412
147,38,88,34,19,114.0,326
3,2,0,5,3,115.0,13
0,9,3,0,0,116.0,12
23,25,32,9,1,117.0,90
1,6,2,1,0,118.0,10
11,7,8,0,1,119.0,27
26,23,36,12,9,120.0,106
1,11,10,4,0,121.0,26
2,21,8,4,1,122.0,36
75,24,61,6,10,123.0,176
5,12,12,6,0,124.0,35
0,1,0,2,0,125.0,3
1,2,1,6,0,126.0,10
0,1,0,0,0,127.0,1
0,0,1,0,0,128.0,1
1,1,4,0,1,129.0,7
61,3,18,19,11,130.0,112
0,2,0,2,0,131.0,4
52,41,6,21,7,132.0,127
27,90,20,24,14,133.0,175
16,22,9,13,8,134.0,68
15,5,18,16,6,135.0,60
3,1,4,11,2,136.0,21
3,1,1,6,3,137.0,14
29,4,21,8,4,138.0,66
48,54,42,24,11,139.0,179
8,1,2,3,6,140.0,20
0,7,4,2,1,141.0,14
3,6,3,7,3,142.0,22
45,1,30,8,12,143.0,96
24,10,1,11,0,144.0,46
183,20,30,12,2,145.0,247
23,16,42,21,9,146.0,111
69,17,52,12,3,147.0,153
91,20,41,9,5,148.0,166
105,9,69,19,21,149.0,223
97,13,49,15,13,150.0,187
22,1,15,10,10,151.0,58
3,3,3,4,2,152.0,15
1,1,2,1,3,153.0,8
46,21,35,7,7,154.0,116
2,15,4,4,3,155.0,28
0,1,3,0,0,156.0,4
11,17,27,9,4,157.0,68
1,9,4,1,0,159.0,15
15,21,44,7,3,160.0,90
1,2,6,0,0,161.0,9
2,4,2,0,2,162.0,10
0,2,0,0,0,163.0,2
0,1,0,1,0,164.0,2
0,1,0,2,0,165.0,3
0,0,0,6,0,166.0,6
91,8,69,36,20,167.0,224
134,10,59,32,23,168.0,258
0,1,4,3,2,169.0,10
0,1,2,3,0,170.0,6
0,0,0,2,0,171.0,2
1,1,0,3,1,172.0,6
28,2,22,8,7,173.0,67
84,9,73,25,5,174.0,196
17,8,23,16,8,175.0,72
14,2,4,6,2,176.0,28
106,8,65,23,4,177.0,206
193,31,51,25,4,178.0,304
402,54,36,17,5,179.0,514
135,40,38,18,16,180.0,247
29,19,29,17,7,181.0,101
2,1,4,2,2,182.0,11
18,7,10,2,0,183.0,37
20,7,18,10,5,184.0,60
36,0,26,15,8,185.0,85
65,3,27,11,3,186.0,109
21,4,10,9,3,187.0,47
36,4,35,19,4,188.0,98
18,13,12,9,6,189.0,58
181,15,88,27,19,190.0,330
190,9,45,31,18,191.0,293
199,23,93,28,20,192.0,363
73,10,37,12,14,193.0,146
22,6,17,13,1,194.0,59
68,14,48,16,5,195.0,151
11,22,15,19,2,196.0,69
88,8,35,20,8,197.0,159
58,17,49,19,9,198.0,152
11,2,3,0,7,200.0,23
0,3,2,0,1,202.0,6
0,3,2,7,0,203.0,12
0,1,0,3,1,204.0,5
7,33,6,24,9,205.0,79
1,5,4,10,1,206.0,21
177,16,88,20,26,207.0,327
228,38,166,39,28,208.0,499
36,6,29,32,7,209.0,110
2,1,5,5,1,210.0,14
0,2,1,4,4,211.0,11
0,1,1,4,1,212.0,7
0,0,0,1,0,213.0,1
25,3,21,13,4,214.0,66
31,3,15,14,3,215.0,66
2,3,7,7,0,216.0,19
0,2,5,5,3,217.0,15
83,10,54,13,6,218.0,166
65,10,21,13,3,219.0,112
13,11,4,15,1,220.0,44
59,13,26,15,13,221.0,126
25,1,16,10,6,222.0,58
88,7,57,39,6,223.0,197
328,64,104,29,13,224.0,538
32,4,16,9,8,225.0,69
119,25,53,9,19,226.0,225
40,37,30,19,7,227.0,133
33,18,42,22,10,228.0,125
2,7,5,2,2,229.0,18
13,6,15,10,7,230.0,51
8,4,15,8,1,231.0,36
11,11,23,9,4,232.0,58
30,10,14,14,4,233.0,72
67,25,5,3,2,234.0,102
30,10,25,16,7,235.0,88
19,20,21,26,4,236.0,90
68,16,34,18,8,237.0,144
11,5,5,2,1,238.0,24
10,6,6,7,0,239.0,29
1,5,5,0,1,240.0,12
11,4,12,9,2,241.0,38
0,2,1,0,0,242.0,3
0,2,0,1,1,243.0,4
2,2,1,2,1,244.0,8
29,18,15,21,3,246.0,86
0,39,2,21,3,247.0,65
13,46,21,23,14,248.0,117
88,70,21,73,20,249.0,272
9,40,23,44,13,250.0,129
21,31,13,36,11,251.0,112
1,3,2,5,1,252.0,12
1,2,4,6,1,253.0,14
2,2,0,6,2,254.0,12
3,1,0,3,3,255.0,10
2,0,5,1,0,256.0,8
0,0,2,3,1,257.0,6
5,4,15,12,3,258.0,39
24,5,14,11,6,259.0,60
77,13,67,23,12,260.0,192
1,2,4,5,2,261.0,14
90,8,7,7,1,262.0,113
85,9,19,11,3,263.0,127
58,6,18,3,2,264.0,87
192,24,71,22,17,265.0,326
85,13,58,30,16,266.0,202
21,14,13,10,7,267.0,65
73,24,36,23,11,268.0,167
102,16,154,33,26,269.0,331
86,65,404,8,2,270.0,565
1,0,0,0,0,272.0,1
0,1,1,0,0,273.0,2
0,0,0,1,0,274.0,1
2,4,5,1,1,276.0,13
13,6,18,17,10,277.0,64
4,4,7,4,0,278.0,19
15,22,13,8,0,279.0,58
28,16,14,3,1,280.0,62
4,11,5,6,3,281.0,29
2,2,7,6,0,282.0,17
101,14,11,12,1,283.0,139
1,1,2,0,0,284.0,4
5,1,3,3,2,285.0,14
0,6,2,7,3,286.0,18
0,14,2,1,0,287.0,17
125,12,58,20,27,288.0,242
1,2,3,6,0,289.0,12
4,24,5,15,7,290.0,55
97,127,44,37,16,291.0,321
25,19,30,30,4,292.0,108
13,45,11,23,4,293.0,96
15,7,11,18,3,294.0,54
13,1,19,8,3,295.0,44
44,5,25,29,3,296.0,106
11,2,6,11,1,297.0,31
6,3,8,14,2,298.0,33
2,3,2,3,2,299.0,12
15,3,7,6,12,300.0,43
2,2,1,2,1,301.0,8
26,8,30,27,2,302.0,93
14,1,17,10,2,303.0,44
47,9,19,30,2,304.0,107
68,10,21,18,6,305.0,123
39,5,33,23,3,306.0,103
61,7,44,16,11,307.0,139
53,1,22,16,5,308.0,97
11,6,12,12,3,309.0,44
47,50,53,43,6,310.0,199
257,14,136,36,10,311.0,453
32,15,106,22,2,312.0,177
1,0,0,0,0,315.0,1
0,0,1,0,0,316.0,1
0,5,3,0,0,317.0,8
1,17,4,5,1,318.0,28
24,6,66,3,6,319.0,105
3,13,3,2,0,320.0,21
1,4,2,2,0,321.0,9
25,5,24,9,7,322.0,70
1,1,0,0,0,323.0,2
3,3,0,5,0,325.0,11
1,1,12,0,1,326.0,15
0,7,1,10,0,327.0,18
4,18,8,6,4,328.0,40
26,56,12,19,14,329.0,127
10,37,7,18,12,330.0,84
49,5,13,13,9,331.0,89
1,5,1,7,0,332.0,14
31,61,28,59,19,333.0,198
29,53,34,41,14,334.0,171
103,7,74,32,7,335.0,223
25,6,29,17,5,336.0,82
87,17,60,36,8,337.0,208
67,5,46,16,4,338.0,138
91,0,48,25,5,339.0,169
61,8,45,25,10,340.0,149
36,3,9,15,1,341.0,64
49,5,23,14,10,342.0,101
22,9,34,17,4,343.0,86
32,11,23,11,4,344.0,81
168,22,98,37,7,345.0,332
181,14,102,19,29,346.0,345
84,13,58,20,8,347.0,183
48,19,42,21,12,348.0,142
29,7,24,12,4,349.0,76
16,8,8,15,2,350.0,49
170,18,88,51,15,351.0,342
124,24,46,35,10,352.0,239
19,55,22,19,11,353.0,126
32,5,26,15,3,354.0,81
2,9,7,10,2,355.0,30
0,0,1,0,0,357.0,1
2,2,2,0,0,360.0,6
2,6,3,3,0,361.0,14
41,13,63,10,4,362.0,131
15,13,16,9,4,363.0,57
11,11,10,6,5,364.0,43
64,14,49,6,8,365.0,141
4,15,3,4,0,366.0,26
1,1,1,2,0,367.0,5
37,15,35,12,2,368.0,101
27,8,71,11,3,369.0,120
2,13,4,6,3,370.0,28
36,7,6,19,8,371.0,76
17,20,5,4,8,372.0,54
13,7,6,0,0,373.0,26
0,1,0,4,0,374.0,5
6,8,17,15,1,375.0,47
0,8,0,7,0,376.0,15
163,198,56,117,53,377.0,587
159,35,107,44,14,378.0,359
1,0,1,1,10,379.0,13
11,2,9,12,8,380.0,42
167,24,77,32,16,381.0,316
42,13,41,18,11,382.0,125
39,50,22,29,8,383.0,148
108,46,119,54,24,384.0,351
156,50,48,65,17,385.0,336
139,21,45,64,35,386.0,304
479,29,282,69,128,387.0,987
112,10,118,43,31,388.0,314
176,25,81,37,10,389.0,329
131,11,56,43,13,390.0,254
48,9,42,29,17,391.0,145
168,28,95,24,10,392.0,325
102,45,75,47,23,393.0,292
108,31,77,30,10,394.0,256
49,36,43,20,15,395.0,163
110,20,73,25,39,396.0,267
35,25,44,15,8,397.0,127
99,22,18,29,15,398.0,183
119,8,5,3,0,399.0,135
0,2,0,1,0,401.0,3
0,1,0,0,0,402.0,1
0,0,0,1,0,403.0,1
3,1,2,4,1,404.0,11
30,15,9,2,2,405.0,58
84,22,80,9,11,406.0,206
18,13,33,3,5,407.0,72
5,11,48,5,0,408.0,69
2,15,6,2,0,409.0,25
24,9,12,3,3,410.0,51
1,13,4,1,0,411.0,19
6,3,11,3,0,412.0,23
86,9,12,3,1,413.0,111
25,7,2,1,1,414.0,36
72,5,19,9,10,415.0,115
4,2,1,5,1,416.0,13
2,2,0,2,2,417.0,8
0,5,2,6,0,418.0,13
0,0,2,1,0,419.0,3
59,56,56,59,9,420.0,239
26,23,7,24,10,421.0,90
82,116,54,49,29,422.0,330
324,68,90,58,21,423.0,561
5,1,2,11,5,424.0,24
16,9,10,19,3,425.0,57
35,18,34,43,8,426.0,138
25,108,12,74,12,427.0,231
194,37,122,38,28,428.0,419
18,94,12,66,30,429.0,220
67,102,60,72,32,430.0,333
256,85,83,47,50,431.0,521
202,38,133,51,30,432.0,454
185,17,157,65,23,433.0,447
176,13,111,50,20,434.0,370
178,20,59,37,23,435.0,317
46,6,24,13,10,436.0,99
164,6,34,31,19,437.0,254
62,12,21,21,9,438.0,125
11,17,19,12,8,439.0,67
54,17,31,35,14,440.0,151
0,0,0,0,1,441.0,1
0,18,5,2,0,442.0,25
151,68,69,17,25,443.0,330
301,20,45,19,7,444.0,392
6,0,1,4,0,446.0,11
3,2,1,0,0,447.0,6
0,2,0,6,0,449.0,8
1,13,2,3,0,450.0,19
4,22,24,8,0,451.0,58
5,19,2,0,0,452.0,26
9,12,4,4,0,453.0,29
2,1,0,0,0,454.0,3
7,8,10,0,0,455.0,25
7,7,4,4,0,456.0,22
0,1,1,2,0,457.0,4
20,5,5,8,0,458.0,38
4,3,0,1,2,459.0,10
0,2,3,2,0,460.0,7
35,4,14,8,27,461.0,88
0,0,1,1,0,462.0,2
4,0,2,5,1,463.0,12
3,1,1,3,0,464.0,8
271,60,147,24,30,466.0,532
201,168,44,40,13,467.0,466
55,196,38,33,23,468.0,345
65,153,67,81,17,469.0,383
90,346,79,92,29,470.0,636
22,4,2,15,3,471.0,46
14,22,14,32,9,472.0,91
90,51,45,91,29,473.0,306
56,165,37,62,19,474.0,339
180,24,96,31,21,475.0,352
125,282,77,86,63,476.0,633
103,173,43,45,48,477.0,412
47,44,41,32,25,478.0,189
39,6,56,38,13,479.0,152
122,6,76,43,22,480.0,269
85,7,96,62,16,481.0,266
124,34,52,37,20,482.0,267
48,18,36,32,9,483.0,143
182,9,67,35,16,484.0,309
256,16,104,37,13,485.0,426
16,31,39,19,6,486.0,111
24,13,23,9,7,487.0,76
28,23,16,11,2,488.0,80
31,18,21,8,6,489.0,84
64,14,35,25,19,490.0,157
2,2,2,5,2,491.0,13
3,0,0,0,0,493.0,3
5,2,0,1,0,494.0,8
2,2,1,2,0,496.0,7
1,0,0,0,0,497.0,1
15,11,25,3,0,498.0,54
6,21,3,3,1,499.0,34
1,2,0,1,0,500.0,4
0,6,1,1,0,501.0,8
69,14,14,5,0,502.0,102
5,5,5,1,1,503.0,17
0,0,6,1,0,505.0,7
0,1,0,0,1,506.0,2
3,3,8,9,1,507.0,24
9,0,6,7,6,508.0,28
3,6,7,3,2,509.0,21
1,6,1,4,0,510.0,12
2,0,2,3,0,511.0,7
1,0,0,0,0,512.0,1
2,6,2,9,2,513.0,21
141,11,88,27,62,514.0,329
87,9,53,14,7,515.0,170
47,10,18,17,5,516.0,97
5,4,17,5,0,517.0,31
21,18,19,40,4,518.0,102
25,166,18,31,6,519.0,246
91,21,21,37,11,520.0,181
142,14,66,43,30,521.0,295
311,15,142,32,22,522.0,522
177,234,124,86,41,523.0,662
24,55,26,80,22,524.0,207
58,234,50,58,44,525.0,444
94,129,60,63,36,526.0,382
19,31,27,42,10,527.0,129
156,72,79,52,47,528.0,406
31,11,23,33,10,529.0,108
111,47,62,46,17,530.0,283
58,10,48,62,13,531.0,191
112,37,92,51,23,532.0,315
153,10,95,54,20,533.0,332
176,30,75,40,16,534.0,337
68,74,49,24,19,535.0,234
6,0,1,0,1,536.0,8
112,24,58,34,11,537.0,239
77,30,43,17,12,538.0,179
154,44,65,39,33,539.0,335
3,2,7,7,7,540.0,26
2,7,4,0,0,542.0,13
6,5,0,3,0,543.0,14
9,7,4,6,0,544.0,26
7,6,8,1,0,545.0,22
1,1,0,0,0,546.0,2
48,16,34,4,2,547.0,104
10,4,4,1,0,548.0,19
1,0,0,0,0,549.0,1
1,0,0,0,0,550.0,1
24,11,7,4,1,551.0,47
9,14,3,3,0,552.0,29
2,5,0,1,0,553.0,8
7,4,15,4,2,554.0,32
0,1,1,0,0,555.0,2
3,13,4,5,4,556.0,29
16,24,6,9,2,557.0,57
8,8,8,12,2,558.0,38
7,2,3,9,3,559.0,24
0,4,1,2,0,560.0,7
34,3,17,14,1,562.0,69
68,2,58,17,4,563.0,149
6,1,6,7,2,564.0,22
24,8,22,20,7,565.0,81
8,1,5,5,0,566.0,19
66,15,40,22,10,567.0,153
46,13,30,20,5,568.0,114
179,32,112,46,22,569.0,391
32,2,14,18,3,570.0,69
28,1,28,26,10,571.0,93
107,57,80,56,31,572.0,331
173,55,137,77,25,573.0,467
107,6,43,34,10,574.0,200
40,60,49,55,12,575.0,216
61,80,36,55,21,576.0,253
476,126,429,79,71,577.0,1181
195,6,67,34,49,578.0,351
148,20,102,67,28,579.0,365
14,4,24,29,16,580.0,87
99,18,63,43,23,581.0,246
131,9,39,52,21,582.0,252
124,14,85,40,16,583.0,279
113,26,36,53,15,584.0,243
2,3,3,7,0,585.0,15
48,15,38,26,6,586.0,133
209,33,61,37,19,587.0,359
313,69,28,50,17,588.0,477
22,27,7,14,4,589.0,74
0,1,1,2,0,590.0,4
8,4,0,5,0,591.0,17
4,1,1,1,1,592.0,8
6,2,0,2,0,593.0,10
29,9,5,10,3,594.0,56
2,3,0,0,1,595.0,6
15,12,18,3,0,596.0,48
5,10,5,3,0,597.0,23
3,11,7,0,1,598.0,22
1,3,3,0,1,599.0,8
13,7,10,3,1,600.0,34
3,7,1,0,0,601.0,11
5,13,2,1,1,602.0,22
0,3,1,5,1,603.0,10
2,5,8,8,1,605.0,24
4,62,8,12,3,606.0,89
4,25,4,6,2,607.0,41
26,2,17,2,3,608.0,50
14,7,5,9,0,609.0,35
2,2,3,5,1,610.0,13
138,7,17,7,2,611.0,171
0,4,4,5,0,612.0,13
5,3,2,6,1,613.0,17
36,9,13,10,1,614.0,69
26,2,21,21,7,615.0,77
268,23,118,34,20,616.0,463
260,26,169,76,21,617.0,552
46,65,51,38,27,618.0,227
155,9,80,49,54,619.0,347
131,8,94,47,12,620.0,292
321,16,120,19,32,621.0,508
134,8,93,77,36,622.0,348
38,16,40,46,19,623.0,159
239,99,120,92,36,624.0,586
197,179,66,129,34,625.0,605
113,208,80,82,36,626.0,519
50,41,60,56,21,627.0,228
36,14,36,46,17,628.0,149
15,8,9,14,8,629.0,54
17,4,16,31,11,630.0,79
43,9,26,23,11,631.0,112
45,15,24,23,7,632.0,114
28,10,24,7,7,633.0,76
73,8,59,20,9,634.0,169
278,57,138,56,59,635.0,588
122,28,42,50,47,636.0,289
146,22,90,47,28,637.0,333
25,27,26,6,3,638.0,87
9,3,3,6,1,639.0,22
10,15,7,5,0,640.0,37
41,9,9,1,1,641.0,61
7,2,1,3,1,642.0,14
16,1,1,1,0,643.0,19
27,27,13,5,7,644.0,79
15,13,9,8,1,645.0,46
4,4,2,4,1,646.0,15
4,1,1,2,1,647.0,9
15,3,2,4,0,648.0,24
13,19,9,4,2,649.0,47
26,10,9,5,2,650.0,52
1,5,6,7,0,651.0,19
0,1,0,2,0,652.0,3
0,1,0,1,0,653.0,2
5,1,3,4,2,654.0,15
0,10,4,7,0,655.0,21
25,1,18,14,0,656.0,58
5,2,1,9,0,657.0,17
3,0,0,4,0,658.0,7
1,0,0,0,0,659.0,1
0,1,0,4,2,660.0,7
0,4,0,4,1,661.0,9
18,4,24,10,4,662.0,60
15,6,22,13,2,663.0,58
72,11,63,33,10,664.0,189
120,13,127,47,2,665.0,309
67,54,56,55,15,666.0,247
115,98,73,38,10,667.0,334
43,4,13,25,8,668.0,93
298,20,135,40,59,669.0,552
119,52,73,80,16,670.0,340
122,41,65,85,39,671.0,352
261,124,101,119,56,672.0,661
223,191,69,130,42,673.0,655
134,64,60,80,37,674.0,375
175,19,70,49,16,675.0,329
37,23,39,46,9,676.0,154
18,4,17,19,8,677.0,66
47,5,38,11,13,678.0,114
179,34,87,37,18,679.0,355
131,6,72,34,12,680.0,255
23,7,44,22,3,681.0,99
55,13,63,14,6,682.0,151
153,70,77,20,11,683.0,331
128,25,77,44,29,684.0,303
228,22,158,40,22,685.0,470
41,20,23,25,7,686.0,116
6,5,6,3,1,687.0,21
0,7,4,3,1,688.0,15
2,4,4,2,0,689.0,12
68,16,18,5,3,690.0,110
11,14,5,3,1,691.0,34
4,10,6,4,2,692.0,26
2,7,10,9,0,693.0,28
1,2,1,3,0,694.0,7
3,5,0,1,1,695.0,10
31,18,25,5,1,696.0,80
1,5,3,0,0,697.0,9
15,20,1,1,1,698.0,38
12,20,17,2,2,699.0,53
11,5,56,4,1,700.0,77
4,0,1,3,0,702.0,8
12,12,8,16,3,703.0,51
17,27,15,19,6,704.0,84
2,8,6,2,0,705.0,18
1,0,0,0,0,706.0,1
0,0,0,4,0,707.0,4
2,0,2,1,1,708.0,6
43,9,36,19,7,709.0,114
16,21,13,6,3,710.0,59
31,1,13,6,1,711.0,52
21,4,6,21,5,712.0,57
31,4,29,25,6,713.0,95
62,110,39,29,11,714.0,251
101,44,53,46,17,715.0,261
169,45,59,32,8,716.0,313
189,12,77,37,57,717.0,372
200,37,113,53,68,718.0,471
236,36,142,49,83,719.0,546
136,13,53,35,33,720.0,270
81,68,41,62,32,721.0,284
87,16,31,77,66,722.0,277
402,29,97,70,23,723.0,621
31,38,29,37,17,724.0,152
117,17,79,55,28,725.0,296
202,19,82,46,36,726.0,385
88,37,79,52,28,727.0,284
42,13,40,33,11,728.0,139
24,11,39,20,6,729.0,100
61,16,45,13,10,730.0,145
2,2,3,0,4,731.0,11
91,10,63,27,16,732.0,207
144,14,110,26,17,733.0,311
9,5,12,14,2,734.0,42
40,12,19,28,5,735.0,104
18,1,5,4,1,736.0,29
3,0,0,1,1,737.0,5
42,6,19,2,1,738.0,70
10,7,11,5,1,739.0,34
20,20,7,6,4,740.0,57
11,9,7,16,1,741.0,44
3,1,0,0,0,742.0,4
4,9,2,2,0,743.0,17
108,13,38,6,9,744.0,174
9,7,1,5,0,745.0,22
36,15,16,7,4,746.0,78
29,8,10,1,9,747.0,57
103,6,82,12,28,748.0,231
6,2,21,9,1,749.0,39
0,0,0,4,1,750.0,5
3,7,8,5,1,751.0,24
22,6,3,5,7,752.0,43
1,5,1,4,1,753.0,12
5,1,2,3,0,754.0,11
1,1,3,2,0,755.0,7
46,4,17,12,4,756.0,83
29,20,39,16,8,757.0,112
15,12,20,12,14,758.0,73
195,47,94,55,12,759.0,403
148,21,52,44,16,760.0,281
54,22,60,41,15,761.0,192
29,9,34,29,15,762.0,116
42,6,19,14,19,763.0,100
47,9,29,23,4,764.0,112
40,42,25,38,19,765.0,164
196,162,167,94,91,766.0,710
115,9,41,29,8,767.0,202
23,10,11,20,6,768.0,70
60,12,49,27,12,769.0,160
26,12,17,42,3,770.0,100
87,3,32,12,26,771.0,160
141,26,79,52,37,772.0,335
207,32,98,68,51,773.0,456
156,30,89,34,61,774.0,370
123,13,75,41,25,775.0,277
91,34,145,62,25,776.0,357
30,12,87,16,9,777.0,154
133,25,57,25,11,778.0,251
66,7,42,35,8,779.0,158
204,12,112,46,25,780.0,399
218,26,84,35,14,781.0,377
6,6,6,9,2,782.0,29
21,10,8,6,6,783.0,51
53,5,29,3,7,784.0,97
5,5,5,3,0,785.0,18
54,14,27,9,5,786.0,109
13,9,8,9,0,787.0,39
5,11,6,13,1,788.0,36
5,5,14,7,1,789.0,32
4,1,0,1,0,790.0,6
40,10,18,7,6,791.0,81
89,10,31,16,10,792.0,156
10,13,4,5,0,793.0,32
12,7,1,1,0,794.0,21
16,1,4,2,3,795.0,26
37,2,29,7,6,796.0,81
27,2,53,3,5,797.0,90
0,2,1,2,0,798.0,5
11,3,3,2,2,799.0,21
0,4,4,8,0,800.0,16
1,1,1,0,2,801.0,5
2,1,4,5,1,802.0,13
2,9,4,5,4,804.0,24
35,8,27,20,11,805.0,101
5,3,9,13,1,806.0,31
44,9,32,36,12,807.0,133
39,7,38,16,6,808.0,106
18,0,17,10,5,809.0,50
4,7,6,11,3,810.0,31
70,21,61,44,23,811.0,219
13,4,24,37,10,812.0,88
93,38,74,65,27,813.0,297
115,49,91,69,37,814.0,361
42,7,19,24,23,815.0,115
179,17,79,58,28,816.0,361
166,24,68,56,30,817.0,344
68,19,71,43,24,818.0,225
111,17,49,50,32,819.0,259
307,58,68,72,59,820.0,564
130,21,86,48,46,821.0,331
181,34,143,89,80,822.0,527
210,39,133,61,62,823.0,505
311,160,130,92,72,824.0,765
38,19,128,33,8,825.0,226
178,14,66,23,10,826.0,291
281,9,147,23,161,827.0,621
146,19,111,58,23,828.0,357
91,19,46,28,20,829.0,204
9,7,9,18,11,830.0,54
2,3,1,3,1,831.0,10
4,5,5,10,2,832.0,26
10,1,5,2,1,834.0,19
18,4,5,2,1,835.0,30
98,11,48,6,18,836.0,181
187,11,32,25,12,837.0,267
222,18,25,5,0,838.0,270
314,45,112,17,53,839.0,541
113,17,40,20,5,840.0,195
86,32,17,5,2,841.0,142
49,11,25,6,5,842.0,96
11,13,13,5,2,843.0,44
2,10,7,6,0,844.0,25
0,1,0,2,0,845.0,3
8,1,3,3,10,846.0,25
47,2,7,11,37,847.0,104
44,0,13,5,1,848.0,63
0,0,2,2,3,849.0,7
39,2,19,12,1,850.0,73
0,0,0,1,0,851.0,1
39,7,17,18,4,852.0,85
47,7,31,22,12,853.0,119
87,8,79,29,3,854.0,206
97,16,72,34,32,855.0,251
84,5,48,53,17,856.0,207
52,15,43,16,13,857.0,139
57,20,25,19,9,858.0,130
269,10,20,47,15,859.0,361
162,11,53,24,9,860.0,259
313,12,108,65,34,861.0,532
191,12,113,29,88,862.0,433
124,64,85,90,46,863.0,409
307,28,109,58,36,864.0,538
58,21,44,51,35,865.0,209
152,16,74,54,32,866.0,328
103,18,26,51,7,867.0,205
63,8,15,41,15,868.0,142
127,38,96,63,40,869.0,364
69,6,63,43,25,870.0,206
43,15,36,36,17,871.0,147
61,11,42,48,21,872.0,183
29,28,106,34,16,873.0,213
130,19,43,41,32,874.0,265
272,22,77,40,20,875.0,431
90,16,47,33,11,876.0,197
119,53,55,81,27,877.0,335
45,16,46,28,16,878.0,151
38,18,28,19,14,879.0,117
19,27,17,32,11,880.0,106
6,5,11,15,2,881.0,39
1,0,1,3,2,882.0,7
12,20,13,15,2,883.0,62
26,8,23,14,4,884.0,75
3,9,6,18,4,885.0,40
14,37,16,18,8,886.0,93
41,18,22,16,12,887.0,109
21,42,16,19,17,888.0,115
98,16,41,36,24,889.0,215
116,11,44,12,25,890.0,208
151,1,46,8,12,891.0,218
10,7,11,5,2,892.0,35
0,4,8,0,0,893.0,12
0,2,4,2,0,894.0,8
31,7,22,10,32,895.0,102
46,11,33,14,6,896.0,110
11,6,15,6,1,897.0,39
42,4,21,10,2,898.0,79
2,0,0,0,0,899.0,2
0,1,1,0,0,900.0,2
77,7,42,29,5,902.0,160
40,5,23,19,4,903.0,91
119,13,67,42,22,904.0,263
72,7,26,11,12,905.0,128
14,9,20,21,12,906.0,76
120,11,75,47,21,907.0,274
77,16,27,39,15,908.0,174
113,16,44,40,15,909.0,228
234,22,112,65,119,910.0,552
625,60,241,74,84,911.0,1084
216,65,127,53,89,912.0,550
81,151,68,104,46,913.0,450
122,38,55,46,29,914.0,290
120,12,81,85,287,915.0,585
282,28,131,47,56,916.0,544
91,19,52,30,31,917.0,223
180,21,75,57,27,918.0,360
275,44,134,77,89,919.0,619
336,24,89,61,193,920.0,703
200,12,46,25,31,921.0,314
129,43,83,70,46,922.0,371
50,16,52,34,21,923.0,173
102,20,47,22,26,924.0,217
152,39,100,42,24,925.0,357
52,15,43,48,16,926.0,174
135,21,106,48,46,927.0,356
76,20,40,35,22,928.0,193
114,27,67,34,49,929.0,291
99,22,52,32,13,930.0,218
138,32,35,41,14,931.0,260
53,18,36,42,6,932.0,155
4,8,3,11,1,933.0,27
13,22,25,17,7,934.0,84
174,58,116,60,49,935.0,457
25,42,31,35,17,936.0,150
38,11,40,31,10,937.0,130
61,7,31,32,11,938.0,142
52,9,51,26,5,939.0,143
75,21,48,20,8,940.0,172
0,10,0,0,1,941.0,11
0,1,0,0,2,942.0,3
1,2,3,6,1,943.0,13
0,0,2,0,0,944.0,2
159,27,3,0,2,946.0,191
109,44,18,3,0,947.0,174
3,3,1,5,1,948.0,13
0,4,2,6,1,949.0,13
0,1,0,6,0,950.0,7
88,13,51,37,14,952.0,203
414,163,86,29,46,953.0,738
285,39,178,55,63,954.0,620
343,47,180,79,48,955.0,697
87,24,105,66,32,956.0,314
147,16,115,54,20,957.0,352
107,57,65,69,21,958.0,319
109,21,71,49,26,959.0,276
75,42,88,43,68,960.0,316
160,25,102,50,47,961.0,384
49,18,36,51,33,962.0,187
253,48,74,81,32,963.0,488
178,18,12,16,8,964.0,232
37,20,48,47,18,965.0,170
135,46,72,46,87,966.0,386
168,30,94,54,62,967.0,408
223,21,54,66,45,968.0,409
225,41,119,101,192,969.0,678
363,36,76,27,179,970.0,681
237,19,46,30,65,971.0,397
140,37,75,82,65,972.0,399
120,23,54,36,31,973.0,264
214,23,78,33,52,974.0,400
95,30,47,56,29,975.0,257
127,12,77,28,20,976.0,264
220,30,112,64,29,977.0,455
28,6,16,27,12,978.0,89
2,2,3,8,0,979.0,15
19,17,12,22,2,980.0,72
158,26,83,40,13,981.0,320
140,15,60,40,11,982.0,266
139,77,44,46,16,983.0,322
167,60,80,56,24,984.0,387
18,22,16,38,5,985.0,99
102,36,26,33,14,986.0,211
147,126,78,33,22,987.0,406
114,35,84,36,14,988.0,283
139,124,97,41,14,989.0,415
25,8,18,19,1,990.0,71
5,32,6,30,5,991.0,78
105,77,47,44,28,992.0,301
14,31,23,22,23,993.0,113
41,62,39,9,59,994.0,210
0,1,1,1,0,995.0,3
2,3,3,5,0,996.0,13
1,2,1,7,2,997.0,13
13,1,5,11,5,998.0,35
0,0,0,0,2,999.0,2
97,12,58,31,23,1001.0,221
52,16,22,20,8,1002.0,118
201,28,59,29,50,1003.0,367
102,38,65,59,35,1004.0,299
66,36,73,67,101,1005.0,343
414,34,142,61,136,1006.0,787
132,16,44,45,50,1007.0,287
158,36,60,35,50,1008.0,339
45,20,16,31,8,1009.0,120
134,17,42,23,16,1010.0,232
319,30,63,43,78,1011.0,533
126,57,25,30,26,1012.0,264
123,27,29,15,22,1013.0,216
45,5,62,10,5,1014.0,127
337,30,173,56,138,1015.0,734
148,28,48,63,105,1016.0,392
285,33,85,54,131,1017.0,588
596,74,202,84,171,1018.0,1127
443,17,66,46,214,1019.0,786
402,38,63,30,209,1020.0,742
147,37,88,59,75,1021.0,406
99,14,44,19,43,1022.0,219
144,14,54,44,55,1023.0,311
38,3,26,32,26,1024.0,125
128,37,99,50,42,1025.0,356
227,23,139,69,44,1026.0,502
128,28,89,46,20,1027.0,311
52,19,43,49,31,1028.0,194
57,5,46,43,20,1029.0,171
44,70,30,64,25,1030.0,233
228,134,91,80,38,1031.0,571
18,35,40,49,5,1032.0,147
73,23,48,77,15,1033.0,236
91,9,57,42,40,1034.0,239
77,13,67,37,13,1035.0,207
394,103,138,53,44,1036.0,732
161,35,119,46,19,1037.0,380
59,30,52,43,15,1038.0,199
60,42,33,32,9,1039.0,176
56,49,24,41,9,1040.0,179
23,72,8,11,9,1041.0,123
2,0,1,7,2,1042.0,12
31,5,9,11,11,1043.0,67
2,1,0,1,2,1044.0,6
8,1,5,9,0,1045.0,23
1,1,12,4,2,1046.0,20
28,6,24,22,13,1047.0,93
1,0,0,1,0,1048.0,2
1,9,9,4,2,1050.0,25
3,0,0,1,0,1051.0,4
15,1,10,31,15,1052.0,72
72,5,25,21,8,1053.0,131
291,115,212,37,33,1054.0,688
64,4,21,25,8,1055.0,122
28,12,17,28,53,1056.0,138
89,15,34,33,53,1057.0,224
167,33,100,45,54,1058.0,399
1174,95,410,75,128,1059.0,1882
409,13,184,68,164,1060.0,838
190,66,91,66,338,1061.0,751
310,67,124,77,253,1062.0,831
347,94,184,77,488,1063.0,1190
629,70,546,100,351,1064.0,1696
801,41,367,92,78,1065.0,1379
316,32,91,79,69,1066.0,587
901,35,178,95,116,1067.0,1325
289,55,163,102,422,1068.0,1031
214,82,88,70,284,1069.0,738
159,35,89,115,55,1070.0,453
98,13,46,46,20,1071.0,223
168,50,100,95,286,1072.0,699
287,64,90,46,110,1073.0,597
162,41,93,58,101,1074.0,455
423,237,179,79,198,1075.0,1116
596,217,297,67,130,1076.0,1307
81,50,63,41,31,1077.0,266
250,63,141,72,93,1078.0,619
58,59,45,55,34,1079.0,251
135,121,64,65,32,1080.0,417
72,60,39,58,35,1081.0,264
152,64,67,45,28,1082.0,356
82,23,58,57,29,1083.0,249
94,10,50,44,21,1084.0,219
282,247,177,72,40,1085.0,818
7,34,10,18,1,1086.0,70
47,6,32,26,12,1087.0,123
236,75,138,48,44,1088.0,541
94,17,98,37,34,1089.0,280
229,167,92,28,41,1090.0,557
10,26,12,4,25,1091.0,77
1,2,8,14,1,1092.0,26
38,2,36,100,1,1093.0,177
34,1,21,53,1,1094.0,110
0,7,3,3,1,1095.0,14
1,1,3,3,2,1096.0,10
3,4,1,9,0,1097.0,17
3,0,0,0,2,1099.0,5
0,4,0,4,1,1100.0,9
99,110,73,71,89,1101.0,442
60,57,66,61,22,1102.0,266
106,36,82,27,59,1103.0,310
73,28,29,30,36,1104.0,196
90,9,47,27,17,1105.0,190
184,24,101,63,91,1106.0,463
124,17,61,46,30,1107.0,278
112,10,54,31,99,1108.0,306
97,32,54,51,42,1109.0,276
34,20,18,47,15,1110.0,134
126,28,50,45,57,1111.0,306
313,56,54,54,50,1112.0,527
289,36,134,49,54,1113.0,562
262,43,178,95,311,1114.0,889
203,26,52,50,53,1115.0,384
689,59,218,102,203,1116.0,1271
304,71,99,121,135,1117.0,730
252,77,70,37,33,1118.0,469
185,28,120,59,48,1119.0,440
63,18,23,19,23,1120.0,146
130,26,80,41,34,1121.0,311
135,36,100,47,50,1122.0,368
159,32,75,34,113,1123.0,413
609,45,351,52,243,1124.0,1300
95,91,66,53,52,1125.0,357
80,30,57,45,37,1126.0,249
151,117,113,94,170,1127.0,645
108,93,35,47,21,1128.0,304
221,227,216,97,123,1129.0,884
113,235,73,63,49,1130.0,533
44,63,25,62,50,1131.0,244
405,119,201,67,72,1132.0,864
253,93,93,79,128,1133.0,646
726,74,188,54,19,1134.0,1061
6,20,13,26,9,1135.0,74
111,180,69,51,33,1136.0,444
90,38,39,42,14,1137.0,223
62,23,45,27,8,1138.0,165
37,5,38,34,37,1139.0,151
1,0,3,2,1,1140.0,7
0,5,5,6,0,1141.0,16
2,1,2,10,1,1142.0,16
0,1,1,4,0,1143.0,6
2,0,5,7,2,1144.0,16
0,2,0,1,0,1145.0,3
0,4,0,7,3,1146.0,14
0,10,1,4,1,1147.0,16
0,1,2,0,0,1148.0,3
1,0,2,6,3,1149.0,12
96,97,81,99,44,1150.0,417
28,3,25,30,2,1151.0,88
14,3,15,19,4,1152.0,55
107,7,46,73,21,1153.0,254
108,3,50,60,17,1154.0,238
85,13,60,44,63,1155.0,265
422,10,73,29,17,1156.0,551
216,31,66,37,36,1157.0,386
65,16,38,31,26,1158.0,176
26,19,12,35,7,1159.0,99
145,28,75,44,38,1160.0,330
146,59,81,68,47,1161.0,401
182,30,96,71,45,1162.0,424
21,40,16,54,38,1163.0,169
103,27,45,34,46,1164.0,255
309,49,144,74,103,1165.0,679
273,110,49,81,66,1166.0,579
12,13,13,25,9,1167.0,72
142,54,95,41,30,1168.0,362
72,34,49,36,56,1169.0,247
1,9,9,20,2,1170.0,41
1,3,1,8,4,1171.0,17
14,0,3,6,2,1172.0,25
60,25,39,20,10,1173.0,154
27,11,22,12,6,1174.0,78
11,10,16,19,5,1175.0,61
109,16,68,54,22,1176.0,269
280,26,97,56,105,1177.0,564
40,5,12,9,10,1178.0,76
28,17,40,28,9,1179.0,122
20,23,25,20,9,1180.0,97
63,10,45,43,16,1181.0,177
288,21,150,66,37,1182.0,562
84,10,80,27,15,1183.0,216
17,24,16,21,2,1184.0,80
47,11,68,50,10,1185.0,186
244,19,91,54,14,1186.0,422
50,21,61,24,7,1187.0,163
0,2,0,0,1,1188.0,3
31,10,19,35,20,1189.0,115
27,7,22,10,19,1190.0,85
55,6,30,25,269,1191.0,385
13,0,6,8,9,1192.0,36
52,5,23,11,28,1193.0,119
4,1,11,12,32,1194.0,60
12,2,7,11,2,1195.0,34
0,2,2,4,0,1196.0,8
3,4,3,4,13,1199.0,27
34,2,47,17,8,1200.0,108
22,1,13,33,12,1201.0,81
4,1,8,6,6,1202.0,25
69,3,18,29,17,1203.0,136
222,9,100,44,17,1204.0,392
175,9,33,40,43,1205.0,300
36,8,23,24,19,1206.0,110
284,23,53,57,52,1207.0,469
121,32,35,32,96,1208.0,316
308,128,100,58,49,1209.0,643
212,76,88,61,12,1210.0,449
213,68,135,59,54,1211.0,529
581,77,182,71,65,1212.0,976
100,34,67,52,33,1213.0,286
180,35,88,55,63,1214.0,421
307,72,185,88,141,1215.0,793
233,48,95,66,106,1216.0,548
566,96,259,128,173,1217.0,1222
338,72,166,63,177,1218.0,816
137,20,100,93,58,1219.0,408
10,2,36,28,1,1220.0,77
0,0,6,4,1,1221.0,11
0,0,1,1,0,1222.0,2
0,0,6,1,0,1223.0,7
1,0,3,0,0,1224.0,4
8,4,7,22,1,1225.0,42
158,25,49,38,9,1226.0,279
198,48,133,67,67,1227.0,513
19,12,24,33,9,1228.0,97
127,13,60,44,22,1229.0,266
74,16,54,55,13,1230.0,212
57,8,61,33,5,1231.0,164
117,22,64,46,24,1232.0,273
134,19,81,58,19,1233.0,311
123,15,110,66,9,1234.0,323
32,7,44,41,7,1235.0,131
73,13,71,37,3,1236.0,197
111,16,60,11,21,1237.0,219
29,3,7,3,1,1238.0,43
4,4,3,5,5,1239.0,21
32,9,14,14,19,1240.0,88
43,5,34,13,18,1241.0,113
3,1,2,1,2,1242.0,9
0,0,1,0,2,1243.0,3
4,2,4,4,44,1244.0,58
2,1,3,1,1,1245.0,8
0,2,0,2,0,1246.0,4
172,3,130,38,10,1249.0,353
20,4,16,21,8,1250.0,69
47,4,35,17,7,1251.0,110
20,7,29,33,12,1252.0,101
28,13,18,24,13,1253.0,96
26,5,23,15,15,1254.0,84
160,3,44,43,12,1255.0,262
12,0,7,7,1,1256.0,27
20,16,11,27,64,1257.0,138
157,13,55,50,140,1258.0,415
129,12,68,42,203,1259.0,454
50,29,37,47,38,1260.0,201
216,34,67,67,25,1261.0,409
68,26,37,30,22,1262.0,183
230,34,112,54,37,1263.0,467
90,32,54,45,25,1264.0,246
261,40,76,54,38,1265.0,469
197,49,130,86,47,1266.0,509
311,37,110,71,95,1267.0,624
388,49,150,67,76,1268.0,730
343,70,137,50,70,1269.0,670
67,18,39,38,29,1270.0,191
11,6,3,22,3,1271.0,45
1,0,5,3,0,1272.0,9
0,0,5,2,0,1274.0,7
1,0,1,0,0,1275.0,2
14,6,33,17,0,1276.0,70
96,24,32,35,6,1277.0,193
392,71,126,55,18,1278.0,662
92,15,43,17,12,1279.0,179
210,12,85,48,13,1280.0,368
37,10,28,15,6,1281.0,96
166,20,143,45,13,1282.0,387
98,21,30,17,6,1283.0,172
105,39,81,20,9,1284.0,254
114,32,71,44,12,1285.0,273
107,23,60,37,14,1286.0,241
27,16,30,38,5,1287.0,116
0,1,0,4,0,1288.0,5
2,0,2,2,0,1289.0,6
47,5,33,17,5,1290.0,107
20,5,21,11,3,1291.0,60
9,1,7,2,1,1292.0,20
1,0,0,0,0,1293.0,1
0,1,0,1,0,1294.0,2
3,3,0,6,0,1295.0,12
8,3,5,5,3,1296.0,24
0,0,1,7,0,1297.0,8
178,6,129,16,8,1301.0,337
14,6,25,11,19,1302.0,75
39,1,47,16,5,1303.0,108
32,4,37,33,6,1304.0,112
7,6,13,21,5,1305.0,52
31,3,31,41,4,1306.0,110
107,3,29,15,5,1307.0,159
17,0,13,11,3,1308.0,44
7,3,4,7,7,1309.0,28
155,19,57,46,33,1310.0,310
51,15,34,29,49,1311.0,178
104,21,73,47,31,1312.0,276
214,24,117,52,17,1313.0,424
68,23,45,58,25,1314.0,219
175,33,92,43,29,1315.0,372
111,69,78,80,53,1316.0,391
199,25,108,53,64,1317.0,449
249,46,134,82,58,1318.0,569
134,35,77,56,54,1319.0,356
399,50,193,70,31,1320.0,743
66,33,45,34,16,1321.0,194
161,10,23,23,8,1322.0,225
22,4,18,26,3,1323.0,73
118,18,22,30,4,1324.0,192
223,29,45,38,15,1325.0,350
106,10,48,35,14,1326.0,213
15,17,20,30,13,1327.0,95
10,23,24,17,2,1328.0,76
283,129,61,38,9,1329.0,520
555,48,80,47,14,1330.0,744
324,68,193,43,87,1331.0,715
404,103,179,69,30,1332.0,785
111,6,60,18,5,1333.0,200
131,23,61,34,9,1334.0,258
47,19,26,40,9,1335.0,141
57,19,30,27,8,1336.0,141
11,4,11,8,16,1337.0,50
84,7,43,11,8,1338.0,153
14,9,11,18,2,1339.0,54
0,2,1,0,0,1340.0,3
7,8,0,1,0,1341.0,16
38,19,17,3,1,1342.0,78
76,14,17,14,2,1343.0,123
41,14,20,13,7,1344.0,95
36,6,6,5,2,1345.0,55
4,2,4,2,0,1346.0,12
9,11,10,9,4,1347.0,43
0,1,0,0,0,1348.0,1
12,5,8,15,4,1349.0,44
0,1,0,3,0,1350.0,4
0,0,0,1,0,1353.0,1
28,2,26,29,23,1354.0,108
79,7,67,29,4,1355.0,186
9,2,9,11,9,1356.0,40
0,2,14,21,12,1357.0,49
23,5,26,18,4,1358.0,76
7,0,9,3,2,1359.0,21
11,1,4,10,4,1360.0,30
23,1,20,10,2,1361.0,56
23,7,30,24,3,1362.0,87
54,4,65,45,7,1363.0,175
66,16,65,40,24,1364.0,211
40,19,26,22,7,1365.0,114
9,2,13,23,9,1366.0,56
90,34,71,53,27,1367.0,275
37,21,21,53,29,1368.0,161
27,2,10,13,11,1369.0,63
13,25,9,36,9,1370.0,92
48,8,25,23,11,1371.0,115
254,25,131,85,60,1372.0,555
181,19,102,61,29,1373.0,392
634,85,177,66,64,1374.0,1026
68,8,11,7,6,1375.0,100
262,26,61,39,14,1376.0,402
10,2,13,7,11,1377.0,43
94,32,75,36,21,1378.0,258
185,17,109,64,32,1379.0,407
63,6,43,17,12,1380.0,141
36,15,38,20,12,1381.0,121
78,2,44,20,8,1382.0,152
84,21,51,21,31,1383.0,208
207,42,101,26,44,1384.0,420
428,23,251,40,124,1385.0,866
63,3,45,15,4,1386.0,130
31,5,6,5,4,1387.0,51
50,14,22,17,2,1388.0,105
28,23,23,18,16,1389.0,108
11,3,16,14,2,1390.0,46
14,2,12,7,2,1391.0,37
12,3,2,4,4,1392.0,25
35,13,18,25,8,1393.0,99
4,3,0,0,0,1394.0,7
54,28,4,1,1,1395.0,88
564,105,12,16,1,1396.0,698
567,83,10,26,2,1397.0,688
135,10,14,19,3,1398.0,181
89,11,26,15,4,1399.0,145
14,5,14,4,3,1400.0,40
12,1,8,7,4,1401.0,32
1,0,1,1,1,1402.0,4
3,4,0,3,0,1403.0,10
0,0,1,1,0,1404.0,2
1,0,1,2,0,1407.0,4
17,2,8,16,2,1409.0,45
64,4,37,35,1,1410.0,141
41,6,41,17,6,1411.0,111
24,10,13,13,7,1412.0,67
97,25,68,36,7,1413.0,233
112,1,17,31,3,1414.0,164
115,4,77,32,14,1415.0,242
36,2,27,16,6,1416.0,87
43,0,46,23,16,1417.0,128
44,2,31,9,10,1418.0,96
48,7,14,5,4,1419.0,78
68,21,42,28,25,1420.0,184
16,1,12,11,1,1421.0,41
88,30,51,60,25,1422.0,254
25,20,15,42,12,1423.0,114
89,17,36,28,17,1424.0,187
16,2,17,18,4,1425.0,57
9,0,6,4,0,1426.0,19
190,18,120,59,32,1427.0,419
108,11,82,77,36,1428.0,314
761,25,103,87,29,1429.0,1005
167,12,21,14,11,1430.0,225
470,20,41,36,10,1431.0,577
31,19,30,21,14,1432.0,115
81,31,59,21,12,1433.0,204
113,5,48,42,20,1434.0,228
20,6,32,23,10,1435.0,91
228,16,102,43,14,1436.0,403
116,8,50,19,12,1437.0,205
30,12,27,27,11,1438.0,107
2,0,4,5,4,1439.0,15
43,2,19,16,5,1440.0,85
14,1,10,5,1,1441.0,31
56,6,33,14,8,1442.0,117
123,6,58,20,13,1443.0,220
17,9,7,12,3,1444.0,48
0,1,2,3,3,1445.0,9
14,2,1,4,3,1446.0,24
0,4,2,1,2,1447.0,9
56,17,48,31,7,1448.0,159
185,44,158,26,8,1449.0,421
25,13,10,11,5,1450.0,64
753,39,19,14,5,1451.0,830
552,69,17,23,4,1452.0,665
47,3,8,6,0,1453.0,64
71,5,44,13,3,1454.0,136
5,1,8,3,3,1455.0,20
15,14,11,16,6,1456.0,62
15,6,2,9,5,1457.0,37
6,5,3,11,2,1458.0,27
10,6,0,5,4,1459.0,25
105,9,7,3,2,1460.0,126
16,10,3,5,0,1461.0,34
22,14,1,0,0,1462.0,37
2,0,9,4,2,1464.0,17
7,2,9,13,4,1465.0,35
54,10,48,18,7,1466.0,137
130,8,75,38,6,1467.0,257
17,0,9,13,1,1468.0,40
123,11,68,35,7,1469.0,244
44,7,25,24,5,1470.0,105
78,8,68,22,9,1471.0,185
48,18,41,37,8,1472.0,152
182,13,88,34,67,1473.0,384
75,5,43,20,6,1474.0,149
10,0,7,11,7,1475.0,35
48,21,35,30,14,1476.0,148
8,3,28,13,2,1477.0,54
32,11,24,19,30,1478.0,116
57,25,39,44,32,1479.0,197
294,23,139,49,77,1480.0,582
153,19,71,26,25,1481.0,294
43,15,22,22,13,1482.0,115
194,47,109,61,52,1483.0,463
175,28,68,53,32,1484.0,356
216,27,146,79,322,1485.0,790
5,7,32,12,7,1486.0,63
444,32,62,45,14,1487.0,597
151,19,37,29,5,1488.0,241
8,7,15,14,6,1489.0,50
108,13,83,34,18,1490.0,256
140,12,50,31,6,1491.0,239
39,6,18,9,4,1492.0,76
105,10,84,33,17,1493.0,249
112,15,80,46,14,1494.0,267
76,11,17,19,10,1495.0,133
145,15,80,25,9,1496.0,274
35,1,22,10,0,1497.0,68
139,14,105,30,7,1498.0,295
16,3,10,12,2,1499.0,43
57,6,21,11,4,1500.0,99
5,3,0,12,2,1501.0,22
92,6,15,9,3,1502.0,125
14,2,8,6,1,1503.0,31
67,12,31,13,5,1504.0,128
32,8,29,17,1,1505.0,87
1,2,6,0,0,1506.0,9
327,40,30,16,5,1507.0,418
268,29,16,10,1,1508.0,324
85,11,5,21,1,1509.0,123
116,8,24,33,4,1510.0,185
7,0,8,3,3,1511.0,21
40,4,33,18,4,1512.0,99
106,8,84,28,13,1513.0,239
33,4,16,19,10,1514.0,82
14,6,13,15,6,1515.0,54
148,8,26,14,4,1516.0,200
21,13,7,2,1,1517.0,44
46,31,6,0,0,1518.0,83
4,1,0,0,0,1519.0,5
1,1,0,5,1,1521.0,8
9,3,10,10,3,1522.0,35
55,4,50,19,8,1523.0,136
176,9,94,28,8,1524.0,315
26,3,17,12,3,1525.0,61
13,3,15,9,4,1526.0,44
41,5,54,25,5,1527.0,130
225,10,46,19,34,1528.0,334
117,11,56,19,15,1529.0,218
121,11,108,28,22,1530.0,290
53,8,44,31,8,1531.0,144
17,12,11,35,9,1532.0,84
33,11,27,14,8,1533.0,93
57,13,43,28,29,1534.0,170
0,1,1,6,1,1535.0,9
111,17,13,32,20,1536.0,193
221,11,126,56,33,1537.0,447
83,12,35,41,8,1538.0,179
101,9,80,49,42,1539.0,281
105,26,78,80,27,1540.0,316
143,26,66,56,19,1541.0,310
362,91,120,94,124,1542.0,791
83,15,38,37,21,1543.0,194
445,41,277,71,30,1544.0,864
54,22,43,36,26,1545.0,181
35,7,10,5,3,1546.0,60
150,61,49,37,13,1547.0,310
94,71,67,37,6,1548.0,275
83,24,37,33,13,1549.0,190
79,19,50,21,12,1550.0,181
24,9,16,11,5,1551.0,65
305,29,24,22,3,1552.0,383
122,3,46,30,9,1553.0,210
61,6,35,21,8,1554.0,131
52,10,23,16,4,1555.0,105
0,3,1,3,2,1556.0,9
4,9,1,3,3,1557.0,20
14,3,12,6,6,1558.0,41
7,0,4,3,5,1559.0,19
5,0,2,3,5,1560.0,15
20,6,9,8,3,1561.0,46
112,7,58,20,6,1562.0,203
4,5,11,5,3,1563.0,28
75,15,22,5,7,1564.0,124
86,11,51,14,5,1565.0,167
128,4,86,21,18,1566.0,257
331,3,95,22,94,1567.0,545
49,7,18,9,4,1568.0,87
42,1,7,3,6,1569.0,59
55,11,21,10,16,1570.0,113
30,6,21,6,6,1571.0,69
4,0,2,1,0,1572.0,7
12,2,17,9,8,1573.0,48
42,8,1,5,0,1574.0,56
32,17,22,2,2,1575.0,75
5,3,1,0,2,1576.0,11
10,5,6,9,2,1578.0,32
1,2,8,11,3,1579.0,25
10,1,4,4,1,1580.0,20
19,0,10,5,3,1581.0,37
0,0,0,1,0,1582.0,1
5,3,4,13,0,1583.0,25
12,10,19,17,38,1584.0,96
63,7,31,25,17,1585.0,143
31,5,20,22,62,1586.0,140
8,41,17,41,16,1587.0,123
1,8,5,35,4,1588.0,53
137,22,74,33,23,1589.0,289
77,17,54,23,7,1590.0,178
18,9,16,17,9,1591.0,69
56,5,19,30,15,1592.0,125
34,66,48,44,16,1593.0,208
80,28,31,50,13,1594.0,202
32,11,21,45,19,1595.0,128
71,21,49,45,15,1596.0,201
89,6,48,31,10,1597.0,184
825,52,92,92,35,1598.0,1096
505,37,108,67,41,1599.0,758
281,30,121,61,47,1600.0,540
73,14,43,27,18,1601.0,175
2,0,5,4,2,1602.0,13
12,5,14,14,8,1603.0,53
44,105,93,13,2,1604.0,257
156,27,57,38,25,1605.0,303
166,42,86,34,17,1606.0,345
112,2,21,11,4,1607.0,150
37,18,25,9,4,1608.0,93
51,3,25,24,2,1609.0,105
164,10,81,46,13,1610.0,314
14,44,15,13,3,1611.0,89
0,5,3,16,0,1612.0,24
5,1,11,8,1,1613.0,26
0,2,3,8,0,1614.0,13
1,2,0,5,3,1615.0,11
2,4,0,7,0,1616.0,13
49,6,20,15,2,1617.0,92
2,3,2,5,0,1618.0,12
21,1,14,7,2,1619.0,45
39,6,25,7,16,1620.0,93
53,3,45,21,3,1621.0,125
50,7,53,15,8,1622.0,133
108,14,48,15,54,1623.0,239
11,2,5,10,5,1624.0,33
159,53,25,4,3,1625.0,244
25,9,22,11,9,1626.0,76
12,3,3,8,3,1627.0,29
23,2,8,5,4,1628.0,42
0,5,3,11,1,1629.0,20
17,2,7,8,1,1630.0,35
12,4,5,7,1,1631.0,29
10,11,3,1,0,1632.0,25
0,0,1,0,0,1633.0,1
6,2,5,6,2,1635.0,21
19,5,32,7,1,1636.0,64
1,0,5,11,1,1637.0,18
103,5,75,19,21,1638.0,223
3,2,9,12,0,1639.0,26
2,4,5,14,6,1640.0,31
29,27,32,19,5,1641.0,112
154,10,60,29,23,1642.0,276
87,12,73,21,25,1643.0,218
2,4,4,3,2,1644.0,15
1,0,5,17,3,1645.0,26
26,11,31,17,9,1646.0,94
76,12,43,22,10,1647.0,163
127,11,93,26,6,1648.0,263
134,33,126,61,38,1649.0,392
160,41,56,48,18,1650.0,323
212,16,70,52,14,1651.0,364
173,30,71,28,21,1652.0,323
151,12,70,38,16,1653.0,287
67,16,56,25,15,1654.0,179
199,24,88,64,18,1655.0,393
78,11,34,22,8,1656.0,153
227,27,64,60,41,1657.0,419
221,14,74,49,25,1658.0,383
38,19,25,33,17,1659.0,132
1,5,10,3,0,1660.0,19
85,19,34,15,6,1661.0,159
97,10,48,26,5,1662.0,186
260,7,175,40,8,1663.0,490
61,15,51,24,7,1664.0,158
48,12,44,18,5,1665.0,127
96,7,50,25,4,1666.0,182
97,9,60,29,12,1667.0,207
43,12,17,7,5,1668.0,84
0,2,0,0,1,1669.0,3
27,2,13,10,2,1670.0,54
0,0,1,3,0,1671.0,4
0,0,1,0,1,1672.0,2
0,0,0,1,1,1673.0,2
118,13,43,12,5,1674.0,191
17,2,7,11,3,1675.0,40
72,7,38,13,8,1676.0,138
82,7,40,15,9,1677.0,153
4,4,3,3,1,1678.0,15
18,1,9,1,1,1679.0,30
0,1,0,1,1,1680.0,3
10,7,5,8,3,1681.0,33
8,4,4,3,2,1682.0,21
51,5,21,9,1,1683.0,87
34,3,22,8,7,1684.0,74
25,5,18,14,4,1685.0,66
3,0,1,2,0,1686.0,6
8,1,2,16,1,1688.0,28
2,0,2,2,0,1689.0,6
1,0,2,0,0,1690.0,3
0,0,0,1,1,1692.0,2
0,2,1,4,0,1693.0,7
0,0,1,1,1,1694.0,3
5,3,3,0,1,1695.0,12
1,0,2,4,1,1696.0,8
49,11,51,13,34,1697.0,158
52,19,40,19,16,1698.0,146
177,227,101,28,11,1699.0,544
64,6,67,14,17,1700.0,168
0,0,0,0,3,1701.0,3
20,14,17,7,3,1702.0,61
15,1,10,14,5,1703.0,45
5,9,7,5,3,1704.0,29
63,7,25,21,7,1705.0,123
57,18,23,40,20,1706.0,158
47,6,42,27,8,1707.0,130
122,11,65,39,7,1708.0,244
74,14,55,14,28,1709.0,185
148,9,55,38,46,1710.0,296
31,9,23,45,9,1711.0,117
99,9,56,31,4,1712.0,199
0,1,3,1,0,1713.0,5
73,16,59,29,20,1714.0,197
60,10,30,19,13,1715.0,132
64,20,41,24,16,1716.0,165
0,7,2,5,3,1717.0,17
59,15,32,16,3,1718.0,125
164,10,69,15,11,1719.0,269
160,9,114,42,12,1720.0,337
105,36,77,41,14,1721.0,273
1,5,13,11,3,1722.0,33
93,9,55,23,4,1723.0,184
138,15,67,21,13,1724.0,254
76,8,26,10,4,1725.0,124
49,83,52,19,61,1726.0,264
30,51,16,24,14,1727.0,135
17,3,9,8,4,1728.0,41
0,2,0,5,3,1729.0,10
0,0,1,1,0,1730.0,2
30,8,17,8,0,1731.0,63
21,10,11,3,3,1732.0,48
120,5,39,12,8,1733.0,184
9,1,7,7,14,1734.0,38
0,1,8,2,0,1735.0,11
10,0,1,7,0,1736.0,18
36,4,13,9,4,1737.0,66
25,5,16,17,2,1738.0,65
1,2,1,0,0,1739.0,4
19,2,15,8,3,1740.0,47
0,0,0,1,1,1741.0,2
3,3,9,8,3,1742.0,26
1,0,3,3,0,1743.0,7
1,0,7,2,0,1744.0,10
4,0,4,0,0,1745.0,8
1,1,1,0,0,1746.0,3
4,2,0,0,2,1750.0,8
0,1,1,3,3,1751.0,8
0,1,0,0,0,1752.0,1
5,2,3,6,2,1753.0,18
1,4,3,10,1,1754.0,19
16,0,7,9,2,1755.0,34
32,6,33,18,4,1756.0,93
23,2,30,14,10,1757.0,79
26,3,17,16,4,1758.0,66
0,1,2,4,1,1759.0,8
23,7,16,9,5,1760.0,60
19,7,4,18,4,1761.0,52
2,0,2,2,3,1762.0,9
41,16,24,19,13,1763.0,113
63,6,54,10,5,1764.0,138
27,11,9,15,8,1765.0,70
18,8,27,22,7,1766.0,82
27,11,13,20,9,1767.0,80
125,24,84,56,19,1768.0,308
43,12,19,13,6,1769.0,93
48,11,43,32,8,1770.0,142
8,8,3,9,0,1771.0,28
56,8,23,26,4,1772.0,117
10,9,14,13,4,1773.0,50
22,10,27,14,4,1774.0,77
0,4,12,2,1,1775.0,19
58,9,28,13,5,1776.0,113
119,13,71,34,21,1777.0,258
53,5,44,23,8,1778.0,133
196,15,78,48,39,1779.0,376
6,9,9,12,2,1780.0,38
22,8,17,8,2,1781.0,57
2,2,5,1,0,1782.0,10
5,20,9,6,12,1783.0,52
172,227,83,37,105,1784.0,624
4,0,6,11,5,1785.0,26
5,6,2,1,16,1786.0,30
1,0,1,0,1,1787.0,3
0,0,2,0,0,1791.0,2
0,1,1,0,0,1793.0,2
28,1,9,8,3,1795.0,49
9,4,10,3,2,1796.0,28
0,0,4,1,1,1798.0,6
0,1,1,0,0,1799.0,2
2,0,1,4,0,1800.0,7
4,0,2,4,3,1801.0,13
3,0,0,0,0,1802.0,3
0,0,3,0,0,1803.0,3
0,0,1,0,0,1804.0,1
0,0,0,2,0,1805.0,2
1,0,2,0,0,1806.0,3
0,0,0,2,0,1807.0,2
3,0,1,4,0,1808.0,8
0,0,1,1,0,1809.0,2
0,1,4,1,0,1810.0,6
1,0,2,1,0,1811.0,4
3,6,4,3,1,1812.0,17
1,1,8,16,0,1813.0,26
0,0,0,6,1,1814.0,7
9,2,3,3,1,1815.0,18
21,8,20,14,0,1816.0,63
18,11,17,5,0,1817.0,51
152,12,56,26,16,1818.0,262
40,14,9,6,3,1819.0,72
0,2,2,5,2,1820.0,11
16,4,3,3,1,1821.0,27
45,17,19,11,4,1822.0,96
59,18,40,23,13,1823.0,153
22,11,27,3,2,1824.0,65
36,10,34,19,9,1825.0,108
9,4,11,3,0,1826.0,27
17,12,24,16,6,1827.0,75
7,3,1,2,3,1828.0,16
38,9,36,6,1,1829.0,90
2,4,2,0,0,1830.0,8
40,19,38,9,9,1831.0,115
34,31,13,7,4,1832.0,89
26,26,33,30,9,1833.0,124
107,11,64,38,6,1834.0,226
75,7,56,18,4,1835.0,160
259,18,108,23,31,1836.0,439
22,11,14,15,2,1837.0,64
1,4,1,5,0,1838.0,11
0,1,0,3,0,1839.0,4
2,0,6,4,6,1840.0,18
25,81,18,15,4,1841.0,143
5,1,3,7,4,1842.0,20
6,1,0,2,0,1843.0,9
0,0,1,2,3,1844.0,6
3,0,10,5,1,1845.0,19
2,1,1,7,1,1846.0,12
3,2,5,6,1,1847.0,17
53,5,44,20,5,1848.0,127
6,1,6,10,8,1849.0,31
2,2,2,7,0,1850.0,13
1,0,0,1,0,1851.0,2
5,1,0,0,0,1852.0,6
3,0,0,4,0,1853.0,7
1,0,0,0,1,1854.0,2
16,1,1,1,1,1855.0,20
19,1,20,1,5,1856.0,46
12,2,9,4,11,1857.0,38
1,2,1,4,2,1858.0,10
4,0,3,4,4,1859.0,15
1,0,2,1,0,1863.0,4
1,1,0,1,0,1865.0,3
0,0,0,3,0,1866.0,3
3,0,4,6,0,1867.0,13
1,1,1,6,0,1868.0,9
0,0,0,1,0,1869.0,1
1,0,1,0,1,1870.0,3
1,2,3,3,0,1871.0,9
62,9,26,8,0,1872.0,105
15,3,1,4,0,1873.0,23
0,1,0,0,0,1874.0,1
1,3,0,4,0,1875.0,8
1,2,1,1,0,1876.0,5
12,5,5,2,0,1877.0,24
3,4,7,0,0,1878.0,14
65,16,34,22,4,1879.0,141
198,22,129,37,30,1880.0,416
14,5,14,8,0,1881.0,41
7,3,12,8,2,1882.0,32
39,10,45,28,15,1883.0,137
46,34,44,22,11,1884.0,157
94,20,36,6,9,1885.0,165
103,16,44,3,2,1886.0,168
40,8,24,11,3,1887.0,86
201,30,103,28,25,1888.0,387
56,10,32,26,5,1889.0,129
106,12,75,29,18,1890.0,240
113,8,55,33,14,1891.0,223
53,6,37,16,4,1892.0,116
68,9,42,3,4,1893.0,126
1,6,4,7,0,1894.0,18
0,0,2,1,0,1895.0,3
1,0,0,5,1,1896.0,7
1,1,3,8,2,1897.0,15
0,0,1,0,1,1898.0,2
8,1,3,4,0,1899.0,16
5,0,2,2,1,1900.0,10
4,2,4,2,0,1901.0,12
5,1,5,19,0,1902.0,30
1,1,1,2,1,1903.0,6
0,0,1,0,0,1904.0,1
1,4,2,6,1,1905.0,14
5,2,8,3,2,1906.0,20
9,0,4,12,1,1907.0,26
3,1,6,6,0,1908.0,16
5,2,4,5,6,1909.0,22
1,0,2,3,1,1910.0,7
36,2,38,14,2,1911.0,92
40,2,18,12,5,1912.0,77
130,13,116,8,9,1913.0,276
43,4,50,1,6,1914.0,104
72,2,23,13,3,1915.0,113
1,1,1,2,0,1916.0,5
5,3,2,1,0,1917.0,11
1,0,0,0,0,1918.0,1
2,1,0,3,0,1921.0,6
1,0,0,2,0,1923.0,3
1,0,0,8,1,1924.0,10
4,1,4,2,0,1925.0,11
0,0,1,5,0,1927.0,6
3,4,2,6,1,1928.0,16
12,2,9,7,8,1929.0,38
2,3,3,5,8,1930.0,21
1,0,0,3,0,1931.0,4
0,2,2,3,3,1932.0,10
42,12,16,9,0,1933.0,79
103,22,28,16,1,1934.0,170
20,15,28,10,0,1935.0,73
46,22,43,14,2,1936.0,127
167,29,90,28,12,1937.0,326
85,8,42,19,3,1938.0,157
24,6,17,11,5,1939.0,63
119,12,62,45,8,1940.0,246
70,6,60,33,24,1941.0,193
3,1,9,6,2,1942.0,21
1,0,2,0,1,1943.0,4
22,11,11,9,2,1944.0,55
94,10,41,18,8,1945.0,171
4,5,8,11,5,1946.0,33
5,5,5,6,1,1947.0,22
20,3,29,17,3,1948.0,72
0,0,4,1,0,1949.0,5
6,1,12,11,2,1950.0,32
25,8,14,13,7,1951.0,67
46,1,29,17,3,1952.0,96
69,3,33,15,3,1953.0,123
0,0,3,2,1,1954.0,6
0,0,1,1,1,1955.0,3
8,0,3,5,0,1956.0,16
41,2,12,14,10,1957.0,79
11,4,6,10,3,1958.0,34
0,4,2,5,2,1959.0,13
4,5,2,6,1,1961.0,18
7,1,5,6,2,1962.0,21
21,4,35,13,6,1963.0,79
20,1,2,10,0,1964.0,33
17,3,3,7,1,1965.0,31
11,1,7,4,3,1966.0,26
14,3,3,10,4,1967.0,34
45,1,31,10,4,1968.0,91
1,2,10,3,2,1969.0,18
4,4,7,4,3,1970.0,22
25,4,5,1,0,1971.0,35
2,8,5,8,0,1972.0,23
0,0,1,0,0,1973.0,1
0,2,0,0,0,1974.0,2
3,3,2,0,1,1975.0,9
1,0,0,0,0,1976.0,1
2,0,3,3,0,1978.0,8
0,1,0,0,0,1979.0,1
0,0,1,1,0,1980.0,2
0,2,0,1,0,1981.0,3
1,1,1,0,0,1982.0,3
9,1,8,7,7,1983.0,32
7,3,1,3,3,1984.0,17
1,5,2,3,5,1985.0,16
36,7,23,15,4,1986.0,85
16,10,12,17,3,1987.0,58
67,7,41,28,6,1988.0,149
11,0,10,5,2,1989.0,28
56,1,22,4,0,1990.0,83
15,17,3,8,0,1991.0,43
126,23,62,10,12,1992.0,233
210,9,84,19,19,1993.0,341
105,6,91,22,4,1994.0,228
284,6,111,23,8,1995.0,432
50,19,39,9,6,1996.0,123
9,8,20,9,9,1997.0,55
12,2,17,17,4,1998.0,52
0,0,0,1,0,1999.0,1
1,1,3,7,2,2000.0,14
33,7,37,13,1,2001.0,91
37,4,17,5,1,2002.0,64
34,18,16,8,5,2003.0,81
42,31,24,17,14,2004.0,128
27,7,11,11,3,2005.0,59
29,3,27,16,4,2006.0,79
91,22,56,33,4,2007.0,206
167,4,81,25,4,2008.0,281
7,2,4,13,5,2009.0,31
3,0,2,2,0,2010.0,7
4,1,0,4,1,2011.0,10
0,0,0,7,1,2012.0,8
96,11,52,24,19,2013.0,202
21,6,10,7,9,2014.0,53
0,3,0,1,0,2015.0,4
2,3,2,2,3,2016.0,12
704,302,43,1,4,2017.0,1054
30,2,18,17,8,2018.0,75
34,15,24,10,4,2019.0,87
13,1,7,1,2,2020.0,24
2,0,4,8,2,2021.0,16
14,1,6,5,4,2022.0,30
1,0,2,4,2,2023.0,9
8,2,2,9,1,2024.0,22
1,0,0,1,2,2025.0,4
0,1,3,2,3,2026.0,9
2,3,0,0,3,2027.0,8
4,1,1,0,0,2028.0,6
7,3,3,0,0,2029.0,13
2,1,2,0,1,2031.0,6
0,0,2,2,0,2033.0,4
6,1,3,3,1,2034.0,14
2,0,2,0,2,2035.0,6
0,1,0,0,1,2036.0,2
0,1,2,0,0,2037.0,3
2,0,2,0,0,2038.0,4
0,4,0,0,0,2039.0,4
7,3,12,13,1,2040.0,36
3,0,1,2,0,2041.0,6
2,1,1,6,2,2042.0,12
7,1,5,11,1,2043.0,25
18,4,15,7,4,2044.0,48
30,5,17,15,5,2045.0,72
18,1,22,8,3,2046.0,52
33,9,31,15,4,2047.0,92
47,6,46,12,5,2048.0,116
5,3,12,29,3,2049.0,52
35,1,19,17,3,2050.0,75
22,3,27,16,4,2051.0,72
19,1,14,11,1,2052.0,46
117,3,25,21,2,2053.0,168
57,3,30,23,16,2054.0,129
84,3,68,22,6,2055.0,183
38,4,37,23,4,2056.0,106
30,11,27,20,5,2057.0,93
2,2,5,4,4,2058.0,17
0,1,3,5,7,2059.0,16
32,10,22,12,4,2060.0,80
13,7,6,6,3,2061.0,35
62,17,32,15,3,2062.0,129
35,18,47,26,9,2063.0,135
3,0,3,2,0,2064.0,8
3,0,0,3,1,2065.0,7
3,0,1,6,0,2066.0,10
7,4,1,4,0,2067.0,16
2,0,2,7,5,2068.0,16
10,14,7,21,11,2069.0,63
0,4,3,0,0,2070.0,7
10,3,4,7,4,2071.0,28
277,83,30,33,120,2072.0,543
7,3,7,4,4,2073.0,25
5,3,4,6,4,2074.0,22
33,21,10,3,15,2075.0,82
14,28,9,1,23,2076.0,75
32,6,31,7,3,2077.0,79
0,2,3,2,2,2078.0,9
0,0,2,4,2,2079.0,8
1,0,4,3,1,2080.0,9
0,1,3,1,1,2081.0,6
1,0,2,0,1,2082.0,4
0,2,1,0,0,2084.0,3
1,2,0,0,0,2086.0,3
2,2,0,0,0,2087.0,4
0,0,2,3,0,2088.0,5
0,0,0,0,1,2091.0,1
1,1,0,0,0,2093.0,2
0,2,2,0,0,2094.0,4
0,4,13,9,1,2095.0,27
43,5,27,21,3,2096.0,99
12,3,16,3,3,2097.0,37
18,1,17,9,2,2098.0,47
26,3,17,9,2,2099.0,57
12,2,8,10,1,2100.0,33
3,3,2,9,0,2101.0,17
3,3,5,5,2,2102.0,18
18,4,18,11,3,2103.0,54
2,1,3,9,5,2104.0,20
47,12,13,19,3,2105.0,94
148,18,21,17,5,2106.0,209
51,11,41,15,6,2107.0,124
80,12,37,23,16,2108.0,168
178,12,143,41,13,2109.0,387
15,4,20,16,4,2110.0,59
25,4,25,13,6,2111.0,73
7,5,11,9,2,2112.0,34
6,2,5,7,0,2113.0,20
1,4,7,5,11,2114.0,28
1,4,2,4,0,2115.0,11
0,0,2,2,1,2116.0,5
6,18,6,14,4,2117.0,48
1,35,3,4,1,2118.0,44
2,0,1,2,0,2119.0,5
0,1,0,3,0,2120.0,4
0,0,0,6,0,2121.0,6
0,2,10,3,0,2122.0,15
306,2,13,23,1,2123.0,345
5,2,2,6,3,2124.0,18
1,0,0,2,0,2125.0,3
64,6,11,32,3,2126.0,116
281,121,29,19,29,2127.0,479
234,117,15,8,2,2128.0,376
0,3,3,5,5,2129.0,16
5,10,4,7,8,2130.0,34
45,20,27,9,21,2131.0,122
1,3,3,6,1,2132.0,14
1,6,2,5,3,2133.0,17
0,0,2,4,1,2134.0,7
11,2,5,11,0,2135.0,29
1,4,2,2,2,2136.0,11
0,5,2,0,1,2137.0,8
0,1,0,0,0,2138.0,1
0,5,0,0,1,2139.0,6
4,1,4,0,0,2140.0,9
3,2,0,0,0,2141.0,5
0,0,0,5,0,2142.0,5
2,1,1,2,0,2144.0,6
0,2,0,0,0,2145.0,2
0,1,0,0,0,2147.0,1
6,7,5,4,0,2148.0,22
2,2,2,1,1,2149.0,8
1,7,0,1,1,2150.0,10
36,10,7,8,2,2151.0,63
63,3,40,16,2,2152.0,124
38,2,12,11,2,2153.0,65
0,4,4,2,1,2154.0,11
3,5,1,3,0,2155.0,12
12,21,10,20,5,2156.0,68
135,16,54,26,4,2157.0,235
14,21,23,20,2,2158.0,80
9,2,5,4,3,2159.0,23
5,6,10,3,3,2160.0,27
16,8,3,3,5,2161.0,35
82,38,33,15,20,2162.0,188
205,83,131,35,79,2163.0,533
52,15,33,14,11,2164.0,125
0,2,1,0,1,2165.0,4
114,17,65,15,8,2166.0,219
64,15,23,12,2,2167.0,116
4,5,22,14,5,2168.0,50
10,3,11,44,2,2169.0,70
1,2,1,4,2,2170.0,10
0,1,0,3,2,2171.0,6
1,1,0,3,0,2172.0,5
2,1,4,5,2,2173.0,14
3,0,4,13,11,2174.0,31
2,0,8,10,0,2175.0,20
10,6,14,15,8,2176.0,53
100,11,50,21,11,2177.0,193
4,8,8,9,16,2178.0,45
0,0,0,0,1,2179.0,1
1,1,0,1,0,2180.0,3
3,2,2,0,2,2181.0,9
338,156,37,7,17,2182.0,555
377,180,36,13,4,2183.0,610
0,0,2,0,4,2184.0,6
1,2,1,1,0,2185.0,5
17,7,3,7,2,2186.0,36
90,5,18,2,3,2187.0,118
12,2,7,3,4,2188.0,28
1,2,3,5,2,2189.0,13
20,1,13,4,1,2190.0,39
10,1,12,8,3,2191.0,34
0,2,0,0,0,2192.0,2
0,0,1,0,0,2194.0,1
23,8,9,3,0,2195.0,43
0,1,1,2,1,2198.0,5
0,0,0,1,0,2199.0,1
3,5,0,2,0,2200.0,10
4,7,1,0,0,2201.0,12
28,6,17,5,2,2202.0,58
20,4,6,0,1,2203.0,31
2,3,0,0,0,2204.0,5
0,3,0,0,0,2205.0,3
0,0,1,1,0,2206.0,2
0,3,0,1,0,2207.0,4
0,2,0,0,0,2210.0,2
1,0,0,0,0,2212.0,1
2,1,4,2,2,2213.0,11
13,10,13,8,3,2214.0,47
93,20,55,25,11,2215.0,204
38,6,30,12,2,2216.0,88
23,4,16,20,6,2217.0,69
22,7,25,29,12,2218.0,95
86,28,61,42,14,2219.0,231
113,18,51,33,11,2220.0,226
74,10,63,39,70,2221.0,256
7,7,37,10,3,2222.0,64
57,9,45,5,5,2223.0,121
4,0,7,1,1,2224.0,13
29,8,40,17,13,2225.0,107
12,5,6,2,2,2226.0,27
16,27,11,11,2,2227.0,67
1,1,1,5,0,2228.0,8
1,0,2,1,0,2229.0,4
5,0,2,0,0,2230.0,7
1,0,1,5,2,2231.0,9
0,0,2,5,2,2232.0,9
16,8,15,12,3,2233.0,54
5,7,5,9,6,2234.0,32
1,1,3,8,3,2235.0,16
11,6,5,2,3,2236.0,27
13,1,4,0,1,2237.0,19
0,1,1,1,0,2238.0,3
264,126,33,10,0,2239.0,433
161,88,21,12,2,2240.0,284
0,1,1,8,0,2241.0,10
1,3,5,1,3,2242.0,13
0,3,3,3,5,2243.0,14
54,10,31,1,12,2244.0,108
8,3,4,5,2,2245.0,22
16,0,8,6,4,2246.0,34
4,1,7,6,0,2247.0,18
36,1,16,8,1,2248.0,62
0,2,0,0,0,2249.0,2
11,2,5,5,1,2250.0,24
3,2,6,1,1,2251.0,13
24,3,16,1,4,2252.0,48
1,7,3,0,0,2253.0,11
0,1,1,0,0,2254.0,2
0,3,0,0,0,2255.0,3
1,2,0,5,0,2257.0,8
1,0,0,0,0,2259.0,1
0,0,1,0,0,2260.0,1
1,6,1,0,0,2262.0,8
0,2,2,1,0,2263.0,5
1,1,0,0,0,2264.0,2
0,2,0,0,0,2265.0,2
0,1,0,1,0,2266.0,2
0,1,0,0,0,2267.0,1
0,0,0,3,0,2271.0,3
0,1,0,0,0,2272.0,1
2,1,0,2,2,2273.0,7
1,2,1,0,0,2274.0,4
10,4,4,6,5,2275.0,29
71,12,47,27,7,2276.0,164
194,15,70,57,19,2277.0,355
160,20,103,36,18,2278.0,337
44,65,55,52,17,2279.0,233
89,32,58,47,20,2280.0,246
89,7,73,30,94,2281.0,293
37,3,39,2,9,2282.0,90
437,44,98,36,14,2283.0,629
68,3,66,28,5,2284.0,170
181,31,101,29,20,2285.0,362
23,27,26,6,14,2286.0,96
10,0,2,10,4,2287.0,26
2,0,1,1,0,2288.0,4
5,0,4,0,0,2289.0,9
0,0,2,0,0,2290.0,2
0,0,1,0,0,2291.0,1
9,2,7,2,0,2292.0,20
17,4,10,17,4,2293.0,52
16,0,7,8,2,2294.0,33
5,3,2,5,1,2295.0,16
167,25,5,12,5,2296.0,214
65,33,8,3,1,2297.0,110
0,5,0,2,3,2298.0,10
0,2,1,0,0,2299.0,3
0,0,5,3,1,2300.0,9
0,0,0,1,3,2301.0,4
11,2,6,4,4,2302.0,27
41,2,10,3,3,2303.0,59
179,28,79,4,21,2304.0,311
34,5,16,2,2,2305.0,59
13,1,4,3,1,2306.0,22
2,3,1,2,1,2307.0,9
9,6,5,4,1,2308.0,25
25,1,5,3,3,2309.0,37
0,1,0,0,0,2310.0,1
0,4,2,2,1,2311.0,9
2,2,1,2,0,2312.0,7
3,0,3,1,0,2313.0,7
1,7,3,0,0,2321.0,11
0,1,0,0,0,2322.0,1
0,1,1,2,0,2323.0,4
0,1,1,0,0,2324.0,2
2,0,0,2,1,2326.0,5
0,2,0,0,0,2327.0,2
1,0,0,0,0,2328.0,1
0,1,0,0,0,2329.0,1
4,0,0,1,0,2330.0,5
1,0,2,5,1,2332.0,9
0,2,4,2,1,2333.0,9
1,1,1,1,0,2334.0,4
0,4,0,0,0,2335.0,4
1,4,0,0,0,2336.0,5
32,4,17,14,4,2337.0,71
44,6,24,10,7,2338.0,91
125,15,60,37,12,2339.0,249
88,32,39,46,19,2340.0,224
29,10,28,24,11,2341.0,102
421,9,109,58,54,2342.0,651
342,24,113,30,110,2343.0,619
32,18,107,14,5,2344.0,176
62,4,60,22,6,2345.0,154
96,21,57,11,9,2346.0,194
77,28,43,6,5,2347.0,159
3,1,2,6,2,2348.0,14
1,1,1,1,1,2349.0,5
5,0,2,1,0,2350.0,8
32,1,30,13,1,2351.0,77
8,2,11,11,5,2352.0,37
31,1,23,10,9,2353.0,74
29,1,9,8,1,2354.0,48
0,0,2,1,1,2355.0,4
1,0,0,0,0,2356.0,1
0,5,2,0,0,2357.0,7
29,5,7,0,1,2358.0,42
2,0,3,5,0,2359.0,10
21,6,11,6,1,2360.0,45
55,10,15,16,14,2361.0,110
4,3,5,14,1,2362.0,27
3,1,8,5,5,2363.0,22
32,25,11,4,14,2364.0,86
97,5,55,5,27,2365.0,189
2,1,2,5,0,2366.0,10
0,1,1,0,0,2367.0,2
6,1,3,4,1,2368.0,15
2,2,4,4,0,2369.0,12
0,2,0,0,0,2370.0,2
0,1,0,0,1,2371.0,2
0,0,1,1,0,2372.0,2
2,2,2,2,0,2374.0,8
2,1,2,0,0,2375.0,5
2,0,0,0,0,2377.0,2
0,0,2,3,0,2378.0,5
0,0,1,0,0,2382.0,1
0,0,0,1,0,2383.0,1
4,4,1,0,0,2385.0,9
7,4,0,0,0,2386.0,11
5,6,0,0,0,2387.0,11
4,1,0,1,0,2388.0,6
4,2,0,0,0,2389.0,6
2,2,0,5,0,2390.0,9
122,2,44,10,32,2391.0,210
72,1,12,8,1,2392.0,94
0,0,0,2,0,2393.0,2
0,0,0,1,1,2394.0,2
0,2,0,0,0,2395.0,2
0,0,0,1,1,2397.0,2
3,1,1,0,0,2398.0,5
17,2,9,16,1,2399.0,45
38,11,24,13,4,2400.0,90
98,9,100,36,8,2401.0,251
36,4,27,12,3,2402.0,82
32,9,26,10,8,2403.0,85
96,11,48,27,4,2404.0,186
96,13,52,25,8,2405.0,194
41,11,15,29,4,2406.0,100
1,3,5,18,2,2407.0,29
7,6,6,5,2,2408.0,26
117,8,53,17,9,2409.0,204
4,7,9,4,4,2410.0,28
108,20,43,19,7,2411.0,197
20,5,14,2,1,2412.0,42
9,1,3,1,0,2413.0,14
4,2,3,0,0,2414.0,9
16,5,4,1,1,2415.0,27
3,0,0,0,0,2417.0,3
0,1,9,0,0,2418.0,10
0,8,2,7,1,2419.0,18
9,1,13,1,1,2420.0,25
15,8,13,6,4,2421.0,46
13,35,11,25,21,2422.0,105
8,34,11,8,3,2423.0,64
14,34,12,21,4,2424.0,85
4,1,3,5,0,2425.0,13
12,0,2,1,3,2426.0,18
0,0,1,1,0,2427.0,2
13,2,6,6,2,2428.0,29
0,3,4,0,0,2429.0,7
0,1,1,0,0,2430.0,2
0,3,1,2,0,2431.0,6
0,1,1,1,0,2432.0,3
0,6,2,2,0,2434.0,10
5,2,0,1,0,2435.0,8
0,1,0,0,0,2438.0,1
2,0,0,0,0,2439.0,2
2,1,0,0,0,2440.0,3
1,1,0,0,0,2442.0,2
1,1,1,0,0,2444.0,3
6,7,4,0,3,2445.0,20
15,5,10,3,15,2446.0,48
92,2,49,5,69,2447.0,217
70,0,16,2,27,2448.0,115
2,0,0,0,1,2450.0,3
0,1,0,0,0,2451.0,1
2,1,0,0,0,2452.0,3
0,2,1,1,0,2453.0,4
1,1,0,0,1,2454.0,3
1,0,1,0,0,2455.0,2
1,4,0,0,0,2456.0,5
21,26,17,17,1,2457.0,82
3,5,8,14,3,2458.0,33
4,0,2,3,1,2459.0,10
24,7,22,17,7,2460.0,77
64,8,44,23,7,2461.0,146
22,2,32,7,2,2462.0,65
0,0,2,0,1,2463.0,3
30,6,25,10,6,2464.0,77
77,31,51,14,9,2465.0,182
11,4,4,1,0,2466.0,20
0,4,1,4,4,2467.0,13
9,4,6,2,0,2468.0,21
4,2,7,2,0,2469.0,15
4,5,1,2,0,2470.0,12
3,1,3,3,0,2471.0,10
0,2,5,3,0,2472.0,10
1,0,0,0,0,2473.0,1
0,2,35,0,0,2474.0,37
4,7,12,5,0,2475.0,28
0,1,1,0,0,2476.0,2
2,0,0,8,3,2477.0,13
17,2,6,1,3,2478.0,29
8,5,3,2,2,2479.0,20
4,3,4,6,1,2480.0,18
0,1,0,0,0,2481.0,1
1,2,3,2,3,2482.0,11
0,1,0,3,0,2483.0,4
6,21,5,19,5,2484.0,56
7,5,10,10,1,2485.0,33
1,0,5,4,0,2486.0,10
0,2,1,0,0,2487.0,3
0,0,0,3,1,2488.0,4
0,0,1,1,0,2489.0,2
6,1,3,1,0,2491.0,11
4,1,1,0,1,2496.0,7
0,1,0,0,0,2497.0,1
1,0,0,0,0,2498.0,1
5,0,1,0,2,2500.0,8
1,0,0,0,0,2501.0,1
7,0,3,3,5,2502.0,18
67,8,31,3,40,2503.0,149
13,9,7,0,4,2504.0,33
0,2,2,0,0,2505.0,4
1,0,0,0,0,2506.0,1
1,1,0,1,0,2508.0,3
0,0,1,1,0,2509.0,2
0,0,0,1,1,2511.0,2
0,4,2,0,0,2512.0,6
8,14,10,1,0,2513.0,33
0,0,2,0,0,2514.0,2
2,3,3,6,2,2515.0,16
0,2,1,2,2,2516.0,7
7,0,9,15,4,2517.0,35
0,2,2,7,0,2518.0,11
0,0,0,1,0,2519.0,1
0,1,0,3,3,2520.0,7
0,0,1,0,1,2521.0,2
8,9,7,3,0,2522.0,27
1,1,1,1,1,2523.0,5
3,0,0,1,1,2524.0,5
0,2,1,2,0,2525.0,5
0,3,0,2,0,2528.0,5
4,4,0,3,0,2529.0,11
10,6,6,2,1,2530.0,25
15,3,11,2,2,2531.0,33
2,0,3,4,2,2532.0,11
0,3,5,5,0,2533.0,13
2,0,1,1,1,2534.0,5
18,3,4,1,0,2535.0,26
9,1,5,4,1,2536.0,20
3,3,4,4,0,2537.0,14
0,3,0,2,1,2538.0,6
0,2,2,0,0,2540.0,4
0,4,4,2,0,2541.0,10
1,2,1,2,0,2542.0,6
0,1,1,1,0,2543.0,3
0,3,2,4,0,2544.0,9
2,3,2,1,0,2545.0,8
6,1,4,2,2,2546.0,15
2,1,6,1,0,2547.0,10
17,1,13,3,0,2548.0,34
2,2,4,1,0,2549.0,9
1,0,0,0,0,2550.0,1
4,0,0,0,1,2553.0,5
2,1,0,0,0,2554.0,3
6,0,1,0,0,2556.0,7
3,0,0,1,1,2557.0,5
1,1,0,5,0,2558.0,7
0,1,0,8,0,2559.0,9
2,0,4,3,2,2560.0,11
0,8,2,0,0,2561.0,10
1,5,0,0,0,2562.0,6
0,2,0,1,0,2563.0,3
0,1,0,2,0,2564.0,3
2,0,0,0,0,2565.0,2
1,3,0,0,1,2566.0,5
1,0,0,0,0,2567.0,1
15,1,11,2,0,2569.0,29
15,12,6,2,1,2570.0,36
2,4,4,6,0,2571.0,16
0,1,0,3,0,2572.0,4
3,3,1,10,0,2573.0,17
0,0,0,2,0,2574.0,2
0,2,0,2,0,2575.0,4
0,2,0,1,0,2576.0,3
3,2,0,8,2,2577.0,15
0,2,2,0,0,2578.0,4
2,1,1,1,0,2579.0,5
2,5,4,4,2,2580.0,17
0,1,0,1,0,2582.0,2
0,3,0,1,0,2583.0,4
5,13,0,3,1,2584.0,22
11,7,3,0,0,2585.0,21
1,6,1,1,0,2586.0,9
1,0,0,0,0,2587.0,1
4,1,2,3,0,2588.0,10
6,4,0,1,0,2589.0,11
0,2,0,2,0,2590.0,4
29,19,5,1,0,2591.0,54
53,25,28,1,0,2592.0,107
0,1,2,1,1,2593.0,5
2,2,6,5,2,2594.0,17
3,3,1,3,0,2595.0,10
0,2,1,3,0,2596.0,6
1,2,0,1,2,2597.0,6
1,18,1,1,1,2598.0,22
0,5,2,1,0,2599.0,8
0,0,1,4,0,2600.0,5
0,1,0,0,0,2601.0,1
3,4,3,0,0,2603.0,10
3,0,1,0,0,2606.0,4
0,0,0,1,0,2607.0,1
9,3,7,1,0,2610.0,20
20,5,7,1,0,2611.0,33
12,4,4,10,5,2612.0,35
2,0,0,2,0,2613.0,4
2,1,0,0,0,2614.0,3
1,0,2,0,1,2615.0,4
6,8,3,3,0,2617.0,20
4,13,0,0,0,2618.0,17
0,1,1,0,0,2619.0,2
1,2,0,0,0,2621.0,3
28,6,10,1,1,2624.0,46
2,5,0,4,0,2625.0,11
3,2,0,4,1,2626.0,10
11,0,10,13,1,2627.0,35
2,0,2,0,0,2628.0,4
0,1,1,1,0,2629.0,3
1,3,0,1,0,2632.0,5
1,0,0,0,0,2633.0,1
3,9,4,3,0,2635.0,19
3,3,1,1,1,2636.0,9
0,5,0,0,0,2637.0,5
1,6,0,2,0,2638.0,9
4,7,3,2,0,2639.0,16
1,4,2,1,0,2640.0,8
0,1,0,0,0,2641.0,1
1,6,3,3,1,2643.0,14
7,3,1,0,0,2644.0,11
0,3,1,0,1,2645.0,5
13,8,17,0,1,2646.0,39
53,22,126,7,2,2647.0,210
28,2,7,1,1,2648.0,39
0,2,4,3,1,2649.0,10
1,0,0,0,0,2651.0,1
1,0,0,0,0,2652.0,1
2,17,1,6,3,2653.0,29
1,5,0,1,0,2654.0,7
0,1,2,0,0,2655.0,3
0,3,0,0,0,2657.0,3
4,1,0,1,0,2658.0,6
0,1,3,0,0,2659.0,4
1,0,0,0,0,2660.0,1
4,2,1,4,0,2661.0,11
1,0,0,0,0,2662.0,1
4,3,1,0,0,2663.0,8
3,1,5,1,0,2664.0,10
8,1,2,0,0,2665.0,11
26,2,5,6,14,2666.0,53
3,0,0,2,1,2667.0,6
2,1,0,0,0,2668.0,3
1,0,0,0,0,2671.0,1
2,0,0,0,0,2672.0,2
8,2,5,3,1,2678.0,19
3,7,3,0,0,2679.0,13
1,1,0,0,0,2680.0,2
5,1,1,1,0,2681.0,8
6,3,13,9,3,2682.0,34
0,3,0,0,0,2683.0,3
4,13,1,2,1,2689.0,21
20,17,19,6,2,2690.0,64
1,1,0,0,0,2691.0,2
6,3,3,0,0,2692.0,12
36,16,20,7,1,2693.0,80
11,17,11,4,1,2694.0,44
10,6,6,1,1,2695.0,24
13,6,6,0,1,2696.0,26
10,6,7,1,1,2697.0,25
32,14,23,7,1,2698.0,77
19,9,1,1,1,2699.0,31
2,2,2,1,0,2700.0,7
3,3,0,0,0,2701.0,6
15,3,11,2,0,2702.0,31
0,7,0,0,0,2703.0,7
7,1,0,0,0,2705.0,8
5,2,2,2,0,2706.0,11
1,5,1,0,1,2707.0,8
4,0,0,0,0,2710.0,4
0,1,1,0,0,2711.0,2
1,3,0,2,0,2712.0,6
0,5,3,0,0,2713.0,8
2,2,2,0,0,2716.0,6
2,4,0,1,0,2717.0,7
0,3,0,0,0,2718.0,3
5,5,2,2,0,2719.0,14
40,4,17,2,0,2720.0,63
17,1,11,8,0,2721.0,37
6,4,8,8,1,2722.0,27
8,1,1,0,0,2723.0,10
7,3,1,0,1,2724.0,12
1,0,0,0,0,2726.0,1
1,0,0,0,0,2728.0,1
6,1,0,0,0,2729.0,7
0,1,0,0,0,2731.0,1
9,4,4,3,0,2732.0,20
7,1,0,0,0,2733.0,8
0,1,0,0,0,2734.0,1
8,2,3,7,0,2735.0,20
0,8,0,10,0,2736.0,18
7,9,25,3,0,2737.0,44
7,9,5,0,2,2738.0,23
4,1,0,1,0,2739.0,6
1,0,0,0,0,2743.0,1
0,4,2,0,0,2744.0,6
144,35,20,9,3,2745.0,211
18,17,23,8,2,2746.0,68
0,6,4,0,0,2747.0,10
1,0,1,0,0,2748.0,2
0,3,0,0,0,2749.0,3
3,1,1,1,0,2750.0,6
3,2,0,0,0,2751.0,5
0,2,0,2,0,2752.0,4
14,10,6,1,1,2753.0,32
13,15,6,2,0,2754.0,36
13,2,15,2,0,2755.0,32
10,5,0,2,0,2756.0,17
0,1,2,4,0,2757.0,7
107,36,5,3,2,2758.0,153
26,4,4,0,0,2759.0,34
0,2,0,1,0,2760.0,3
0,1,0,0,0,2761.0,1
5,4,2,1,1,2762.0,13
16,9,8,0,0,2763.0,33
8,7,8,2,0,2764.0,25
0,3,0,0,0,2766.0,3
1,0,0,0,0,2767.0,1
2,2,0,0,0,2768.0,4
1,4,0,0,0,2769.0,5
1,0,1,0,0,2770.0,2
81,8,24,1,1,2771.0,115
41,6,14,1,0,2772.0,62
3,3,3,4,1,2773.0,14
5,0,3,0,0,2774.0,8
3,0,0,0,1,2775.0,4
4,0,0,0,0,2776.0,4
6,0,0,0,0,2777.0,6
0,0,0,1,0,2778.0,1
2,0,0,0,0,2779.0,2
2,2,0,2,0,2780.0,6
4,0,0,0,0,2782.0,4
0,0,0,0,2,2783.0,2
1,2,0,3,0,2784.0,6
0,0,0,2,0,2785.0,2
0,0,5,3,3,2786.0,11
44,9,22,14,4,2787.0,93
1,18,4,15,4,2788.0,42
4,9,4,2,1,2789.0,20
29,5,22,9,4,2790.0,69
12,7,12,3,2,2791.0,36
4,6,3,1,0,2792.0,14
1,4,0,0,0,2793.0,5
10,3,4,1,0,2795.0,18
15,12,23,2,0,2796.0,52
11,27,10,10,0,2797.0,58
30,25,8,8,1,2798.0,72
0,4,2,6,1,2799.0,13
1,1,1,0,0,2801.0,3
11,2,8,2,2,2803.0,25
24,13,2,3,2,2804.0,44
96,34,6,2,1,2805.0,139
8,1,7,1,1,2806.0,18
8,8,4,3,0,2807.0,23
21,10,12,5,2,2808.0,50
45,16,25,10,4,2809.0,100
20,5,7,1,0,2810.0,33
1,0,2,0,0,2811.0,3
2,0,0,0,1,2813.0,3
2,4,1,0,1,2814.0,8
3,0,0,0,0,2815.0,3
2,3,0,6,1,2816.0,12
7,5,5,1,0,2817.0,18
63,3,14,1,0,2818.0,81
0,1,0,0,0,2819.0,1
2,0,0,0,0,2820.0,2
3,2,1,1,0,2821.0,7
4,0,0,0,0,2822.0,4
5,1,0,0,0,2823.0,6
2,0,1,2,0,2824.0,5
2,1,0,0,0,2825.0,3
4,0,0,0,0,2826.0,4
0,0,1,0,0,2828.0,1
0,0,0,6,0,2829.0,6
1,2,1,1,0,2830.0,5
1,1,5,1,0,2831.0,8
29,1,16,10,1,2832.0,57
6,1,5,9,2,2833.0,23
2,10,1,7,0,2834.0,20
11,3,13,0,0,2835.0,27
66,15,26,2,6,2836.0,115
107,9,34,12,4,2837.0,166
127,8,45,18,14,2838.0,212
74,17,26,7,13,2839.0,137
110,13,54,23,12,2840.0,212
90,26,37,17,11,2841.0,181
119,14,62,13,11,2842.0,219
6,17,1,11,1,2843.0,36
0,1,0,0,0,2844.0,1
66,10,8,1,0,2845.0,85
58,18,6,10,0,2846.0,92
62,31,127,6,12,2848.0,238
72,46,54,1,6,2849.0,179
0,4,1,0,0,2850.0,5
1,1,0,0,0,2851.0,2
2,1,2,0,0,2852.0,5
1,0,0,0,0,2853.0,1
1,0,0,0,1,2856.0,2
1,4,0,0,0,2857.0,5
4,0,1,0,0,2858.0,5
3,2,0,0,1,2859.0,6
8,3,1,1,1,2860.0,14
3,0,0,1,0,2861.0,4
1,1,0,0,0,2862.0,2
0,0,1,0,0,2863.0,1
5,1,0,0,0,2865.0,6
5,0,0,2,3,2866.0,10
1,0,0,0,0,2868.0,1
1,2,0,0,0,2871.0,3
0,2,3,0,0,2872.0,5
2,3,0,1,0,2873.0,6
2,4,3,4,1,2874.0,14
32,18,17,21,4,2875.0,92
0,11,0,2,0,2876.0,13
2,1,2,3,2,2877.0,10
8,5,2,5,4,2878.0,24
1,3,0,3,0,2879.0,7
0,1,0,0,0,2881.0,1
1,1,0,5,0,2882.0,7
33,2,26,13,4,2883.0,78
0,2,0,1,2,2884.0,5
24,10,17,14,6,2885.0,71
0,2,0,1,1,2886.0,4
0,8,0,2,1,2888.0,11
12,6,5,1,0,2889.0,24
4,0,2,1,0,2890.0,7
4,0,0,0,0,2891.0,4
2,3,2,0,0,2892.0,7
1,0,0,0,0,2893.0,1
2,2,2,0,0,2895.0,6
0,1,0,0,0,2896.0,1
4,3,0,0,0,2897.0,7
0,0,0,0,5,2899.0,5
0,1,0,0,0,2900.0,1
0,3,2,0,0,2901.0,5
12,1,2,0,0,2902.0,15
1,1,1,0,0,2903.0,3
2,0,0,0,0,2904.0,2
1,0,0,0,0,2906.0,1
6,6,0,4,1,2907.0,17
0,0,1,1,0,2911.0,2
2,3,0,0,0,2912.0,5
1,5,4,1,0,2913.0,11
2,0,4,1,0,2914.0,7
0,1,1,1,0,2915.0,3
0,4,1,5,0,2916.0,10
4,2,11,6,2,2917.0,25
0,1,0,0,0,2918.0,1
0,3,0,8,1,2919.0,12
0,1,0,0,0,2920.0,1
2,4,0,1,0,2921.0,7
0,5,1,8,0,2924.0,14
20,4,6,10,4,2925.0,44
6,0,3,4,4,2927.0,17
11,5,6,6,5,2928.0,33
3,0,1,3,0,2929.0,7
1,1,1,0,1,2930.0,4
0,4,1,1,0,2931.0,6
21,32,13,6,3,2932.0,75
0,1,0,0,0,2934.0,1
1,1,0,0,0,2935.0,2
1,0,1,0,0,2936.0,2
4,2,1,0,0,2938.0,7
0,1,0,0,0,2939.0,1
3,0,2,0,0,2941.0,5
1,0,0,0,0,2942.0,1
4,1,0,0,0,2944.0,5
1,0,0,0,1,2945.0,2
0,0,0,1,1,2946.0,2
0,0,1,0,0,2948.0,1
1,0,2,0,1,2949.0,4
0,1,0,0,0,2950.0,1
0,3,0,3,0,2951.0,6
0,3,2,1,0,2955.0,6
2,0,0,1,0,2956.0,3
2,3,0,2,1,2957.0,8
0,6,0,1,0,2958.0,7
0,3,0,0,0,2961.0,3
2,1,0,0,0,2962.0,3
0,3,0,1,0,2963.0,4
1,6,0,2,0,2964.0,9
28,5,14,1,5,2965.0,53
2,1,0,0,1,2966.0,4
4,3,2,0,0,2967.0,9
0,1,0,0,0,2968.0,1
2,2,6,2,2,2969.0,14
0,9,1,0,0,2970.0,10
1,1,1,6,0,2971.0,9
1,1,2,0,0,2972.0,4
0,1,0,0,0,2973.0,1
3,0,0,0,1,2976.0,4
2,0,0,0,0,2977.0,2
1,0,0,0,0,2978.0,1
1,1,0,0,1,2979.0,3
0,1,0,1,0,2980.0,2
1,0,0,0,0,2983.0,1
0,1,0,0,0,2985.0,1
2,0,0,0,0,2987.0,2
20,3,13,3,0,2988.0,39
2,1,0,0,0,2990.0,3
1,1,1,1,0,2991.0,4
1,0,2,0,0,2992.0,3
2,1,0,0,0,2993.0,3
0,3,0,0,0,2994.0,3
2,3,0,1,0,2997.0,6
1,1,0,0,0,2998.0,2
5,1,1,0,1,2999.0,8
0,0,1,0,0,3000.0,1
0,1,0,0,0,3001.0,1
0,3,2,2,1,3002.0,8
1,0,0,0,0,3003.0,1
0,2,0,0,0,3004.0,2
1,1,0,3,0,3005.0,5
0,1,0,0,0,3006.0,1
0,1,0,0,0,3007.0,1
2,1,0,0,0,3008.0,3
18,7,8,1,1,3009.0,35
1,0,0,1,0,3010.0,2
1,0,0,0,0,3011.0,1
1,0,0,0,0,3012.0,1
0,1,1,0,0,3014.0,2
2,1,0,0,0,3015.0,3
0,0,0,1,0,3016.0,1
2,0,0,1,0,3017.0,3
1,2,1,0,0,3018.0,4
1,0,0,0,0,3020.0,1
2,4,0,0,0,3021.0,6
2,8,2,1,0,3022.0,13
0,2,0,0,0,3024.0,2
1,0,0,0,0,3025.0,1
1,1,0,0,0,3026.0,2
0,0,1,0,0,3027.0,1
2,1,1,0,0,3030.0,4
1,0,0,0,0,3031.0,1
0,1,0,0,0,3032.0,1
0,1,0,0,0,3034.0,1
0,2,0,0,0,3036.0,2
2,1,1,0,0,3037.0,4
12,0,3,0,0,3038.0,15
1,2,1,0,0,3039.0,4
1,0,0,0,0,3040.0,1
3,0,0,0,0,3041.0,3
1,4,0,0,0,3042.0,5
0,1,3,2,1,3044.0,7
0,0,1,0,0,3046.0,1
0,1,0,0,0,3050.0,1
1,0,0,0,0,3051.0,1
0,2,0,0,0,3053.0,2
1,1,0,0,0,3054.0,2
0,0,1,0,0,3055.0,1
0,1,0,0,0,3056.0,1
0,1,0,0,0,3057.0,1
1,1,0,0,0,3058.0,2
1,1,0,0,0,3060.0,2
1,0,0,0,0,3061.0,1
4,3,1,0,0,3062.0,8
0,1,0,0,0,3063.0,1
1,0,0,0,0,3065.0,1
0,0,1,0,0,3071.0,1
1,1,0,0,0,3073.0,2
0,1,0,0,0,3079.0,1
0,2,0,0,0,3080.0,2
0,1,0,0,0,3082.0,1
0,1,0,0,0,3083.0,1
1,3,0,0,0,3085.0,4
0,1,0,0,0,3086.0,1
1,1,0,0,0,3090.0,2
1,0,0,0,0,3091.0,1
0,3,0,0,0,3094.0,3
0,0,1,0,0,3097.0,1
1,0,0,0,0,3100.0,1
1,0,0,0,0,3101.0,1
2,0,0,0,0,3103.0,2
0,1,0,0,0,3105.0,1
0,1,0,0,0,3107.0,1
0,0,2,0,0,3111.0,2
0,1,0,0,0,3112.0,1
0,1,0,0,0,3116.0,1
1,0,0,0,0,3125.0,1
0,1,0,0,0,3126.0,1
0,1,0,0,0,3129.0,1
11,3,1,1,1,3130.0,17
0,0,1,0,0,3136.0,1
1,1,0,0,1,3137.0,3
0,0,1,0,0,3147.0,1
