grid_id,休闲_count,办公_count,公共服务_count,交通设施_count,居住_count,total_count
1,3,0,3,2,1,9
2,76,10,34,14,23,157
3,3,3,3,4,2,15
4,1,3,7,2,0,13
5,0,1,0,1,0,2
6,0,0,0,1,1,2
7,261,37,11,14,0,323
8,3,4,3,0,0,10
9,3,1,1,1,0,6
10,3,7,0,1,4,15
11,3,36,5,3,7,54
12,0,14,4,13,1,32
13,0,2,2,2,0,6
14,2,3,0,3,0,8
15,28,10,11,4,2,55
16,4,10,3,6,2,25
17,3,7,28,2,0,40
18,73,11,34,15,3,136
19,14,21,44,14,1,94
20,24,14,26,9,3,76
21,40,5,24,9,2,80
22,216,69,116,36,23,460
23,34,9,28,6,0,77
24,1,7,1,2,0,11
25,0,5,5,1,0,11
26,1,15,6,10,3,35
27,2,19,9,12,1,43
28,0,2,0,2,0,4
29,0,0,0,4,0,4
30,0,0,0,0,0,0
31,5,0,2,0,0,7
32,6,5,1,1,0,13
33,1,1,0,0,0,2
34,0,1,0,2,0,3
35,0,2,0,2,1,5
36,0,6,6,9,1,22
37,17,10,9,9,2,47
38,0,0,0,5,1,6
39,3,28,3,14,2,50
40,5,13,9,11,2,40
41,488,11,154,20,15,688
42,131,15,77,29,18,270
43,12,4,43,8,2,69
44,23,5,106,15,3,152
45,39,8,57,22,3,129
46,84,19,186,26,7,322
47,89,7,104,34,10,244
48,61,5,34,15,3,118
49,13,5,49,10,3,80
50,24,8,21,5,4,62
51,5,8,5,2,0,20
52,15,21,20,16,5,77
53,12,10,6,9,3,40
54,3,4,7,11,1,26
55,0,0,2,2,0,4
56,0,2,2,1,0,5
57,0,0,0,1,0,1
58,0,0,0,0,0,0
59,0,0,0,1,0,1
60,0,0,0,0,0,0
61,0,1,0,1,0,2
62,1,0,2,1,0,4
63,3,0,7,5,1,16
64,5,9,1,6,6,27
65,0,1,5,8,3,17
66,0,1,3,12,2,18
67,0,1,0,6,3,10
68,1,1,4,2,2,10
69,8,2,12,13,3,38
70,25,32,22,13,9,101
71,120,25,72,25,13,255
72,63,19,39,28,12,161
73,19,1,20,16,0,56
74,106,13,57,33,13,222
75,69,24,74,21,9,197
76,53,53,50,26,6,188
77,8,10,15,12,0,45
78,0,0,0,0,0,0
79,118,6,79,23,6,232
80,341,28,122,26,68,585
81,60,5,18,16,2,101
82,35,17,43,9,4,108
83,32,14,53,9,1,109
84,5,15,23,6,3,52
85,39,7,29,4,0,79
86,61,11,32,13,2,119
87,0,22,5,5,0,32
88,0,6,8,8,3,25
89,14,24,17,19,5,79
90,17,4,10,7,2,40
91,0,3,0,1,1,5
92,0,3,1,4,0,8
93,2,1,0,0,0,3
94,0,0,0,2,0,2
95,0,0,1,0,0,1
96,2,2,1,9,0,14
97,28,47,20,12,8,115
98,29,9,13,10,3,64
99,2,0,3,7,2,14
100,5,1,9,9,2,26
101,0,2,0,2,5,9
102,6,6,2,5,2,21
103,25,7,11,9,8,60
104,11,15,17,5,2,50
105,56,9,42,26,9,142
106,46,26,18,6,2,98
107,1,6,8,3,0,18
108,66,18,46,15,8,153
109,96,31,63,12,15,217
110,91,29,52,8,8,188
111,17,1,5,0,3,26
112,51,12,36,21,12,132
113,718,87,331,68,208,1412
114,147,38,88,34,19,326
115,3,2,0,5,3,13
116,0,9,3,0,0,12
117,23,25,32,9,1,90
118,1,6,2,1,0,10
119,11,7,8,0,1,27
120,26,23,36,12,9,106
121,1,11,10,4,0,26
122,2,21,8,4,1,36
123,75,24,61,6,10,176
124,5,12,12,6,0,35
125,0,1,0,2,0,3
126,1,2,1,6,0,10
127,0,1,0,0,0,1
128,0,0,1,0,0,1
129,1,1,4,0,1,7
130,61,3,18,19,11,112
131,0,2,0,2,0,4
132,52,41,6,21,7,127
133,27,90,20,24,14,175
134,16,22,9,13,8,68
135,15,5,18,16,6,60
136,3,1,4,11,2,21
137,3,1,1,6,3,14
138,29,4,21,8,4,66
139,48,54,42,24,11,179
140,8,1,2,3,6,20
141,0,7,4,2,1,14
142,3,6,3,7,3,22
143,45,1,30,8,12,96
144,24,10,1,11,0,46
145,183,20,30,12,2,247
146,23,16,42,21,9,111
147,69,17,52,12,3,153
148,91,20,41,9,5,166
149,105,9,69,19,21,223
150,97,13,49,15,13,187
151,22,1,15,10,10,58
152,3,3,3,4,2,15
153,1,1,2,1,3,8
154,46,21,35,7,7,116
155,2,15,4,4,3,28
156,0,1,3,0,0,4
157,11,17,27,9,4,68
158,0,0,0,0,0,0
159,1,9,4,1,0,15
160,15,21,44,7,3,90
161,1,2,6,0,0,9
162,2,4,2,0,2,10
163,0,2,0,0,0,2
164,0,1,0,1,0,2
165,0,1,0,2,0,3
166,0,0,0,6,0,6
167,91,8,69,36,20,224
168,134,10,59,32,23,258
169,0,1,4,3,2,10
170,0,1,2,3,0,6
171,0,0,0,2,0,2
172,1,1,0,3,1,6
173,28,2,22,8,7,67
174,84,9,73,25,5,196
175,17,8,23,16,8,72
176,14,2,4,6,2,28
177,106,8,65,23,4,206
178,193,31,51,25,4,304
179,402,54,36,17,5,514
180,135,40,38,18,16,247
181,29,19,29,17,7,101
182,2,1,4,2,2,11
183,18,7,10,2,0,37
184,20,7,18,10,5,60
185,36,0,26,15,8,85
186,65,3,27,11,3,109
187,21,4,10,9,3,47
188,36,4,35,19,4,98
189,18,13,12,9,6,58
190,181,15,88,27,19,330
191,190,9,45,31,18,293
192,199,23,93,28,20,363
193,73,10,37,12,14,146
194,22,6,17,13,1,59
195,68,14,48,16,5,151
196,11,22,15,19,2,69
197,88,8,35,20,8,159
198,58,17,49,19,9,152
199,0,0,0,0,0,0
200,11,2,3,0,7,23
201,0,0,0,0,0,0
202,0,3,2,0,1,6
203,0,3,2,7,0,12
204,0,1,0,3,1,5
205,7,33,6,24,9,79
206,1,5,4,10,1,21
207,177,16,88,20,26,327
208,228,38,166,39,28,499
209,36,6,29,32,7,110
210,2,1,5,5,1,14
211,0,2,1,4,4,11
212,0,1,1,4,1,7
213,0,0,0,1,0,1
214,25,3,21,13,4,66
215,31,3,15,14,3,66
216,2,3,7,7,0,19
217,0,2,5,5,3,15
218,83,10,54,13,6,166
219,65,10,21,13,3,112
220,13,11,4,15,1,44
221,59,13,26,15,13,126
222,25,1,16,10,6,58
223,88,7,57,39,6,197
224,328,64,104,29,13,538
225,32,4,16,9,8,69
226,119,25,53,9,19,225
227,40,37,30,19,7,133
228,33,18,42,22,10,125
229,2,7,5,2,2,18
230,13,6,15,10,7,51
231,8,4,15,8,1,36
232,11,11,23,9,4,58
233,30,10,14,14,4,72
234,67,25,5,3,2,102
235,30,10,25,16,7,88
236,19,20,21,26,4,90
237,68,16,34,18,8,144
238,11,5,5,2,1,24
239,10,6,6,7,0,29
240,1,5,5,0,1,12
241,11,4,12,9,2,38
242,0,2,1,0,0,3
243,0,2,0,1,1,4
244,2,2,1,2,1,8
245,0,0,0,0,0,0
246,29,18,15,21,3,86
247,0,39,2,21,3,65
248,13,46,21,23,14,117
249,88,70,21,73,20,272
250,9,40,23,44,13,129
251,21,31,13,36,11,112
252,1,3,2,5,1,12
253,1,2,4,6,1,14
254,2,2,0,6,2,12
255,3,1,0,3,3,10
256,2,0,5,1,0,8
257,0,0,2,3,1,6
258,5,4,15,12,3,39
259,24,5,14,11,6,60
260,77,13,67,23,12,192
261,1,2,4,5,2,14
262,90,8,7,7,1,113
263,85,9,19,11,3,127
264,58,6,18,3,2,87
265,192,24,71,22,17,326
266,85,13,58,30,16,202
267,21,14,13,10,7,65
268,73,24,36,23,11,167
269,102,16,154,33,26,331
270,86,65,404,8,2,565
271,0,0,0,0,0,0
272,1,0,0,0,0,1
273,0,1,1,0,0,2
274,0,0,0,1,0,1
275,0,0,0,0,0,0
276,2,4,5,1,1,13
277,13,6,18,17,10,64
278,4,4,7,4,0,19
279,15,22,13,8,0,58
280,28,16,14,3,1,62
281,4,11,5,6,3,29
282,2,2,7,6,0,17
283,101,14,11,12,1,139
284,1,1,2,0,0,4
285,5,1,3,3,2,14
286,0,6,2,7,3,18
287,0,14,2,1,0,17
288,125,12,58,20,27,242
289,1,2,3,6,0,12
290,4,24,5,15,7,55
291,97,127,44,37,16,321
292,25,19,30,30,4,108
293,13,45,11,23,4,96
294,15,7,11,18,3,54
295,13,1,19,8,3,44
296,44,5,25,29,3,106
297,11,2,6,11,1,31
298,6,3,8,14,2,33
299,2,3,2,3,2,12
300,15,3,7,6,12,43
301,2,2,1,2,1,8
302,26,8,30,27,2,93
303,14,1,17,10,2,44
304,47,9,19,30,2,107
305,68,10,21,18,6,123
306,39,5,33,23,3,103
307,61,7,44,16,11,139
308,53,1,22,16,5,97
309,11,6,12,12,3,44
310,47,50,53,43,6,199
311,257,14,136,36,10,453
312,32,15,106,22,2,177
313,0,0,0,0,0,0
314,0,0,0,0,0,0
315,1,0,0,0,0,1
316,0,0,1,0,0,1
317,0,5,3,0,0,8
318,1,17,4,5,1,28
319,24,6,66,3,6,105
320,3,13,3,2,0,21
321,1,4,2,2,0,9
322,25,5,24,9,7,70
323,1,1,0,0,0,2
324,0,0,0,0,0,0
325,3,3,0,5,0,11
326,1,1,12,0,1,15
327,0,7,1,10,0,18
328,4,18,8,6,4,40
329,26,56,12,19,14,127
330,10,37,7,18,12,84
331,49,5,13,13,9,89
332,1,5,1,7,0,14
333,31,61,28,59,19,198
334,29,53,34,41,14,171
335,103,7,74,32,7,223
336,25,6,29,17,5,82
337,87,17,60,36,8,208
338,67,5,46,16,4,138
339,91,0,48,25,5,169
340,61,8,45,25,10,149
341,36,3,9,15,1,64
342,49,5,23,14,10,101
343,22,9,34,17,4,86
344,32,11,23,11,4,81
345,168,22,98,37,7,332
346,181,14,102,19,29,345
347,84,13,58,20,8,183
348,48,19,42,21,12,142
349,29,7,24,12,4,76
350,16,8,8,15,2,49
351,170,18,88,51,15,342
352,124,24,46,35,10,239
353,19,55,22,19,11,126
354,32,5,26,15,3,81
355,2,9,7,10,2,30
356,0,0,0,0,0,0
357,0,0,1,0,0,1
358,0,0,0,0,0,0
359,0,0,0,0,0,0
360,2,2,2,0,0,6
361,2,6,3,3,0,14
362,41,13,63,10,4,131
363,15,13,16,9,4,57
364,11,11,10,6,5,43
365,64,14,49,6,8,141
366,4,15,3,4,0,26
367,1,1,1,2,0,5
368,37,15,35,12,2,101
369,27,8,71,11,3,120
370,2,13,4,6,3,28
371,36,7,6,19,8,76
372,17,20,5,4,8,54
373,13,7,6,0,0,26
374,0,1,0,4,0,5
375,6,8,17,15,1,47
376,0,8,0,7,0,15
377,163,198,56,117,53,587
378,159,35,107,44,14,359
379,1,0,1,1,10,13
380,11,2,9,12,8,42
381,167,24,77,32,16,316
382,42,13,41,18,11,125
383,39,50,22,29,8,148
384,108,46,119,54,24,351
385,156,50,48,65,17,336
386,139,21,45,64,35,304
387,479,29,282,69,128,987
388,112,10,118,43,31,314
389,176,25,81,37,10,329
390,131,11,56,43,13,254
391,48,9,42,29,17,145
392,168,28,95,24,10,325
393,102,45,75,47,23,292
394,108,31,77,30,10,256
395,49,36,43,20,15,163
396,110,20,73,25,39,267
397,35,25,44,15,8,127
398,99,22,18,29,15,183
399,119,8,5,3,0,135
400,0,0,0,0,0,0
401,0,2,0,1,0,3
402,0,1,0,0,0,1
403,0,0,0,1,0,1
404,3,1,2,4,1,11
405,30,15,9,2,2,58
406,84,22,80,9,11,206
407,18,13,33,3,5,72
408,5,11,48,5,0,69
409,2,15,6,2,0,25
410,24,9,12,3,3,51
411,1,13,4,1,0,19
412,6,3,11,3,0,23
413,86,9,12,3,1,111
414,25,7,2,1,1,36
415,72,5,19,9,10,115
416,4,2,1,5,1,13
417,2,2,0,2,2,8
418,0,5,2,6,0,13
419,0,0,2,1,0,3
420,59,56,56,59,9,239
421,26,23,7,24,10,90
422,82,116,54,49,29,330
423,324,68,90,58,21,561
424,5,1,2,11,5,24
425,16,9,10,19,3,57
426,35,18,34,43,8,138
427,25,108,12,74,12,231
428,194,37,122,38,28,419
429,18,94,12,66,30,220
430,67,102,60,72,32,333
431,256,85,83,47,50,521
432,202,38,133,51,30,454
433,185,17,157,65,23,447
434,176,13,111,50,20,370
435,178,20,59,37,23,317
436,46,6,24,13,10,99
437,164,6,34,31,19,254
438,62,12,21,21,9,125
439,11,17,19,12,8,67
440,54,17,31,35,14,151
441,0,0,0,0,1,1
442,0,18,5,2,0,25
443,151,68,69,17,25,330
444,301,20,45,19,7,392
445,0,0,0,0,0,0
446,6,0,1,4,0,11
447,3,2,1,0,0,6
448,0,0,0,0,0,0
449,0,2,0,6,0,8
450,1,13,2,3,0,19
451,4,22,24,8,0,58
452,5,19,2,0,0,26
453,9,12,4,4,0,29
454,2,1,0,0,0,3
455,7,8,10,0,0,25
456,7,7,4,4,0,22
457,0,1,1,2,0,4
458,20,5,5,8,0,38
459,4,3,0,1,2,10
460,0,2,3,2,0,7
461,35,4,14,8,27,88
462,0,0,1,1,0,2
463,4,0,2,5,1,12
464,3,1,1,3,0,8
465,0,0,0,0,0,0
466,271,60,147,24,30,532
467,201,168,44,40,13,466
468,55,196,38,33,23,345
469,65,153,67,81,17,383
470,90,346,79,92,29,636
471,22,4,2,15,3,46
472,14,22,14,32,9,91
473,90,51,45,91,29,306
474,56,165,37,62,19,339
475,180,24,96,31,21,352
476,125,282,77,86,63,633
477,103,173,43,45,48,412
478,47,44,41,32,25,189
479,39,6,56,38,13,152
480,122,6,76,43,22,269
481,85,7,96,62,16,266
482,124,34,52,37,20,267
483,48,18,36,32,9,143
484,182,9,67,35,16,309
485,256,16,104,37,13,426
486,16,31,39,19,6,111
487,24,13,23,9,7,76
488,28,23,16,11,2,80
489,31,18,21,8,6,84
490,64,14,35,25,19,157
491,2,2,2,5,2,13
492,0,0,0,0,0,0
493,3,0,0,0,0,3
494,5,2,0,1,0,8
495,0,0,0,0,0,0
496,2,2,1,2,0,7
497,1,0,0,0,0,1
498,15,11,25,3,0,54
499,6,21,3,3,1,34
500,1,2,0,1,0,4
501,0,6,1,1,0,8
502,69,14,14,5,0,102
503,5,5,5,1,1,17
504,0,0,0,0,0,0
505,0,0,6,1,0,7
506,0,1,0,0,1,2
507,3,3,8,9,1,24
508,9,0,6,7,6,28
509,3,6,7,3,2,21
510,1,6,1,4,0,12
511,2,0,2,3,0,7
512,1,0,0,0,0,1
513,2,6,2,9,2,21
514,141,11,88,27,62,329
515,87,9,53,14,7,170
516,47,10,18,17,5,97
517,5,4,17,5,0,31
518,21,18,19,40,4,102
519,25,166,18,31,6,246
520,91,21,21,37,11,181
521,142,14,66,43,30,295
522,311,15,142,32,22,522
523,177,234,124,86,41,662
524,24,55,26,80,22,207
525,58,234,50,58,44,444
526,94,129,60,63,36,382
527,19,31,27,42,10,129
528,156,72,79,52,47,406
529,31,11,23,33,10,108
530,111,47,62,46,17,283
531,58,10,48,62,13,191
532,112,37,92,51,23,315
533,153,10,95,54,20,332
534,176,30,75,40,16,337
535,68,74,49,24,19,234
536,6,0,1,0,1,8
537,112,24,58,34,11,239
538,77,30,43,17,12,179
539,154,44,65,39,33,335
540,3,2,7,7,7,26
541,0,0,0,0,0,0
542,2,7,4,0,0,13
543,6,5,0,3,0,14
544,9,7,4,6,0,26
545,7,6,8,1,0,22
546,1,1,0,0,0,2
547,48,16,34,4,2,104
548,10,4,4,1,0,19
549,1,0,0,0,0,1
550,1,0,0,0,0,1
551,24,11,7,4,1,47
552,9,14,3,3,0,29
553,2,5,0,1,0,8
554,7,4,15,4,2,32
555,0,1,1,0,0,2
556,3,13,4,5,4,29
557,16,24,6,9,2,57
558,8,8,8,12,2,38
559,7,2,3,9,3,24
560,0,4,1,2,0,7
561,0,0,0,0,0,0
562,34,3,17,14,1,69
563,68,2,58,17,4,149
564,6,1,6,7,2,22
565,24,8,22,20,7,81
566,8,1,5,5,0,19
567,66,15,40,22,10,153
568,46,13,30,20,5,114
569,179,32,112,46,22,391
570,32,2,14,18,3,69
571,28,1,28,26,10,93
572,107,57,80,56,31,331
573,173,55,137,77,25,467
574,107,6,43,34,10,200
575,40,60,49,55,12,216
576,61,80,36,55,21,253
577,476,126,429,79,71,1181
578,195,6,67,34,49,351
579,148,20,102,67,28,365
580,14,4,24,29,16,87
581,99,18,63,43,23,246
582,131,9,39,52,21,252
583,124,14,85,40,16,279
584,113,26,36,53,15,243
585,2,3,3,7,0,15
586,48,15,38,26,6,133
587,209,33,61,37,19,359
588,313,69,28,50,17,477
589,22,27,7,14,4,74
590,0,1,1,2,0,4
591,8,4,0,5,0,17
592,4,1,1,1,1,8
593,6,2,0,2,0,10
594,29,9,5,10,3,56
595,2,3,0,0,1,6
596,15,12,18,3,0,48
597,5,10,5,3,0,23
598,3,11,7,0,1,22
599,1,3,3,0,1,8
600,13,7,10,3,1,34
601,3,7,1,0,0,11
602,5,13,2,1,1,22
603,0,3,1,5,1,10
604,0,0,0,0,0,0
605,2,5,8,8,1,24
606,4,62,8,12,3,89
607,4,25,4,6,2,41
608,26,2,17,2,3,50
609,14,7,5,9,0,35
610,2,2,3,5,1,13
611,138,7,17,7,2,171
612,0,4,4,5,0,13
613,5,3,2,6,1,17
614,36,9,13,10,1,69
615,26,2,21,21,7,77
616,268,23,118,34,20,463
617,260,26,169,76,21,552
618,46,65,51,38,27,227
619,155,9,80,49,54,347
620,131,8,94,47,12,292
621,321,16,120,19,32,508
622,134,8,93,77,36,348
623,38,16,40,46,19,159
624,239,99,120,92,36,586
625,197,179,66,129,34,605
626,113,208,80,82,36,519
627,50,41,60,56,21,228
628,36,14,36,46,17,149
629,15,8,9,14,8,54
630,17,4,16,31,11,79
631,43,9,26,23,11,112
632,45,15,24,23,7,114
633,28,10,24,7,7,76
634,73,8,59,20,9,169
635,278,57,138,56,59,588
636,122,28,42,50,47,289
637,146,22,90,47,28,333
638,25,27,26,6,3,87
639,9,3,3,6,1,22
640,10,15,7,5,0,37
641,41,9,9,1,1,61
642,7,2,1,3,1,14
643,16,1,1,1,0,19
644,27,27,13,5,7,79
645,15,13,9,8,1,46
646,4,4,2,4,1,15
647,4,1,1,2,1,9
648,15,3,2,4,0,24
649,13,19,9,4,2,47
650,26,10,9,5,2,52
651,1,5,6,7,0,19
652,0,1,0,2,0,3
653,0,1,0,1,0,2
654,5,1,3,4,2,15
655,0,10,4,7,0,21
656,25,1,18,14,0,58
657,5,2,1,9,0,17
658,3,0,0,4,0,7
659,1,0,0,0,0,1
660,0,1,0,4,2,7
661,0,4,0,4,1,9
662,18,4,24,10,4,60
663,15,6,22,13,2,58
664,72,11,63,33,10,189
665,120,13,127,47,2,309
666,67,54,56,55,15,247
667,115,98,73,38,10,334
668,43,4,13,25,8,93
669,298,20,135,40,59,552
670,119,52,73,80,16,340
671,122,41,65,85,39,352
672,261,124,101,119,56,661
673,223,191,69,130,42,655
674,134,64,60,80,37,375
675,175,19,70,49,16,329
676,37,23,39,46,9,154
677,18,4,17,19,8,66
678,47,5,38,11,13,114
679,179,34,87,37,18,355
680,131,6,72,34,12,255
681,23,7,44,22,3,99
682,55,13,63,14,6,151
683,153,70,77,20,11,331
684,128,25,77,44,29,303
685,228,22,158,40,22,470
686,41,20,23,25,7,116
687,6,5,6,3,1,21
688,0,7,4,3,1,15
689,2,4,4,2,0,12
690,68,16,18,5,3,110
691,11,14,5,3,1,34
692,4,10,6,4,2,26
693,2,7,10,9,0,28
694,1,2,1,3,0,7
695,3,5,0,1,1,10
696,31,18,25,5,1,80
697,1,5,3,0,0,9
698,15,20,1,1,1,38
699,12,20,17,2,2,53
700,11,5,56,4,1,77
701,0,0,0,0,0,0
702,4,0,1,3,0,8
703,12,12,8,16,3,51
704,17,27,15,19,6,84
705,2,8,6,2,0,18
706,1,0,0,0,0,1
707,0,0,0,4,0,4
708,2,0,2,1,1,6
709,43,9,36,19,7,114
710,16,21,13,6,3,59
711,31,1,13,6,1,52
712,21,4,6,21,5,57
713,31,4,29,25,6,95
714,62,110,39,29,11,251
715,101,44,53,46,17,261
716,169,45,59,32,8,313
717,189,12,77,37,57,372
718,200,37,113,53,68,471
719,236,36,142,49,83,546
720,136,13,53,35,33,270
721,81,68,41,62,32,284
722,87,16,31,77,66,277
723,402,29,97,70,23,621
724,31,38,29,37,17,152
725,117,17,79,55,28,296
726,202,19,82,46,36,385
727,88,37,79,52,28,284
728,42,13,40,33,11,139
729,24,11,39,20,6,100
730,61,16,45,13,10,145
731,2,2,3,0,4,11
732,91,10,63,27,16,207
733,144,14,110,26,17,311
734,9,5,12,14,2,42
735,40,12,19,28,5,104
736,18,1,5,4,1,29
737,3,0,0,1,1,5
738,42,6,19,2,1,70
739,10,7,11,5,1,34
740,20,20,7,6,4,57
741,11,9,7,16,1,44
742,3,1,0,0,0,4
743,4,9,2,2,0,17
744,108,13,38,6,9,174
745,9,7,1,5,0,22
746,36,15,16,7,4,78
747,29,8,10,1,9,57
748,103,6,82,12,28,231
749,6,2,21,9,1,39
750,0,0,0,4,1,5
751,3,7,8,5,1,24
752,22,6,3,5,7,43
753,1,5,1,4,1,12
754,5,1,2,3,0,11
755,1,1,3,2,0,7
756,46,4,17,12,4,83
757,29,20,39,16,8,112
758,15,12,20,12,14,73
759,195,47,94,55,12,403
760,148,21,52,44,16,281
761,54,22,60,41,15,192
762,29,9,34,29,15,116
763,42,6,19,14,19,100
764,47,9,29,23,4,112
765,40,42,25,38,19,164
766,196,162,167,94,91,710
767,115,9,41,29,8,202
768,23,10,11,20,6,70
769,60,12,49,27,12,160
770,26,12,17,42,3,100
771,87,3,32,12,26,160
772,141,26,79,52,37,335
773,207,32,98,68,51,456
774,156,30,89,34,61,370
775,123,13,75,41,25,277
776,91,34,145,62,25,357
777,30,12,87,16,9,154
778,133,25,57,25,11,251
779,66,7,42,35,8,158
780,204,12,112,46,25,399
781,218,26,84,35,14,377
782,6,6,6,9,2,29
783,21,10,8,6,6,51
784,53,5,29,3,7,97
785,5,5,5,3,0,18
786,54,14,27,9,5,109
787,13,9,8,9,0,39
788,5,11,6,13,1,36
789,5,5,14,7,1,32
790,4,1,0,1,0,6
791,40,10,18,7,6,81
792,89,10,31,16,10,156
793,10,13,4,5,0,32
794,12,7,1,1,0,21
795,16,1,4,2,3,26
796,37,2,29,7,6,81
797,27,2,53,3,5,90
798,0,2,1,2,0,5
799,11,3,3,2,2,21
800,0,4,4,8,0,16
801,1,1,1,0,2,5
802,2,1,4,5,1,13
803,0,0,0,0,0,0
804,2,9,4,5,4,24
805,35,8,27,20,11,101
806,5,3,9,13,1,31
807,44,9,32,36,12,133
808,39,7,38,16,6,106
809,18,0,17,10,5,50
810,4,7,6,11,3,31
811,70,21,61,44,23,219
812,13,4,24,37,10,88
813,93,38,74,65,27,297
814,115,49,91,69,37,361
815,42,7,19,24,23,115
816,179,17,79,58,28,361
817,166,24,68,56,30,344
818,68,19,71,43,24,225
819,111,17,49,50,32,259
820,307,58,68,72,59,564
821,130,21,86,48,46,331
822,181,34,143,89,80,527
823,210,39,133,61,62,505
824,311,160,130,92,72,765
825,38,19,128,33,8,226
826,178,14,66,23,10,291
827,281,9,147,23,161,621
828,146,19,111,58,23,357
829,91,19,46,28,20,204
830,9,7,9,18,11,54
831,2,3,1,3,1,10
832,4,5,5,10,2,26
833,0,0,0,0,0,0
834,10,1,5,2,1,19
835,18,4,5,2,1,30
836,98,11,48,6,18,181
837,187,11,32,25,12,267
838,222,18,25,5,0,270
839,314,45,112,17,53,541
840,113,17,40,20,5,195
841,86,32,17,5,2,142
842,49,11,25,6,5,96
843,11,13,13,5,2,44
844,2,10,7,6,0,25
845,0,1,0,2,0,3
846,8,1,3,3,10,25
847,47,2,7,11,37,104
848,44,0,13,5,1,63
849,0,0,2,2,3,7
850,39,2,19,12,1,73
851,0,0,0,1,0,1
852,39,7,17,18,4,85
853,47,7,31,22,12,119
854,87,8,79,29,3,206
855,97,16,72,34,32,251
856,84,5,48,53,17,207
857,52,15,43,16,13,139
858,57,20,25,19,9,130
859,269,10,20,47,15,361
860,162,11,53,24,9,259
861,313,12,108,65,34,532
862,191,12,113,29,88,433
863,124,64,85,90,46,409
864,307,28,109,58,36,538
865,58,21,44,51,35,209
866,152,16,74,54,32,328
867,103,18,26,51,7,205
868,63,8,15,41,15,142
869,127,38,96,63,40,364
870,69,6,63,43,25,206
871,43,15,36,36,17,147
872,61,11,42,48,21,183
873,29,28,106,34,16,213
874,130,19,43,41,32,265
875,272,22,77,40,20,431
876,90,16,47,33,11,197
877,119,53,55,81,27,335
878,45,16,46,28,16,151
879,38,18,28,19,14,117
880,19,27,17,32,11,106
881,6,5,11,15,2,39
882,1,0,1,3,2,7
883,12,20,13,15,2,62
884,26,8,23,14,4,75
885,3,9,6,18,4,40
886,14,37,16,18,8,93
887,41,18,22,16,12,109
888,21,42,16,19,17,115
889,98,16,41,36,24,215
890,116,11,44,12,25,208
891,151,1,46,8,12,218
892,10,7,11,5,2,35
893,0,4,8,0,0,12
894,0,2,4,2,0,8
895,31,7,22,10,32,102
896,46,11,33,14,6,110
897,11,6,15,6,1,39
898,42,4,21,10,2,79
899,2,0,0,0,0,2
900,0,1,1,0,0,2
901,0,0,0,0,0,0
902,77,7,42,29,5,160
903,40,5,23,19,4,91
904,119,13,67,42,22,263
905,72,7,26,11,12,128
906,14,9,20,21,12,76
907,120,11,75,47,21,274
908,77,16,27,39,15,174
909,113,16,44,40,15,228
910,234,22,112,65,119,552
911,625,60,241,74,84,1084
912,216,65,127,53,89,550
913,81,151,68,104,46,450
914,122,38,55,46,29,290
915,120,12,81,85,287,585
916,282,28,131,47,56,544
917,91,19,52,30,31,223
918,180,21,75,57,27,360
919,275,44,134,77,89,619
920,336,24,89,61,193,703
921,200,12,46,25,31,314
922,129,43,83,70,46,371
923,50,16,52,34,21,173
924,102,20,47,22,26,217
925,152,39,100,42,24,357
926,52,15,43,48,16,174
927,135,21,106,48,46,356
928,76,20,40,35,22,193
929,114,27,67,34,49,291
930,99,22,52,32,13,218
931,138,32,35,41,14,260
932,53,18,36,42,6,155
933,4,8,3,11,1,27
934,13,22,25,17,7,84
935,174,58,116,60,49,457
936,25,42,31,35,17,150
937,38,11,40,31,10,130
938,61,7,31,32,11,142
939,52,9,51,26,5,143
940,75,21,48,20,8,172
941,0,10,0,0,1,11
942,0,1,0,0,2,3
943,1,2,3,6,1,13
944,0,0,2,0,0,2
945,0,0,0,0,0,0
946,159,27,3,0,2,191
947,109,44,18,3,0,174
948,3,3,1,5,1,13
949,0,4,2,6,1,13
950,0,1,0,6,0,7
951,0,0,0,0,0,0
952,88,13,51,37,14,203
953,414,163,86,29,46,738
954,285,39,178,55,63,620
955,343,47,180,79,48,697
956,87,24,105,66,32,314
957,147,16,115,54,20,352
958,107,57,65,69,21,319
959,109,21,71,49,26,276
960,75,42,88,43,68,316
961,160,25,102,50,47,384
962,49,18,36,51,33,187
963,253,48,74,81,32,488
964,178,18,12,16,8,232
965,37,20,48,47,18,170
966,135,46,72,46,87,386
967,168,30,94,54,62,408
968,223,21,54,66,45,409
969,225,41,119,101,192,678
970,363,36,76,27,179,681
971,237,19,46,30,65,397
972,140,37,75,82,65,399
973,120,23,54,36,31,264
974,214,23,78,33,52,400
975,95,30,47,56,29,257
976,127,12,77,28,20,264
977,220,30,112,64,29,455
978,28,6,16,27,12,89
979,2,2,3,8,0,15
980,19,17,12,22,2,72
981,158,26,83,40,13,320
982,140,15,60,40,11,266
983,139,77,44,46,16,322
984,167,60,80,56,24,387
985,18,22,16,38,5,99
986,102,36,26,33,14,211
987,147,126,78,33,22,406
988,114,35,84,36,14,283
989,139,124,97,41,14,415
990,25,8,18,19,1,71
991,5,32,6,30,5,78
992,105,77,47,44,28,301
993,14,31,23,22,23,113
994,41,62,39,9,59,210
995,0,1,1,1,0,3
996,2,3,3,5,0,13
997,1,2,1,7,2,13
998,13,1,5,11,5,35
999,0,0,0,0,2,2
1000,0,0,0,0,0,0
1001,97,12,58,31,23,221
1002,52,16,22,20,8,118
1003,201,28,59,29,50,367
1004,102,38,65,59,35,299
1005,66,36,73,67,101,343
1006,414,34,142,61,136,787
1007,132,16,44,45,50,287
1008,158,36,60,35,50,339
1009,45,20,16,31,8,120
1010,134,17,42,23,16,232
1011,319,30,63,43,78,533
1012,126,57,25,30,26,264
1013,123,27,29,15,22,216
1014,45,5,62,10,5,127
1015,337,30,173,56,138,734
1016,148,28,48,63,105,392
1017,285,33,85,54,131,588
1018,596,74,202,84,171,1127
1019,443,17,66,46,214,786
1020,402,38,63,30,209,742
1021,147,37,88,59,75,406
1022,99,14,44,19,43,219
1023,144,14,54,44,55,311
1024,38,3,26,32,26,125
1025,128,37,99,50,42,356
1026,227,23,139,69,44,502
1027,128,28,89,46,20,311
1028,52,19,43,49,31,194
1029,57,5,46,43,20,171
1030,44,70,30,64,25,233
1031,228,134,91,80,38,571
1032,18,35,40,49,5,147
1033,73,23,48,77,15,236
1034,91,9,57,42,40,239
1035,77,13,67,37,13,207
1036,394,103,138,53,44,732
1037,161,35,119,46,19,380
1038,59,30,52,43,15,199
1039,60,42,33,32,9,176
1040,56,49,24,41,9,179
1041,23,72,8,11,9,123
1042,2,0,1,7,2,12
1043,31,5,9,11,11,67
1044,2,1,0,1,2,6
1045,8,1,5,9,0,23
1046,1,1,12,4,2,20
1047,28,6,24,22,13,93
1048,1,0,0,1,0,2
1049,0,0,0,0,0,0
1050,1,9,9,4,2,25
1051,3,0,0,1,0,4
1052,15,1,10,31,15,72
1053,72,5,25,21,8,131
1054,291,115,212,37,33,688
1055,64,4,21,25,8,122
1056,28,12,17,28,53,138
1057,89,15,34,33,53,224
1058,167,33,100,45,54,399
1059,1174,95,410,75,128,1882
1060,409,13,184,68,164,838
1061,190,66,91,66,338,751
1062,310,67,124,77,253,831
1063,347,94,184,77,488,1190
1064,629,70,546,100,351,1696
1065,801,41,367,92,78,1379
1066,316,32,91,79,69,587
1067,901,35,178,95,116,1325
1068,289,55,163,102,422,1031
1069,214,82,88,70,284,738
1070,159,35,89,115,55,453
1071,98,13,46,46,20,223
1072,168,50,100,95,286,699
1073,287,64,90,46,110,597
1074,162,41,93,58,101,455
1075,423,237,179,79,198,1116
1076,596,217,297,67,130,1307
1077,81,50,63,41,31,266
1078,250,63,141,72,93,619
1079,58,59,45,55,34,251
1080,135,121,64,65,32,417
1081,72,60,39,58,35,264
1082,152,64,67,45,28,356
1083,82,23,58,57,29,249
1084,94,10,50,44,21,219
1085,282,247,177,72,40,818
1086,7,34,10,18,1,70
1087,47,6,32,26,12,123
1088,236,75,138,48,44,541
1089,94,17,98,37,34,280
1090,229,167,92,28,41,557
1091,10,26,12,4,25,77
1092,1,2,8,14,1,26
1093,38,2,36,100,1,177
1094,34,1,21,53,1,110
1095,0,7,3,3,1,14
1096,1,1,3,3,2,10
1097,3,4,1,9,0,17
1098,0,0,0,0,0,0
1099,3,0,0,0,2,5
1100,0,4,0,4,1,9
1101,99,110,73,71,89,442
1102,60,57,66,61,22,266
1103,106,36,82,27,59,310
1104,73,28,29,30,36,196
1105,90,9,47,27,17,190
1106,184,24,101,63,91,463
1107,124,17,61,46,30,278
1108,112,10,54,31,99,306
1109,97,32,54,51,42,276
1110,34,20,18,47,15,134
1111,126,28,50,45,57,306
1112,313,56,54,54,50,527
1113,289,36,134,49,54,562
1114,262,43,178,95,311,889
1115,203,26,52,50,53,384
1116,689,59,218,102,203,1271
1117,304,71,99,121,135,730
1118,252,77,70,37,33,469
1119,185,28,120,59,48,440
1120,63,18,23,19,23,146
1121,130,26,80,41,34,311
1122,135,36,100,47,50,368
1123,159,32,75,34,113,413
1124,609,45,351,52,243,1300
1125,95,91,66,53,52,357
1126,80,30,57,45,37,249
1127,151,117,113,94,170,645
1128,108,93,35,47,21,304
1129,221,227,216,97,123,884
1130,113,235,73,63,49,533
1131,44,63,25,62,50,244
1132,405,119,201,67,72,864
1133,253,93,93,79,128,646
1134,726,74,188,54,19,1061
1135,6,20,13,26,9,74
1136,111,180,69,51,33,444
1137,90,38,39,42,14,223
1138,62,23,45,27,8,165
1139,37,5,38,34,37,151
1140,1,0,3,2,1,7
1141,0,5,5,6,0,16
1142,2,1,2,10,1,16
1143,0,1,1,4,0,6
1144,2,0,5,7,2,16
1145,0,2,0,1,0,3
1146,0,4,0,7,3,14
1147,0,10,1,4,1,16
1148,0,1,2,0,0,3
1149,1,0,2,6,3,12
1150,96,97,81,99,44,417
1151,28,3,25,30,2,88
1152,14,3,15,19,4,55
1153,107,7,46,73,21,254
1154,108,3,50,60,17,238
1155,85,13,60,44,63,265
1156,422,10,73,29,17,551
1157,216,31,66,37,36,386
1158,65,16,38,31,26,176
1159,26,19,12,35,7,99
1160,145,28,75,44,38,330
1161,146,59,81,68,47,401
1162,182,30,96,71,45,424
1163,21,40,16,54,38,169
1164,103,27,45,34,46,255
1165,309,49,144,74,103,679
1166,273,110,49,81,66,579
1167,12,13,13,25,9,72
1168,142,54,95,41,30,362
1169,72,34,49,36,56,247
1170,1,9,9,20,2,41
1171,1,3,1,8,4,17
1172,14,0,3,6,2,25
1173,60,25,39,20,10,154
1174,27,11,22,12,6,78
1175,11,10,16,19,5,61
1176,109,16,68,54,22,269
1177,280,26,97,56,105,564
1178,40,5,12,9,10,76
1179,28,17,40,28,9,122
1180,20,23,25,20,9,97
1181,63,10,45,43,16,177
1182,288,21,150,66,37,562
1183,84,10,80,27,15,216
1184,17,24,16,21,2,80
1185,47,11,68,50,10,186
1186,244,19,91,54,14,422
1187,50,21,61,24,7,163
1188,0,2,0,0,1,3
1189,31,10,19,35,20,115
1190,27,7,22,10,19,85
1191,55,6,30,25,269,385
1192,13,0,6,8,9,36
1193,52,5,23,11,28,119
1194,4,1,11,12,32,60
1195,12,2,7,11,2,34
1196,0,2,2,4,0,8
1197,0,0,0,0,0,0
1198,0,0,0,0,0,0
1199,3,4,3,4,13,27
1200,34,2,47,17,8,108
1201,22,1,13,33,12,81
1202,4,1,8,6,6,25
1203,69,3,18,29,17,136
1204,222,9,100,44,17,392
1205,175,9,33,40,43,300
1206,36,8,23,24,19,110
1207,284,23,53,57,52,469
1208,121,32,35,32,96,316
1209,308,128,100,58,49,643
1210,212,76,88,61,12,449
1211,213,68,135,59,54,529
1212,581,77,182,71,65,976
1213,100,34,67,52,33,286
1214,180,35,88,55,63,421
1215,307,72,185,88,141,793
1216,233,48,95,66,106,548
1217,566,96,259,128,173,1222
1218,338,72,166,63,177,816
1219,137,20,100,93,58,408
1220,10,2,36,28,1,77
1221,0,0,6,4,1,11
1222,0,0,1,1,0,2
1223,0,0,6,1,0,7
1224,1,0,3,0,0,4
1225,8,4,7,22,1,42
1226,158,25,49,38,9,279
1227,198,48,133,67,67,513
1228,19,12,24,33,9,97
1229,127,13,60,44,22,266
1230,74,16,54,55,13,212
1231,57,8,61,33,5,164
1232,117,22,64,46,24,273
1233,134,19,81,58,19,311
1234,123,15,110,66,9,323
1235,32,7,44,41,7,131
1236,73,13,71,37,3,197
1237,111,16,60,11,21,219
1238,29,3,7,3,1,43
1239,4,4,3,5,5,21
1240,32,9,14,14,19,88
1241,43,5,34,13,18,113
1242,3,1,2,1,2,9
1243,0,0,1,0,2,3
1244,4,2,4,4,44,58
1245,2,1,3,1,1,8
1246,0,2,0,2,0,4
1247,0,0,0,0,0,0
1248,0,0,0,0,0,0
1249,172,3,130,38,10,353
1250,20,4,16,21,8,69
1251,47,4,35,17,7,110
1252,20,7,29,33,12,101
1253,28,13,18,24,13,96
1254,26,5,23,15,15,84
1255,160,3,44,43,12,262
1256,12,0,7,7,1,27
1257,20,16,11,27,64,138
1258,157,13,55,50,140,415
1259,129,12,68,42,203,454
1260,50,29,37,47,38,201
1261,216,34,67,67,25,409
1262,68,26,37,30,22,183
1263,230,34,112,54,37,467
1264,90,32,54,45,25,246
1265,261,40,76,54,38,469
1266,197,49,130,86,47,509
1267,311,37,110,71,95,624
1268,388,49,150,67,76,730
1269,343,70,137,50,70,670
1270,67,18,39,38,29,191
1271,11,6,3,22,3,45
1272,1,0,5,3,0,9
1273,0,0,0,0,0,0
1274,0,0,5,2,0,7
1275,1,0,1,0,0,2
1276,14,6,33,17,0,70
1277,96,24,32,35,6,193
1278,392,71,126,55,18,662
1279,92,15,43,17,12,179
1280,210,12,85,48,13,368
1281,37,10,28,15,6,96
1282,166,20,143,45,13,387
1283,98,21,30,17,6,172
1284,105,39,81,20,9,254
1285,114,32,71,44,12,273
1286,107,23,60,37,14,241
1287,27,16,30,38,5,116
1288,0,1,0,4,0,5
1289,2,0,2,2,0,6
1290,47,5,33,17,5,107
1291,20,5,21,11,3,60
1292,9,1,7,2,1,20
1293,1,0,0,0,0,1
1294,0,1,0,1,0,2
1295,3,3,0,6,0,12
1296,8,3,5,5,3,24
1297,0,0,1,7,0,8
1298,0,0,0,0,0,0
1299,0,0,0,0,0,0
1300,0,0,0,0,0,0
1301,178,6,129,16,8,337
1302,14,6,25,11,19,75
1303,39,1,47,16,5,108
1304,32,4,37,33,6,112
1305,7,6,13,21,5,52
1306,31,3,31,41,4,110
1307,107,3,29,15,5,159
1308,17,0,13,11,3,44
1309,7,3,4,7,7,28
1310,155,19,57,46,33,310
1311,51,15,34,29,49,178
1312,104,21,73,47,31,276
1313,214,24,117,52,17,424
1314,68,23,45,58,25,219
1315,175,33,92,43,29,372
1316,111,69,78,80,53,391
1317,199,25,108,53,64,449
1318,249,46,134,82,58,569
1319,134,35,77,56,54,356
1320,399,50,193,70,31,743
1321,66,33,45,34,16,194
1322,161,10,23,23,8,225
1323,22,4,18,26,3,73
1324,118,18,22,30,4,192
1325,223,29,45,38,15,350
1326,106,10,48,35,14,213
1327,15,17,20,30,13,95
1328,10,23,24,17,2,76
1329,283,129,61,38,9,520
1330,555,48,80,47,14,744
1331,324,68,193,43,87,715
1332,404,103,179,69,30,785
1333,111,6,60,18,5,200
1334,131,23,61,34,9,258
1335,47,19,26,40,9,141
1336,57,19,30,27,8,141
1337,11,4,11,8,16,50
1338,84,7,43,11,8,153
1339,14,9,11,18,2,54
1340,0,2,1,0,0,3
1341,7,8,0,1,0,16
1342,38,19,17,3,1,78
1343,76,14,17,14,2,123
1344,41,14,20,13,7,95
1345,36,6,6,5,2,55
1346,4,2,4,2,0,12
1347,9,11,10,9,4,43
1348,0,1,0,0,0,1
1349,12,5,8,15,4,44
1350,0,1,0,3,0,4
1351,0,0,0,0,0,0
1352,0,0,0,0,0,0
1353,0,0,0,1,0,1
1354,28,2,26,29,23,108
1355,79,7,67,29,4,186
1356,9,2,9,11,9,40
1357,0,2,14,21,12,49
1358,23,5,26,18,4,76
1359,7,0,9,3,2,21
1360,11,1,4,10,4,30
1361,23,1,20,10,2,56
1362,23,7,30,24,3,87
1363,54,4,65,45,7,175
1364,66,16,65,40,24,211
1365,40,19,26,22,7,114
1366,9,2,13,23,9,56
1367,90,34,71,53,27,275
1368,37,21,21,53,29,161
1369,27,2,10,13,11,63
1370,13,25,9,36,9,92
1371,48,8,25,23,11,115
1372,254,25,131,85,60,555
1373,181,19,102,61,29,392
1374,634,85,177,66,64,1026
1375,68,8,11,7,6,100
1376,262,26,61,39,14,402
1377,10,2,13,7,11,43
1378,94,32,75,36,21,258
1379,185,17,109,64,32,407
1380,63,6,43,17,12,141
1381,36,15,38,20,12,121
1382,78,2,44,20,8,152
1383,84,21,51,21,31,208
1384,207,42,101,26,44,420
1385,428,23,251,40,124,866
1386,63,3,45,15,4,130
1387,31,5,6,5,4,51
1388,50,14,22,17,2,105
1389,28,23,23,18,16,108
1390,11,3,16,14,2,46
1391,14,2,12,7,2,37
1392,12,3,2,4,4,25
1393,35,13,18,25,8,99
1394,4,3,0,0,0,7
1395,54,28,4,1,1,88
1396,564,105,12,16,1,698
1397,567,83,10,26,2,688
1398,135,10,14,19,3,181
1399,89,11,26,15,4,145
1400,14,5,14,4,3,40
1401,12,1,8,7,4,32
1402,1,0,1,1,1,4
1403,3,4,0,3,0,10
1404,0,0,1,1,0,2
1405,0,0,0,0,0,0
1406,0,0,0,0,0,0
1407,1,0,1,2,0,4
1408,0,0,0,0,0,0
1409,17,2,8,16,2,45
1410,64,4,37,35,1,141
1411,41,6,41,17,6,111
1412,24,10,13,13,7,67
1413,97,25,68,36,7,233
1414,112,1,17,31,3,164
1415,115,4,77,32,14,242
1416,36,2,27,16,6,87
1417,43,0,46,23,16,128
1418,44,2,31,9,10,96
1419,48,7,14,5,4,78
1420,68,21,42,28,25,184
1421,16,1,12,11,1,41
1422,88,30,51,60,25,254
1423,25,20,15,42,12,114
1424,89,17,36,28,17,187
1425,16,2,17,18,4,57
1426,9,0,6,4,0,19
1427,190,18,120,59,32,419
1428,108,11,82,77,36,314
1429,761,25,103,87,29,1005
1430,167,12,21,14,11,225
1431,470,20,41,36,10,577
1432,31,19,30,21,14,115
1433,81,31,59,21,12,204
1434,113,5,48,42,20,228
1435,20,6,32,23,10,91
1436,228,16,102,43,14,403
1437,116,8,50,19,12,205
1438,30,12,27,27,11,107
1439,2,0,4,5,4,15
1440,43,2,19,16,5,85
1441,14,1,10,5,1,31
1442,56,6,33,14,8,117
1443,123,6,58,20,13,220
1444,17,9,7,12,3,48
1445,0,1,2,3,3,9
1446,14,2,1,4,3,24
1447,0,4,2,1,2,9
1448,56,17,48,31,7,159
1449,185,44,158,26,8,421
1450,25,13,10,11,5,64
1451,753,39,19,14,5,830
1452,552,69,17,23,4,665
1453,47,3,8,6,0,64
1454,71,5,44,13,3,136
1455,5,1,8,3,3,20
1456,15,14,11,16,6,62
1457,15,6,2,9,5,37
1458,6,5,3,11,2,27
1459,10,6,0,5,4,25
1460,105,9,7,3,2,126
1461,16,10,3,5,0,34
1462,22,14,1,0,0,37
1463,0,0,0,0,0,0
1464,2,0,9,4,2,17
1465,7,2,9,13,4,35
1466,54,10,48,18,7,137
1467,130,8,75,38,6,257
1468,17,0,9,13,1,40
1469,123,11,68,35,7,244
1470,44,7,25,24,5,105
1471,78,8,68,22,9,185
1472,48,18,41,37,8,152
1473,182,13,88,34,67,384
1474,75,5,43,20,6,149
1475,10,0,7,11,7,35
1476,48,21,35,30,14,148
1477,8,3,28,13,2,54
1478,32,11,24,19,30,116
1479,57,25,39,44,32,197
1480,294,23,139,49,77,582
1481,153,19,71,26,25,294
1482,43,15,22,22,13,115
1483,194,47,109,61,52,463
1484,175,28,68,53,32,356
1485,216,27,146,79,322,790
1486,5,7,32,12,7,63
1487,444,32,62,45,14,597
1488,151,19,37,29,5,241
1489,8,7,15,14,6,50
1490,108,13,83,34,18,256
1491,140,12,50,31,6,239
1492,39,6,18,9,4,76
1493,105,10,84,33,17,249
1494,112,15,80,46,14,267
1495,76,11,17,19,10,133
1496,145,15,80,25,9,274
1497,35,1,22,10,0,68
1498,139,14,105,30,7,295
1499,16,3,10,12,2,43
1500,57,6,21,11,4,99
1501,5,3,0,12,2,22
1502,92,6,15,9,3,125
1503,14,2,8,6,1,31
1504,67,12,31,13,5,128
1505,32,8,29,17,1,87
1506,1,2,6,0,0,9
1507,327,40,30,16,5,418
1508,268,29,16,10,1,324
1509,85,11,5,21,1,123
1510,116,8,24,33,4,185
1511,7,0,8,3,3,21
1512,40,4,33,18,4,99
1513,106,8,84,28,13,239
1514,33,4,16,19,10,82
1515,14,6,13,15,6,54
1516,148,8,26,14,4,200
1517,21,13,7,2,1,44
1518,46,31,6,0,0,83
1519,4,1,0,0,0,5
1520,0,0,0,0,0,0
1521,1,1,0,5,1,8
1522,9,3,10,10,3,35
1523,55,4,50,19,8,136
1524,176,9,94,28,8,315
1525,26,3,17,12,3,61
1526,13,3,15,9,4,44
1527,41,5,54,25,5,130
1528,225,10,46,19,34,334
1529,117,11,56,19,15,218
1530,121,11,108,28,22,290
1531,53,8,44,31,8,144
1532,17,12,11,35,9,84
1533,33,11,27,14,8,93
1534,57,13,43,28,29,170
1535,0,1,1,6,1,9
1536,111,17,13,32,20,193
1537,221,11,126,56,33,447
1538,83,12,35,41,8,179
1539,101,9,80,49,42,281
1540,105,26,78,80,27,316
1541,143,26,66,56,19,310
1542,362,91,120,94,124,791
1543,83,15,38,37,21,194
1544,445,41,277,71,30,864
1545,54,22,43,36,26,181
1546,35,7,10,5,3,60
1547,150,61,49,37,13,310
1548,94,71,67,37,6,275
1549,83,24,37,33,13,190
1550,79,19,50,21,12,181
1551,24,9,16,11,5,65
1552,305,29,24,22,3,383
1553,122,3,46,30,9,210
1554,61,6,35,21,8,131
1555,52,10,23,16,4,105
1556,0,3,1,3,2,9
1557,4,9,1,3,3,20
1558,14,3,12,6,6,41
1559,7,0,4,3,5,19
1560,5,0,2,3,5,15
1561,20,6,9,8,3,46
1562,112,7,58,20,6,203
1563,4,5,11,5,3,28
1564,75,15,22,5,7,124
1565,86,11,51,14,5,167
1566,128,4,86,21,18,257
1567,331,3,95,22,94,545
1568,49,7,18,9,4,87
1569,42,1,7,3,6,59
1570,55,11,21,10,16,113
1571,30,6,21,6,6,69
1572,4,0,2,1,0,7
1573,12,2,17,9,8,48
1574,42,8,1,5,0,56
1575,32,17,22,2,2,75
1576,5,3,1,0,2,11
1577,0,0,0,0,0,0
1578,10,5,6,9,2,32
1579,1,2,8,11,3,25
1580,10,1,4,4,1,20
1581,19,0,10,5,3,37
1582,0,0,0,1,0,1
1583,5,3,4,13,0,25
1584,12,10,19,17,38,96
1585,63,7,31,25,17,143
1586,31,5,20,22,62,140
1587,8,41,17,41,16,123
1588,1,8,5,35,4,53
1589,137,22,74,33,23,289
1590,77,17,54,23,7,178
1591,18,9,16,17,9,69
1592,56,5,19,30,15,125
1593,34,66,48,44,16,208
1594,80,28,31,50,13,202
1595,32,11,21,45,19,128
1596,71,21,49,45,15,201
1597,89,6,48,31,10,184
1598,825,52,92,92,35,1096
1599,505,37,108,67,41,758
1600,281,30,121,61,47,540
1601,73,14,43,27,18,175
1602,2,0,5,4,2,13
1603,12,5,14,14,8,53
1604,44,105,93,13,2,257
1605,156,27,57,38,25,303
1606,166,42,86,34,17,345
1607,112,2,21,11,4,150
1608,37,18,25,9,4,93
1609,51,3,25,24,2,105
1610,164,10,81,46,13,314
1611,14,44,15,13,3,89
1612,0,5,3,16,0,24
1613,5,1,11,8,1,26
1614,0,2,3,8,0,13
1615,1,2,0,5,3,11
1616,2,4,0,7,0,13
1617,49,6,20,15,2,92
1618,2,3,2,5,0,12
1619,21,1,14,7,2,45
1620,39,6,25,7,16,93
1621,53,3,45,21,3,125
1622,50,7,53,15,8,133
1623,108,14,48,15,54,239
1624,11,2,5,10,5,33
1625,159,53,25,4,3,244
1626,25,9,22,11,9,76
1627,12,3,3,8,3,29
1628,23,2,8,5,4,42
1629,0,5,3,11,1,20
1630,17,2,7,8,1,35
1631,12,4,5,7,1,29
1632,10,11,3,1,0,25
1633,0,0,1,0,0,1
1634,0,0,0,0,0,0
1635,6,2,5,6,2,21
1636,19,5,32,7,1,64
1637,1,0,5,11,1,18
1638,103,5,75,19,21,223
1639,3,2,9,12,0,26
1640,2,4,5,14,6,31
1641,29,27,32,19,5,112
1642,154,10,60,29,23,276
1643,87,12,73,21,25,218
1644,2,4,4,3,2,15
1645,1,0,5,17,3,26
1646,26,11,31,17,9,94
1647,76,12,43,22,10,163
1648,127,11,93,26,6,263
1649,134,33,126,61,38,392
1650,160,41,56,48,18,323
1651,212,16,70,52,14,364
1652,173,30,71,28,21,323
1653,151,12,70,38,16,287
1654,67,16,56,25,15,179
1655,199,24,88,64,18,393
1656,78,11,34,22,8,153
1657,227,27,64,60,41,419
1658,221,14,74,49,25,383
1659,38,19,25,33,17,132
1660,1,5,10,3,0,19
1661,85,19,34,15,6,159
1662,97,10,48,26,5,186
1663,260,7,175,40,8,490
1664,61,15,51,24,7,158
1665,48,12,44,18,5,127
1666,96,7,50,25,4,182
1667,97,9,60,29,12,207
1668,43,12,17,7,5,84
1669,0,2,0,0,1,3
1670,27,2,13,10,2,54
1671,0,0,1,3,0,4
1672,0,0,1,0,1,2
1673,0,0,0,1,1,2
1674,118,13,43,12,5,191
1675,17,2,7,11,3,40
1676,72,7,38,13,8,138
1677,82,7,40,15,9,153
1678,4,4,3,3,1,15
1679,18,1,9,1,1,30
1680,0,1,0,1,1,3
1681,10,7,5,8,3,33
1682,8,4,4,3,2,21
1683,51,5,21,9,1,87
1684,34,3,22,8,7,74
1685,25,5,18,14,4,66
1686,3,0,1,2,0,6
1687,0,0,0,0,0,0
1688,8,1,2,16,1,28
1689,2,0,2,2,0,6
1690,1,0,2,0,0,3
1691,0,0,0,0,0,0
1692,0,0,0,1,1,2
1693,0,2,1,4,0,7
1694,0,0,1,1,1,3
1695,5,3,3,0,1,12
1696,1,0,2,4,1,8
1697,49,11,51,13,34,158
1698,52,19,40,19,16,146
1699,177,227,101,28,11,544
1700,64,6,67,14,17,168
1701,0,0,0,0,3,3
1702,20,14,17,7,3,61
1703,15,1,10,14,5,45
1704,5,9,7,5,3,29
1705,63,7,25,21,7,123
1706,57,18,23,40,20,158
1707,47,6,42,27,8,130
1708,122,11,65,39,7,244
1709,74,14,55,14,28,185
1710,148,9,55,38,46,296
1711,31,9,23,45,9,117
1712,99,9,56,31,4,199
1713,0,1,3,1,0,5
1714,73,16,59,29,20,197
1715,60,10,30,19,13,132
1716,64,20,41,24,16,165
1717,0,7,2,5,3,17
1718,59,15,32,16,3,125
1719,164,10,69,15,11,269
1720,160,9,114,42,12,337
1721,105,36,77,41,14,273
1722,1,5,13,11,3,33
1723,93,9,55,23,4,184
1724,138,15,67,21,13,254
1725,76,8,26,10,4,124
1726,49,83,52,19,61,264
1727,30,51,16,24,14,135
1728,17,3,9,8,4,41
1729,0,2,0,5,3,10
1730,0,0,1,1,0,2
1731,30,8,17,8,0,63
1732,21,10,11,3,3,48
1733,120,5,39,12,8,184
1734,9,1,7,7,14,38
1735,0,1,8,2,0,11
1736,10,0,1,7,0,18
1737,36,4,13,9,4,66
1738,25,5,16,17,2,65
1739,1,2,1,0,0,4
1740,19,2,15,8,3,47
1741,0,0,0,1,1,2
1742,3,3,9,8,3,26
1743,1,0,3,3,0,7
1744,1,0,7,2,0,10
1745,4,0,4,0,0,8
1746,1,1,1,0,0,3
1747,0,0,0,0,0,0
1748,0,0,0,0,0,0
1749,0,0,0,0,0,0
1750,4,2,0,0,2,8
1751,0,1,1,3,3,8
1752,0,1,0,0,0,1
1753,5,2,3,6,2,18
1754,1,4,3,10,1,19
1755,16,0,7,9,2,34
1756,32,6,33,18,4,93
1757,23,2,30,14,10,79
1758,26,3,17,16,4,66
1759,0,1,2,4,1,8
1760,23,7,16,9,5,60
1761,19,7,4,18,4,52
1762,2,0,2,2,3,9
1763,41,16,24,19,13,113
1764,63,6,54,10,5,138
1765,27,11,9,15,8,70
1766,18,8,27,22,7,82
1767,27,11,13,20,9,80
1768,125,24,84,56,19,308
1769,43,12,19,13,6,93
1770,48,11,43,32,8,142
1771,8,8,3,9,0,28
1772,56,8,23,26,4,117
1773,10,9,14,13,4,50
1774,22,10,27,14,4,77
1775,0,4,12,2,1,19
1776,58,9,28,13,5,113
1777,119,13,71,34,21,258
1778,53,5,44,23,8,133
1779,196,15,78,48,39,376
1780,6,9,9,12,2,38
1781,22,8,17,8,2,57
1782,2,2,5,1,0,10
1783,5,20,9,6,12,52
1784,172,227,83,37,105,624
1785,4,0,6,11,5,26
1786,5,6,2,1,16,30
1787,1,0,1,0,1,3
1788,0,0,0,0,0,0
1789,0,0,0,0,0,0
1790,0,0,0,0,0,0
1791,0,0,2,0,0,2
1792,0,0,0,0,0,0
1793,0,1,1,0,0,2
1794,0,0,0,0,0,0
1795,28,1,9,8,3,49
1796,9,4,10,3,2,28
1797,0,0,0,0,0,0
1798,0,0,4,1,1,6
1799,0,1,1,0,0,2
1800,2,0,1,4,0,7
1801,4,0,2,4,3,13
1802,3,0,0,0,0,3
1803,0,0,3,0,0,3
1804,0,0,1,0,0,1
1805,0,0,0,2,0,2
1806,1,0,2,0,0,3
1807,0,0,0,2,0,2
1808,3,0,1,4,0,8
1809,0,0,1,1,0,2
1810,0,1,4,1,0,6
1811,1,0,2,1,0,4
1812,3,6,4,3,1,17
1813,1,1,8,16,0,26
1814,0,0,0,6,1,7
1815,9,2,3,3,1,18
1816,21,8,20,14,0,63
1817,18,11,17,5,0,51
1818,152,12,56,26,16,262
1819,40,14,9,6,3,72
1820,0,2,2,5,2,11
1821,16,4,3,3,1,27
1822,45,17,19,11,4,96
1823,59,18,40,23,13,153
1824,22,11,27,3,2,65
1825,36,10,34,19,9,108
1826,9,4,11,3,0,27
1827,17,12,24,16,6,75
1828,7,3,1,2,3,16
1829,38,9,36,6,1,90
1830,2,4,2,0,0,8
1831,40,19,38,9,9,115
1832,34,31,13,7,4,89
1833,26,26,33,30,9,124
1834,107,11,64,38,6,226
1835,75,7,56,18,4,160
1836,259,18,108,23,31,439
1837,22,11,14,15,2,64
1838,1,4,1,5,0,11
1839,0,1,0,3,0,4
1840,2,0,6,4,6,18
1841,25,81,18,15,4,143
1842,5,1,3,7,4,20
1843,6,1,0,2,0,9
1844,0,0,1,2,3,6
1845,3,0,10,5,1,19
1846,2,1,1,7,1,12
1847,3,2,5,6,1,17
1848,53,5,44,20,5,127
1849,6,1,6,10,8,31
1850,2,2,2,7,0,13
1851,1,0,0,1,0,2
1852,5,1,0,0,0,6
1853,3,0,0,4,0,7
1854,1,0,0,0,1,2
1855,16,1,1,1,1,20
1856,19,1,20,1,5,46
1857,12,2,9,4,11,38
1858,1,2,1,4,2,10
1859,4,0,3,4,4,15
1860,0,0,0,0,0,0
1861,0,0,0,0,0,0
1862,0,0,0,0,0,0
1863,1,0,2,1,0,4
1864,0,0,0,0,0,0
1865,1,1,0,1,0,3
1866,0,0,0,3,0,3
1867,3,0,4,6,0,13
1868,1,1,1,6,0,9
1869,0,0,0,1,0,1
1870,1,0,1,0,1,3
1871,1,2,3,3,0,9
1872,62,9,26,8,0,105
1873,15,3,1,4,0,23
1874,0,1,0,0,0,1
1875,1,3,0,4,0,8
1876,1,2,1,1,0,5
1877,12,5,5,2,0,24
1878,3,4,7,0,0,14
1879,65,16,34,22,4,141
1880,198,22,129,37,30,416
1881,14,5,14,8,0,41
1882,7,3,12,8,2,32
1883,39,10,45,28,15,137
1884,46,34,44,22,11,157
1885,94,20,36,6,9,165
1886,103,16,44,3,2,168
1887,40,8,24,11,3,86
1888,201,30,103,28,25,387
1889,56,10,32,26,5,129
1890,106,12,75,29,18,240
1891,113,8,55,33,14,223
1892,53,6,37,16,4,116
1893,68,9,42,3,4,126
1894,1,6,4,7,0,18
1895,0,0,2,1,0,3
1896,1,0,0,5,1,7
1897,1,1,3,8,2,15
1898,0,0,1,0,1,2
1899,8,1,3,4,0,16
1900,5,0,2,2,1,10
1901,4,2,4,2,0,12
1902,5,1,5,19,0,30
1903,1,1,1,2,1,6
1904,0,0,1,0,0,1
1905,1,4,2,6,1,14
1906,5,2,8,3,2,20
1907,9,0,4,12,1,26
1908,3,1,6,6,0,16
1909,5,2,4,5,6,22
1910,1,0,2,3,1,7
1911,36,2,38,14,2,92
1912,40,2,18,12,5,77
1913,130,13,116,8,9,276
1914,43,4,50,1,6,104
1915,72,2,23,13,3,113
1916,1,1,1,2,0,5
1917,5,3,2,1,0,11
1918,1,0,0,0,0,1
1919,0,0,0,0,0,0
1920,0,0,0,0,0,0
1921,2,1,0,3,0,6
1922,0,0,0,0,0,0
1923,1,0,0,2,0,3
1924,1,0,0,8,1,10
1925,4,1,4,2,0,11
1926,0,0,0,0,0,0
1927,0,0,1,5,0,6
1928,3,4,2,6,1,16
1929,12,2,9,7,8,38
1930,2,3,3,5,8,21
1931,1,0,0,3,0,4
1932,0,2,2,3,3,10
1933,42,12,16,9,0,79
1934,103,22,28,16,1,170
1935,20,15,28,10,0,73
1936,46,22,43,14,2,127
1937,167,29,90,28,12,326
1938,85,8,42,19,3,157
1939,24,6,17,11,5,63
1940,119,12,62,45,8,246
1941,70,6,60,33,24,193
1942,3,1,9,6,2,21
1943,1,0,2,0,1,4
1944,22,11,11,9,2,55
1945,94,10,41,18,8,171
1946,4,5,8,11,5,33
1947,5,5,5,6,1,22
1948,20,3,29,17,3,72
1949,0,0,4,1,0,5
1950,6,1,12,11,2,32
1951,25,8,14,13,7,67
1952,46,1,29,17,3,96
1953,69,3,33,15,3,123
1954,0,0,3,2,1,6
1955,0,0,1,1,1,3
1956,8,0,3,5,0,16
1957,41,2,12,14,10,79
1958,11,4,6,10,3,34
1959,0,4,2,5,2,13
1960,0,0,0,0,0,0
1961,4,5,2,6,1,18
1962,7,1,5,6,2,21
1963,21,4,35,13,6,79
1964,20,1,2,10,0,33
1965,17,3,3,7,1,31
1966,11,1,7,4,3,26
1967,14,3,3,10,4,34
1968,45,1,31,10,4,91
1969,1,2,10,3,2,18
1970,4,4,7,4,3,22
1971,25,4,5,1,0,35
1972,2,8,5,8,0,23
1973,0,0,1,0,0,1
1974,0,2,0,0,0,2
1975,3,3,2,0,1,9
1976,1,0,0,0,0,1
1977,0,0,0,0,0,0
1978,2,0,3,3,0,8
1979,0,1,0,0,0,1
1980,0,0,1,1,0,2
1981,0,2,0,1,0,3
1982,1,1,1,0,0,3
1983,9,1,8,7,7,32
1984,7,3,1,3,3,17
1985,1,5,2,3,5,16
1986,36,7,23,15,4,85
1987,16,10,12,17,3,58
1988,67,7,41,28,6,149
1989,11,0,10,5,2,28
1990,56,1,22,4,0,83
1991,15,17,3,8,0,43
1992,126,23,62,10,12,233
1993,210,9,84,19,19,341
1994,105,6,91,22,4,228
1995,284,6,111,23,8,432
1996,50,19,39,9,6,123
1997,9,8,20,9,9,55
1998,12,2,17,17,4,52
1999,0,0,0,1,0,1
2000,1,1,3,7,2,14
2001,33,7,37,13,1,91
2002,37,4,17,5,1,64
2003,34,18,16,8,5,81
2004,42,31,24,17,14,128
2005,27,7,11,11,3,59
2006,29,3,27,16,4,79
2007,91,22,56,33,4,206
2008,167,4,81,25,4,281
2009,7,2,4,13,5,31
2010,3,0,2,2,0,7
2011,4,1,0,4,1,10
2012,0,0,0,7,1,8
2013,96,11,52,24,19,202
2014,21,6,10,7,9,53
2015,0,3,0,1,0,4
2016,2,3,2,2,3,12
2017,704,302,43,1,4,1054
2018,30,2,18,17,8,75
2019,34,15,24,10,4,87
2020,13,1,7,1,2,24
2021,2,0,4,8,2,16
2022,14,1,6,5,4,30
2023,1,0,2,4,2,9
2024,8,2,2,9,1,22
2025,1,0,0,1,2,4
2026,0,1,3,2,3,9
2027,2,3,0,0,3,8
2028,4,1,1,0,0,6
2029,7,3,3,0,0,13
2030,0,0,0,0,0,0
2031,2,1,2,0,1,6
2032,0,0,0,0,0,0
2033,0,0,2,2,0,4
2034,6,1,3,3,1,14
2035,2,0,2,0,2,6
2036,0,1,0,0,1,2
2037,0,1,2,0,0,3
2038,2,0,2,0,0,4
2039,0,4,0,0,0,4
2040,7,3,12,13,1,36
2041,3,0,1,2,0,6
2042,2,1,1,6,2,12
2043,7,1,5,11,1,25
2044,18,4,15,7,4,48
2045,30,5,17,15,5,72
2046,18,1,22,8,3,52
2047,33,9,31,15,4,92
2048,47,6,46,12,5,116
2049,5,3,12,29,3,52
2050,35,1,19,17,3,75
2051,22,3,27,16,4,72
2052,19,1,14,11,1,46
2053,117,3,25,21,2,168
2054,57,3,30,23,16,129
2055,84,3,68,22,6,183
2056,38,4,37,23,4,106
2057,30,11,27,20,5,93
2058,2,2,5,4,4,17
2059,0,1,3,5,7,16
2060,32,10,22,12,4,80
2061,13,7,6,6,3,35
2062,62,17,32,15,3,129
2063,35,18,47,26,9,135
2064,3,0,3,2,0,8
2065,3,0,0,3,1,7
2066,3,0,1,6,0,10
2067,7,4,1,4,0,16
2068,2,0,2,7,5,16
2069,10,14,7,21,11,63
2070,0,4,3,0,0,7
2071,10,3,4,7,4,28
2072,277,83,30,33,120,543
2073,7,3,7,4,4,25
2074,5,3,4,6,4,22
2075,33,21,10,3,15,82
2076,14,28,9,1,23,75
2077,32,6,31,7,3,79
2078,0,2,3,2,2,9
2079,0,0,2,4,2,8
2080,1,0,4,3,1,9
2081,0,1,3,1,1,6
2082,1,0,2,0,1,4
2083,0,0,0,0,0,0
2084,0,2,1,0,0,3
2085,0,0,0,0,0,0
2086,1,2,0,0,0,3
2087,2,2,0,0,0,4
2088,0,0,2,3,0,5
2089,0,0,0,0,0,0
2090,0,0,0,0,0,0
2091,0,0,0,0,1,1
2092,0,0,0,0,0,0
2093,1,1,0,0,0,2
2094,0,2,2,0,0,4
2095,0,4,13,9,1,27
2096,43,5,27,21,3,99
2097,12,3,16,3,3,37
2098,18,1,17,9,2,47
2099,26,3,17,9,2,57
2100,12,2,8,10,1,33
2101,3,3,2,9,0,17
2102,3,3,5,5,2,18
2103,18,4,18,11,3,54
2104,2,1,3,9,5,20
2105,47,12,13,19,3,94
2106,148,18,21,17,5,209
2107,51,11,41,15,6,124
2108,80,12,37,23,16,168
2109,178,12,143,41,13,387
2110,15,4,20,16,4,59
2111,25,4,25,13,6,73
2112,7,5,11,9,2,34
2113,6,2,5,7,0,20
2114,1,4,7,5,11,28
2115,1,4,2,4,0,11
2116,0,0,2,2,1,5
2117,6,18,6,14,4,48
2118,1,35,3,4,1,44
2119,2,0,1,2,0,5
2120,0,1,0,3,0,4
2121,0,0,0,6,0,6
2122,0,2,10,3,0,15
2123,306,2,13,23,1,345
2124,5,2,2,6,3,18
2125,1,0,0,2,0,3
2126,64,6,11,32,3,116
2127,281,121,29,19,29,479
2128,234,117,15,8,2,376
2129,0,3,3,5,5,16
2130,5,10,4,7,8,34
2131,45,20,27,9,21,122
2132,1,3,3,6,1,14
2133,1,6,2,5,3,17
2134,0,0,2,4,1,7
2135,11,2,5,11,0,29
2136,1,4,2,2,2,11
2137,0,5,2,0,1,8
2138,0,1,0,0,0,1
2139,0,5,0,0,1,6
2140,4,1,4,0,0,9
2141,3,2,0,0,0,5
2142,0,0,0,5,0,5
2143,0,0,0,0,0,0
2144,2,1,1,2,0,6
2145,0,2,0,0,0,2
2146,0,0,0,0,0,0
2147,0,1,0,0,0,1
2148,6,7,5,4,0,22
2149,2,2,2,1,1,8
2150,1,7,0,1,1,10
2151,36,10,7,8,2,63
2152,63,3,40,16,2,124
2153,38,2,12,11,2,65
2154,0,4,4,2,1,11
2155,3,5,1,3,0,12
2156,12,21,10,20,5,68
2157,135,16,54,26,4,235
2158,14,21,23,20,2,80
2159,9,2,5,4,3,23
2160,5,6,10,3,3,27
2161,16,8,3,3,5,35
2162,82,38,33,15,20,188
2163,205,83,131,35,79,533
2164,52,15,33,14,11,125
2165,0,2,1,0,1,4
2166,114,17,65,15,8,219
2167,64,15,23,12,2,116
2168,4,5,22,14,5,50
2169,10,3,11,44,2,70
2170,1,2,1,4,2,10
2171,0,1,0,3,2,6
2172,1,1,0,3,0,5
2173,2,1,4,5,2,14
2174,3,0,4,13,11,31
2175,2,0,8,10,0,20
2176,10,6,14,15,8,53
2177,100,11,50,21,11,193
2178,4,8,8,9,16,45
2179,0,0,0,0,1,1
2180,1,1,0,1,0,3
2181,3,2,2,0,2,9
2182,338,156,37,7,17,555
2183,377,180,36,13,4,610
2184,0,0,2,0,4,6
2185,1,2,1,1,0,5
2186,17,7,3,7,2,36
2187,90,5,18,2,3,118
2188,12,2,7,3,4,28
2189,1,2,3,5,2,13
2190,20,1,13,4,1,39
2191,10,1,12,8,3,34
2192,0,2,0,0,0,2
2193,0,0,0,0,0,0
2194,0,0,1,0,0,1
2195,23,8,9,3,0,43
2196,0,0,0,0,0,0
2197,0,0,0,0,0,0
2198,0,1,1,2,1,5
2199,0,0,0,1,0,1
2200,3,5,0,2,0,10
2201,4,7,1,0,0,12
2202,28,6,17,5,2,58
2203,20,4,6,0,1,31
2204,2,3,0,0,0,5
2205,0,3,0,0,0,3
2206,0,0,1,1,0,2
2207,0,3,0,1,0,4
2208,0,0,0,0,0,0
2209,0,0,0,0,0,0
2210,0,2,0,0,0,2
2211,0,0,0,0,0,0
2212,1,0,0,0,0,1
2213,2,1,4,2,2,11
2214,13,10,13,8,3,47
2215,93,20,55,25,11,204
2216,38,6,30,12,2,88
2217,23,4,16,20,6,69
2218,22,7,25,29,12,95
2219,86,28,61,42,14,231
2220,113,18,51,33,11,226
2221,74,10,63,39,70,256
2222,7,7,37,10,3,64
2223,57,9,45,5,5,121
2224,4,0,7,1,1,13
2225,29,8,40,17,13,107
2226,12,5,6,2,2,27
2227,16,27,11,11,2,67
2228,1,1,1,5,0,8
2229,1,0,2,1,0,4
2230,5,0,2,0,0,7
2231,1,0,1,5,2,9
2232,0,0,2,5,2,9
2233,16,8,15,12,3,54
2234,5,7,5,9,6,32
2235,1,1,3,8,3,16
2236,11,6,5,2,3,27
2237,13,1,4,0,1,19
2238,0,1,1,1,0,3
2239,264,126,33,10,0,433
2240,161,88,21,12,2,284
2241,0,1,1,8,0,10
2242,1,3,5,1,3,13
2243,0,3,3,3,5,14
2244,54,10,31,1,12,108
2245,8,3,4,5,2,22
2246,16,0,8,6,4,34
2247,4,1,7,6,0,18
2248,36,1,16,8,1,62
2249,0,2,0,0,0,2
2250,11,2,5,5,1,24
2251,3,2,6,1,1,13
2252,24,3,16,1,4,48
2253,1,7,3,0,0,11
2254,0,1,1,0,0,2
2255,0,3,0,0,0,3
2256,0,0,0,0,0,0
2257,1,2,0,5,0,8
2258,0,0,0,0,0,0
2259,1,0,0,0,0,1
2260,0,0,1,0,0,1
2261,0,0,0,0,0,0
2262,1,6,1,0,0,8
2263,0,2,2,1,0,5
2264,1,1,0,0,0,2
2265,0,2,0,0,0,2
2266,0,1,0,1,0,2
2267,0,1,0,0,0,1
2268,0,0,0,0,0,0
2269,0,0,0,0,0,0
2270,0,0,0,0,0,0
2271,0,0,0,3,0,3
2272,0,1,0,0,0,1
2273,2,1,0,2,2,7
2274,1,2,1,0,0,4
2275,10,4,4,6,5,29
2276,71,12,47,27,7,164
2277,194,15,70,57,19,355
2278,160,20,103,36,18,337
2279,44,65,55,52,17,233
2280,89,32,58,47,20,246
2281,89,7,73,30,94,293
2282,37,3,39,2,9,90
2283,437,44,98,36,14,629
2284,68,3,66,28,5,170
2285,181,31,101,29,20,362
2286,23,27,26,6,14,96
2287,10,0,2,10,4,26
2288,2,0,1,1,0,4
2289,5,0,4,0,0,9
2290,0,0,2,0,0,2
2291,0,0,1,0,0,1
2292,9,2,7,2,0,20
2293,17,4,10,17,4,52
2294,16,0,7,8,2,33
2295,5,3,2,5,1,16
2296,167,25,5,12,5,214
2297,65,33,8,3,1,110
2298,0,5,0,2,3,10
2299,0,2,1,0,0,3
2300,0,0,5,3,1,9
2301,0,0,0,1,3,4
2302,11,2,6,4,4,27
2303,41,2,10,3,3,59
2304,179,28,79,4,21,311
2305,34,5,16,2,2,59
2306,13,1,4,3,1,22
2307,2,3,1,2,1,9
2308,9,6,5,4,1,25
2309,25,1,5,3,3,37
2310,0,1,0,0,0,1
2311,0,4,2,2,1,9
2312,2,2,1,2,0,7
2313,3,0,3,1,0,7
2314,0,0,0,0,0,0
2315,0,0,0,0,0,0
2316,0,0,0,0,0,0
2317,0,0,0,0,0,0
2318,0,0,0,0,0,0
2319,0,0,0,0,0,0
2320,0,0,0,0,0,0
2321,1,7,3,0,0,11
2322,0,1,0,0,0,1
2323,0,1,1,2,0,4
2324,0,1,1,0,0,2
2325,0,0,0,0,0,0
2326,2,0,0,2,1,5
2327,0,2,0,0,0,2
2328,1,0,0,0,0,1
2329,0,1,0,0,0,1
2330,4,0,0,1,0,5
2331,0,0,0,0,0,0
2332,1,0,2,5,1,9
2333,0,2,4,2,1,9
2334,1,1,1,1,0,4
2335,0,4,0,0,0,4
2336,1,4,0,0,0,5
2337,32,4,17,14,4,71
2338,44,6,24,10,7,91
2339,125,15,60,37,12,249
2340,88,32,39,46,19,224
2341,29,10,28,24,11,102
2342,421,9,109,58,54,651
2343,342,24,113,30,110,619
2344,32,18,107,14,5,176
2345,62,4,60,22,6,154
2346,96,21,57,11,9,194
2347,77,28,43,6,5,159
2348,3,1,2,6,2,14
2349,1,1,1,1,1,5
2350,5,0,2,1,0,8
2351,32,1,30,13,1,77
2352,8,2,11,11,5,37
2353,31,1,23,10,9,74
2354,29,1,9,8,1,48
2355,0,0,2,1,1,4
2356,1,0,0,0,0,1
2357,0,5,2,0,0,7
2358,29,5,7,0,1,42
2359,2,0,3,5,0,10
2360,21,6,11,6,1,45
2361,55,10,15,16,14,110
2362,4,3,5,14,1,27
2363,3,1,8,5,5,22
2364,32,25,11,4,14,86
2365,97,5,55,5,27,189
2366,2,1,2,5,0,10
2367,0,1,1,0,0,2
2368,6,1,3,4,1,15
2369,2,2,4,4,0,12
2370,0,2,0,0,0,2
2371,0,1,0,0,1,2
2372,0,0,1,1,0,2
2373,0,0,0,0,0,0
2374,2,2,2,2,0,8
2375,2,1,2,0,0,5
2376,0,0,0,0,0,0
2377,2,0,0,0,0,2
2378,0,0,2,3,0,5
2379,0,0,0,0,0,0
2380,0,0,0,0,0,0
2381,0,0,0,0,0,0
2382,0,0,1,0,0,1
2383,0,0,0,1,0,1
2384,0,0,0,0,0,0
2385,4,4,1,0,0,9
2386,7,4,0,0,0,11
2387,5,6,0,0,0,11
2388,4,1,0,1,0,6
2389,4,2,0,0,0,6
2390,2,2,0,5,0,9
2391,122,2,44,10,32,210
2392,72,1,12,8,1,94
2393,0,0,0,2,0,2
2394,0,0,0,1,1,2
2395,0,2,0,0,0,2
2396,0,0,0,0,0,0
2397,0,0,0,1,1,2
2398,3,1,1,0,0,5
2399,17,2,9,16,1,45
2400,38,11,24,13,4,90
2401,98,9,100,36,8,251
2402,36,4,27,12,3,82
2403,32,9,26,10,8,85
2404,96,11,48,27,4,186
2405,96,13,52,25,8,194
2406,41,11,15,29,4,100
2407,1,3,5,18,2,29
2408,7,6,6,5,2,26
2409,117,8,53,17,9,204
2410,4,7,9,4,4,28
2411,108,20,43,19,7,197
2412,20,5,14,2,1,42
2413,9,1,3,1,0,14
2414,4,2,3,0,0,9
2415,16,5,4,1,1,27
2416,0,0,0,0,0,0
2417,3,0,0,0,0,3
2418,0,1,9,0,0,10
2419,0,8,2,7,1,18
2420,9,1,13,1,1,25
2421,15,8,13,6,4,46
2422,13,35,11,25,21,105
2423,8,34,11,8,3,64
2424,14,34,12,21,4,85
2425,4,1,3,5,0,13
2426,12,0,2,1,3,18
2427,0,0,1,1,0,2
2428,13,2,6,6,2,29
2429,0,3,4,0,0,7
2430,0,1,1,0,0,2
2431,0,3,1,2,0,6
2432,0,1,1,1,0,3
2433,0,0,0,0,0,0
2434,0,6,2,2,0,10
2435,5,2,0,1,0,8
2436,0,0,0,0,0,0
2437,0,0,0,0,0,0
2438,0,1,0,0,0,1
2439,2,0,0,0,0,2
2440,2,1,0,0,0,3
2441,0,0,0,0,0,0
2442,1,1,0,0,0,2
2443,0,0,0,0,0,0
2444,1,1,1,0,0,3
2445,6,7,4,0,3,20
2446,15,5,10,3,15,48
2447,92,2,49,5,69,217
2448,70,0,16,2,27,115
2449,0,0,0,0,0,0
2450,2,0,0,0,1,3
2451,0,1,0,0,0,1
2452,2,1,0,0,0,3
2453,0,2,1,1,0,4
2454,1,1,0,0,1,3
2455,1,0,1,0,0,2
2456,1,4,0,0,0,5
2457,21,26,17,17,1,82
2458,3,5,8,14,3,33
2459,4,0,2,3,1,10
2460,24,7,22,17,7,77
2461,64,8,44,23,7,146
2462,22,2,32,7,2,65
2463,0,0,2,0,1,3
2464,30,6,25,10,6,77
2465,77,31,51,14,9,182
2466,11,4,4,1,0,20
2467,0,4,1,4,4,13
2468,9,4,6,2,0,21
2469,4,2,7,2,0,15
2470,4,5,1,2,0,12
2471,3,1,3,3,0,10
2472,0,2,5,3,0,10
2473,1,0,0,0,0,1
2474,0,2,35,0,0,37
2475,4,7,12,5,0,28
2476,0,1,1,0,0,2
2477,2,0,0,8,3,13
2478,17,2,6,1,3,29
2479,8,5,3,2,2,20
2480,4,3,4,6,1,18
2481,0,1,0,0,0,1
2482,1,2,3,2,3,11
2483,0,1,0,3,0,4
2484,6,21,5,19,5,56
2485,7,5,10,10,1,33
2486,1,0,5,4,0,10
2487,0,2,1,0,0,3
2488,0,0,0,3,1,4
2489,0,0,1,1,0,2
2490,0,0,0,0,0,0
2491,6,1,3,1,0,11
2492,0,0,0,0,0,0
2493,0,0,0,0,0,0
2494,0,0,0,0,0,0
2495,0,0,0,0,0,0
2496,4,1,1,0,1,7
2497,0,1,0,0,0,1
2498,1,0,0,0,0,1
2499,0,0,0,0,0,0
2500,5,0,1,0,2,8
2501,1,0,0,0,0,1
2502,7,0,3,3,5,18
2503,67,8,31,3,40,149
2504,13,9,7,0,4,33
2505,0,2,2,0,0,4
2506,1,0,0,0,0,1
2507,0,0,0,0,0,0
2508,1,1,0,1,0,3
2509,0,0,1,1,0,2
2510,0,0,0,0,0,0
2511,0,0,0,1,1,2
2512,0,4,2,0,0,6
2513,8,14,10,1,0,33
2514,0,0,2,0,0,2
2515,2,3,3,6,2,16
2516,0,2,1,2,2,7
2517,7,0,9,15,4,35
2518,0,2,2,7,0,11
2519,0,0,0,1,0,1
2520,0,1,0,3,3,7
2521,0,0,1,0,1,2
2522,8,9,7,3,0,27
2523,1,1,1,1,1,5
2524,3,0,0,1,1,5
2525,0,2,1,2,0,5
2526,0,0,0,0,0,0
2527,0,0,0,0,0,0
2528,0,3,0,2,0,5
2529,4,4,0,3,0,11
2530,10,6,6,2,1,25
2531,15,3,11,2,2,33
2532,2,0,3,4,2,11
2533,0,3,5,5,0,13
2534,2,0,1,1,1,5
2535,18,3,4,1,0,26
2536,9,1,5,4,1,20
2537,3,3,4,4,0,14
2538,0,3,0,2,1,6
2539,0,0,0,0,0,0
2540,0,2,2,0,0,4
2541,0,4,4,2,0,10
2542,1,2,1,2,0,6
2543,0,1,1,1,0,3
2544,0,3,2,4,0,9
2545,2,3,2,1,0,8
2546,6,1,4,2,2,15
2547,2,1,6,1,0,10
2548,17,1,13,3,0,34
2549,2,2,4,1,0,9
2550,1,0,0,0,0,1
2551,0,0,0,0,0,0
2552,0,0,0,0,0,0
2553,4,0,0,0,1,5
2554,2,1,0,0,0,3
2555,0,0,0,0,0,0
2556,6,0,1,0,0,7
2557,3,0,0,1,1,5
2558,1,1,0,5,0,7
2559,0,1,0,8,0,9
2560,2,0,4,3,2,11
2561,0,8,2,0,0,10
2562,1,5,0,0,0,6
2563,0,2,0,1,0,3
2564,0,1,0,2,0,3
2565,2,0,0,0,0,2
2566,1,3,0,0,1,5
2567,1,0,0,0,0,1
2568,0,0,0,0,0,0
2569,15,1,11,2,0,29
2570,15,12,6,2,1,36
2571,2,4,4,6,0,16
2572,0,1,0,3,0,4
2573,3,3,1,10,0,17
2574,0,0,0,2,0,2
2575,0,2,0,2,0,4
2576,0,2,0,1,0,3
2577,3,2,0,8,2,15
2578,0,2,2,0,0,4
2579,2,1,1,1,0,5
2580,2,5,4,4,2,17
2581,0,0,0,0,0,0
2582,0,1,0,1,0,2
2583,0,3,0,1,0,4
2584,5,13,0,3,1,22
2585,11,7,3,0,0,21
2586,1,6,1,1,0,9
2587,1,0,0,0,0,1
2588,4,1,2,3,0,10
2589,6,4,0,1,0,11
2590,0,2,0,2,0,4
2591,29,19,5,1,0,54
2592,53,25,28,1,0,107
2593,0,1,2,1,1,5
2594,2,2,6,5,2,17
2595,3,3,1,3,0,10
2596,0,2,1,3,0,6
2597,1,2,0,1,2,6
2598,1,18,1,1,1,22
2599,0,5,2,1,0,8
2600,0,0,1,4,0,5
2601,0,1,0,0,0,1
2602,0,0,0,0,0,0
2603,3,4,3,0,0,10
2604,0,0,0,0,0,0
2605,0,0,0,0,0,0
2606,3,0,1,0,0,4
2607,0,0,0,1,0,1
2608,0,0,0,0,0,0
2609,0,0,0,0,0,0
2610,9,3,7,1,0,20
2611,20,5,7,1,0,33
2612,12,4,4,10,5,35
2613,2,0,0,2,0,4
2614,2,1,0,0,0,3
2615,1,0,2,0,1,4
2616,0,0,0,0,0,0
2617,6,8,3,3,0,20
2618,4,13,0,0,0,17
2619,0,1,1,0,0,2
2620,0,0,0,0,0,0
2621,1,2,0,0,0,3
2622,0,0,0,0,0,0
2623,0,0,0,0,0,0
2624,28,6,10,1,1,46
2625,2,5,0,4,0,11
2626,3,2,0,4,1,10
2627,11,0,10,13,1,35
2628,2,0,2,0,0,4
2629,0,1,1,1,0,3
2630,0,0,0,0,0,0
2631,0,0,0,0,0,0
2632,1,3,0,1,0,5
2633,1,0,0,0,0,1
2634,0,0,0,0,0,0
2635,3,9,4,3,0,19
2636,3,3,1,1,1,9
2637,0,5,0,0,0,5
2638,1,6,0,2,0,9
2639,4,7,3,2,0,16
2640,1,4,2,1,0,8
2641,0,1,0,0,0,1
2642,0,0,0,0,0,0
2643,1,6,3,3,1,14
2644,7,3,1,0,0,11
2645,0,3,1,0,1,5
2646,13,8,17,0,1,39
2647,53,22,126,7,2,210
2648,28,2,7,1,1,39
2649,0,2,4,3,1,10
2650,0,0,0,0,0,0
2651,1,0,0,0,0,1
2652,1,0,0,0,0,1
2653,2,17,1,6,3,29
2654,1,5,0,1,0,7
2655,0,1,2,0,0,3
2656,0,0,0,0,0,0
2657,0,3,0,0,0,3
2658,4,1,0,1,0,6
2659,0,1,3,0,0,4
2660,1,0,0,0,0,1
2661,4,2,1,4,0,11
2662,1,0,0,0,0,1
2663,4,3,1,0,0,8
2664,3,1,5,1,0,10
2665,8,1,2,0,0,11
2666,26,2,5,6,14,53
2667,3,0,0,2,1,6
2668,2,1,0,0,0,3
2669,0,0,0,0,0,0
2670,0,0,0,0,0,0
2671,1,0,0,0,0,1
2672,2,0,0,0,0,2
2673,0,0,0,0,0,0
2674,0,0,0,0,0,0
2675,0,0,0,0,0,0
2676,0,0,0,0,0,0
2677,0,0,0,0,0,0
2678,8,2,5,3,1,19
2679,3,7,3,0,0,13
2680,1,1,0,0,0,2
2681,5,1,1,1,0,8
2682,6,3,13,9,3,34
2683,0,3,0,0,0,3
2684,0,0,0,0,0,0
2685,0,0,0,0,0,0
2686,0,0,0,0,0,0
2687,0,0,0,0,0,0
2688,0,0,0,0,0,0
2689,4,13,1,2,1,21
2690,20,17,19,6,2,64
2691,1,1,0,0,0,2
2692,6,3,3,0,0,12
2693,36,16,20,7,1,80
2694,11,17,11,4,1,44
2695,10,6,6,1,1,24
2696,13,6,6,0,1,26
2697,10,6,7,1,1,25
2698,32,14,23,7,1,77
2699,19,9,1,1,1,31
2700,2,2,2,1,0,7
2701,3,3,0,0,0,6
2702,15,3,11,2,0,31
2703,0,7,0,0,0,7
2704,0,0,0,0,0,0
2705,7,1,0,0,0,8
2706,5,2,2,2,0,11
2707,1,5,1,0,1,8
2708,0,0,0,0,0,0
2709,0,0,0,0,0,0
2710,4,0,0,0,0,4
2711,0,1,1,0,0,2
2712,1,3,0,2,0,6
2713,0,5,3,0,0,8
2714,0,0,0,0,0,0
2715,0,0,0,0,0,0
2716,2,2,2,0,0,6
2717,2,4,0,1,0,7
2718,0,3,0,0,0,3
2719,5,5,2,2,0,14
2720,40,4,17,2,0,63
2721,17,1,11,8,0,37
2722,6,4,8,8,1,27
2723,8,1,1,0,0,10
2724,7,3,1,0,1,12
2725,0,0,0,0,0,0
2726,1,0,0,0,0,1
2727,0,0,0,0,0,0
2728,1,0,0,0,0,1
2729,6,1,0,0,0,7
2730,0,0,0,0,0,0
2731,0,1,0,0,0,1
2732,9,4,4,3,0,20
2733,7,1,0,0,0,8
2734,0,1,0,0,0,1
2735,8,2,3,7,0,20
2736,0,8,0,10,0,18
2737,7,9,25,3,0,44
2738,7,9,5,0,2,23
2739,4,1,0,1,0,6
2740,0,0,0,0,0,0
2741,0,0,0,0,0,0
2742,0,0,0,0,0,0
2743,1,0,0,0,0,1
2744,0,4,2,0,0,6
2745,144,35,20,9,3,211
2746,18,17,23,8,2,68
2747,0,6,4,0,0,10
2748,1,0,1,0,0,2
2749,0,3,0,0,0,3
2750,3,1,1,1,0,6
2751,3,2,0,0,0,5
2752,0,2,0,2,0,4
2753,14,10,6,1,1,32
2754,13,15,6,2,0,36
2755,13,2,15,2,0,32
2756,10,5,0,2,0,17
2757,0,1,2,4,0,7
2758,107,36,5,3,2,153
2759,26,4,4,0,0,34
2760,0,2,0,1,0,3
2761,0,1,0,0,0,1
2762,5,4,2,1,1,13
2763,16,9,8,0,0,33
2764,8,7,8,2,0,25
2765,0,0,0,0,0,0
2766,0,3,0,0,0,3
2767,1,0,0,0,0,1
2768,2,2,0,0,0,4
2769,1,4,0,0,0,5
2770,1,0,1,0,0,2
2771,81,8,24,1,1,115
2772,41,6,14,1,0,62
2773,3,3,3,4,1,14
2774,5,0,3,0,0,8
2775,3,0,0,0,1,4
2776,4,0,0,0,0,4
2777,6,0,0,0,0,6
2778,0,0,0,1,0,1
2779,2,0,0,0,0,2
2780,2,2,0,2,0,6
2781,0,0,0,0,0,0
2782,4,0,0,0,0,4
2783,0,0,0,0,2,2
2784,1,2,0,3,0,6
2785,0,0,0,2,0,2
2786,0,0,5,3,3,11
2787,44,9,22,14,4,93
2788,1,18,4,15,4,42
2789,4,9,4,2,1,20
2790,29,5,22,9,4,69
2791,12,7,12,3,2,36
2792,4,6,3,1,0,14
2793,1,4,0,0,0,5
2794,0,0,0,0,0,0
2795,10,3,4,1,0,18
2796,15,12,23,2,0,52
2797,11,27,10,10,0,58
2798,30,25,8,8,1,72
2799,0,4,2,6,1,13
2800,0,0,0,0,0,0
2801,1,1,1,0,0,3
2802,0,0,0,0,0,0
2803,11,2,8,2,2,25
2804,24,13,2,3,2,44
2805,96,34,6,2,1,139
2806,8,1,7,1,1,18
2807,8,8,4,3,0,23
2808,21,10,12,5,2,50
2809,45,16,25,10,4,100
2810,20,5,7,1,0,33
2811,1,0,2,0,0,3
2812,0,0,0,0,0,0
2813,2,0,0,0,1,3
2814,2,4,1,0,1,8
2815,3,0,0,0,0,3
2816,2,3,0,6,1,12
2817,7,5,5,1,0,18
2818,63,3,14,1,0,81
2819,0,1,0,0,0,1
2820,2,0,0,0,0,2
2821,3,2,1,1,0,7
2822,4,0,0,0,0,4
2823,5,1,0,0,0,6
2824,2,0,1,2,0,5
2825,2,1,0,0,0,3
2826,4,0,0,0,0,4
2827,0,0,0,0,0,0
2828,0,0,1,0,0,1
2829,0,0,0,6,0,6
2830,1,2,1,1,0,5
2831,1,1,5,1,0,8
2832,29,1,16,10,1,57
2833,6,1,5,9,2,23
2834,2,10,1,7,0,20
2835,11,3,13,0,0,27
2836,66,15,26,2,6,115
2837,107,9,34,12,4,166
2838,127,8,45,18,14,212
2839,74,17,26,7,13,137
2840,110,13,54,23,12,212
2841,90,26,37,17,11,181
2842,119,14,62,13,11,219
2843,6,17,1,11,1,36
2844,0,1,0,0,0,1
2845,66,10,8,1,0,85
2846,58,18,6,10,0,92
2847,0,0,0,0,0,0
2848,62,31,127,6,12,238
2849,72,46,54,1,6,179
2850,0,4,1,0,0,5
2851,1,1,0,0,0,2
2852,2,1,2,0,0,5
2853,1,0,0,0,0,1
2854,0,0,0,0,0,0
2855,0,0,0,0,0,0
2856,1,0,0,0,1,2
2857,1,4,0,0,0,5
2858,4,0,1,0,0,5
2859,3,2,0,0,1,6
2860,8,3,1,1,1,14
2861,3,0,0,1,0,4
2862,1,1,0,0,0,2
2863,0,0,1,0,0,1
2864,0,0,0,0,0,0
2865,5,1,0,0,0,6
2866,5,0,0,2,3,10
2867,0,0,0,0,0,0
2868,1,0,0,0,0,1
2869,0,0,0,0,0,0
2870,0,0,0,0,0,0
2871,1,2,0,0,0,3
2872,0,2,3,0,0,5
2873,2,3,0,1,0,6
2874,2,4,3,4,1,14
2875,32,18,17,21,4,92
2876,0,11,0,2,0,13
2877,2,1,2,3,2,10
2878,8,5,2,5,4,24
2879,1,3,0,3,0,7
2880,0,0,0,0,0,0
2881,0,1,0,0,0,1
2882,1,1,0,5,0,7
2883,33,2,26,13,4,78
2884,0,2,0,1,2,5
2885,24,10,17,14,6,71
2886,0,2,0,1,1,4
2887,0,0,0,0,0,0
2888,0,8,0,2,1,11
2889,12,6,5,1,0,24
2890,4,0,2,1,0,7
2891,4,0,0,0,0,4
2892,2,3,2,0,0,7
2893,1,0,0,0,0,1
2894,0,0,0,0,0,0
2895,2,2,2,0,0,6
2896,0,1,0,0,0,1
2897,4,3,0,0,0,7
2898,0,0,0,0,0,0
2899,0,0,0,0,5,5
2900,0,1,0,0,0,1
2901,0,3,2,0,0,5
2902,12,1,2,0,0,15
2903,1,1,1,0,0,3
2904,2,0,0,0,0,2
2905,0,0,0,0,0,0
2906,1,0,0,0,0,1
2907,6,6,0,4,1,17
2908,0,0,0,0,0,0
2909,0,0,0,0,0,0
2910,0,0,0,0,0,0
2911,0,0,1,1,0,2
2912,2,3,0,0,0,5
2913,1,5,4,1,0,11
2914,2,0,4,1,0,7
2915,0,1,1,1,0,3
2916,0,4,1,5,0,10
2917,4,2,11,6,2,25
2918,0,1,0,0,0,1
2919,0,3,0,8,1,12
2920,0,1,0,0,0,1
2921,2,4,0,1,0,7
2922,0,0,0,0,0,0
2923,0,0,0,0,0,0
2924,0,5,1,8,0,14
2925,20,4,6,10,4,44
2926,0,0,0,0,0,0
2927,6,0,3,4,4,17
2928,11,5,6,6,5,33
2929,3,0,1,3,0,7
2930,1,1,1,0,1,4
2931,0,4,1,1,0,6
2932,21,32,13,6,3,75
2933,0,0,0,0,0,0
2934,0,1,0,0,0,1
2935,1,1,0,0,0,2
2936,1,0,1,0,0,2
2937,0,0,0,0,0,0
2938,4,2,1,0,0,7
2939,0,1,0,0,0,1
2940,0,0,0,0,0,0
2941,3,0,2,0,0,5
2942,1,0,0,0,0,1
2943,0,0,0,0,0,0
2944,4,1,0,0,0,5
2945,1,0,0,0,1,2
2946,0,0,0,1,1,2
2947,0,0,0,0,0,0
2948,0,0,1,0,0,1
2949,1,0,2,0,1,4
2950,0,1,0,0,0,1
2951,0,3,0,3,0,6
2952,0,0,0,0,0,0
2953,0,0,0,0,0,0
2954,0,0,0,0,0,0
2955,0,3,2,1,0,6
2956,2,0,0,1,0,3
2957,2,3,0,2,1,8
2958,0,6,0,1,0,7
2959,0,0,0,0,0,0
2960,0,0,0,0,0,0
2961,0,3,0,0,0,3
2962,2,1,0,0,0,3
2963,0,3,0,1,0,4
2964,1,6,0,2,0,9
2965,28,5,14,1,5,53
2966,2,1,0,0,1,4
2967,4,3,2,0,0,9
2968,0,1,0,0,0,1
2969,2,2,6,2,2,14
2970,0,9,1,0,0,10
2971,1,1,1,6,0,9
2972,1,1,2,0,0,4
2973,0,1,0,0,0,1
2974,0,0,0,0,0,0
2975,0,0,0,0,0,0
2976,3,0,0,0,1,4
2977,2,0,0,0,0,2
2978,1,0,0,0,0,1
2979,1,1,0,0,1,3
2980,0,1,0,1,0,2
2981,0,0,0,0,0,0
2982,0,0,0,0,0,0
2983,1,0,0,0,0,1
2984,0,0,0,0,0,0
2985,0,1,0,0,0,1
2986,0,0,0,0,0,0
2987,2,0,0,0,0,2
2988,20,3,13,3,0,39
2989,0,0,0,0,0,0
2990,2,1,0,0,0,3
2991,1,1,1,1,0,4
2992,1,0,2,0,0,3
2993,2,1,0,0,0,3
2994,0,3,0,0,0,3
2995,0,0,0,0,0,0
2996,0,0,0,0,0,0
2997,2,3,0,1,0,6
2998,1,1,0,0,0,2
2999,5,1,1,0,1,8
3000,0,0,1,0,0,1
3001,0,1,0,0,0,1
3002,0,3,2,2,1,8
3003,1,0,0,0,0,1
3004,0,2,0,0,0,2
3005,1,1,0,3,0,5
3006,0,1,0,0,0,1
3007,0,1,0,0,0,1
3008,2,1,0,0,0,3
3009,18,7,8,1,1,35
3010,1,0,0,1,0,2
3011,1,0,0,0,0,1
3012,1,0,0,0,0,1
3013,0,0,0,0,0,0
3014,0,1,1,0,0,2
3015,2,1,0,0,0,3
3016,0,0,0,1,0,1
3017,2,0,0,1,0,3
3018,1,2,1,0,0,4
3019,0,0,0,0,0,0
3020,1,0,0,0,0,1
3021,2,4,0,0,0,6
3022,2,8,2,1,0,13
3023,0,0,0,0,0,0
3024,0,2,0,0,0,2
3025,1,0,0,0,0,1
3026,1,1,0,0,0,2
3027,0,0,1,0,0,1
3028,0,0,0,0,0,0
3029,0,0,0,0,0,0
3030,2,1,1,0,0,4
3031,1,0,0,0,0,1
3032,0,1,0,0,0,1
3033,0,0,0,0,0,0
3034,0,1,0,0,0,1
3035,0,0,0,0,0,0
3036,0,2,0,0,0,2
3037,2,1,1,0,0,4
3038,12,0,3,0,0,15
3039,1,2,1,0,0,4
3040,1,0,0,0,0,1
3041,3,0,0,0,0,3
3042,1,4,0,0,0,5
3043,0,0,0,0,0,0
3044,0,1,3,2,1,7
3045,0,0,0,0,0,0
3046,0,0,1,0,0,1
3047,0,0,0,0,0,0
3048,0,0,0,0,0,0
3049,0,0,0,0,0,0
3050,0,1,0,0,0,1
3051,1,0,0,0,0,1
3052,0,0,0,0,0,0
3053,0,2,0,0,0,2
3054,1,1,0,0,0,2
3055,0,0,1,0,0,1
3056,0,1,0,0,0,1
3057,0,1,0,0,0,1
3058,1,1,0,0,0,2
3059,0,0,0,0,0,0
3060,1,1,0,0,0,2
3061,1,0,0,0,0,1
3062,4,3,1,0,0,8
3063,0,1,0,0,0,1
3064,0,0,0,0,0,0
3065,1,0,0,0,0,1
3066,0,0,0,0,0,0
3067,0,0,0,0,0,0
3068,0,0,0,0,0,0
3069,0,0,0,0,0,0
3070,0,0,0,0,0,0
3071,0,0,1,0,0,1
3072,0,0,0,0,0,0
3073,1,1,0,0,0,2
3074,0,0,0,0,0,0
3075,0,0,0,0,0,0
3076,0,0,0,0,0,0
3077,0,0,0,0,0,0
3078,0,0,0,0,0,0
3079,0,1,0,0,0,1
3080,0,2,0,0,0,2
3081,0,0,0,0,0,0
3082,0,1,0,0,0,1
3083,0,1,0,0,0,1
3084,0,0,0,0,0,0
3085,1,3,0,0,0,4
3086,0,1,0,0,0,1
3087,0,0,0,0,0,0
3088,0,0,0,0,0,0
3089,0,0,0,0,0,0
3090,1,1,0,0,0,2
3091,1,0,0,0,0,1
3092,0,0,0,0,0,0
3093,0,0,0,0,0,0
3094,0,3,0,0,0,3
3095,0,0,0,0,0,0
3096,0,0,0,0,0,0
3097,0,0,1,0,0,1
3098,0,0,0,0,0,0
3099,0,0,0,0,0,0
3100,1,0,0,0,0,1
3101,1,0,0,0,0,1
3102,0,0,0,0,0,0
3103,2,0,0,0,0,2
3104,0,0,0,0,0,0
3105,0,1,0,0,0,1
3106,0,0,0,0,0,0
3107,0,1,0,0,0,1
3108,0,0,0,0,0,0
3109,0,0,0,0,0,0
3110,0,0,0,0,0,0
3111,0,0,2,0,0,2
3112,0,1,0,0,0,1
3113,0,0,0,0,0,0
3114,0,0,0,0,0,0
3115,0,0,0,0,0,0
3116,0,1,0,0,0,1
3117,0,0,0,0,0,0
3118,0,0,0,0,0,0
3119,0,0,0,0,0,0
3120,0,0,0,0,0,0
3121,0,0,0,0,0,0
3122,0,0,0,0,0,0
3123,0,0,0,0,0,0
3124,0,0,0,0,0,0
3125,1,0,0,0,0,1
3126,0,1,0,0,0,1
3127,0,0,0,0,0,0
3128,0,0,0,0,0,0
3129,0,1,0,0,0,1
3130,11,3,1,1,1,17
3131,0,0,0,0,0,0
3132,0,0,0,0,0,0
3133,0,0,0,0,0,0
3134,0,0,0,0,0,0
3135,0,0,0,0,0,0
3136,0,0,1,0,0,1
3137,1,1,0,0,1,3
3138,0,0,0,0,0,0
3139,0,0,0,0,0,0
3140,0,0,0,0,0,0
3141,0,0,0,0,0,0
3142,0,0,0,0,0,0
3143,0,0,0,0,0,0
3144,0,0,0,0,0,0
3145,0,0,0,0,0,0
3146,0,0,0,0,0,0
3147,0,0,1,0,0,1
3148,0,0,0,0,0,0
3149,0,0,0,0,0,0
3150,0,0,0,0,0,0
